ID,Area,City,Restaurant,Price,Avg ratings,Total ratings,Address,Delivery time,Food Type
427393,Prahlad Nagar,Ahmedabad,Moms Makhni Punjabi Food,300,2.9,80,Prahlad Nagar,51,Indian
418299,Alipore,Kolkata,Roz Aana Punjab,300,2.9,80,Alipore,88,Indian
415742,Rohini,Delhi,Dhaam Kitchen,300,2.9,80,Rohini,47,Indian
407008,Nallakunta & Vidyanagar,Hyderabad,Polpat,300,2.9,80,Nallakunta & Vidyanagar,50,Indian
400357,Annanagar,Chennai,Kolambu Box,300,2.9,80,Annanagar,62,Indian
385768,Indiranagar,Bangalore,Laali Da Dhaba,300,2.9,80,Indiranagar,66,Indian
384883,Nallakunta & Vidyanagar,Hyderabad,Radhe Family Dhaba,300,2.9,80,Nallakunta & Vidyanagar,41,Indian
299060,Kothrud,Pune,Mumma'S Food,300,2.9,80,Indira Shankar Nagari,70,Indian
85352,Adajan,Surat,Dil Se Re,300,2.9,80,Imperial Square,56,Indian
466928,Kurla,Mumbai,Shane Ahmedi Hotel,300,2.9,80,Kurla,39,Indian
466304,Kurla,Mumbai,Al Zaika Dhaba,300,2.9,80,Kurla,30,Indian
458302,Marol Sakinaka,Mumbai,Mallika Bar And Family Restaurant,300,2.9,80,Marol Sakinaka,42,Indian
456649,Koramangala,Bangalore,English Thyme Restaurant,300,2.9,80,Koramangala,59,Indian
455376,Banashankari,Bangalore,Thali Wala,300,2.9,80,Banashankari,62,Indian
454488,Shivaji Nagar,Pune,New Neeta Veg And Nonveg,300,2.9,80,Shivaji Nagar,37,Indian
450219,Purasawalkam,Chennai,New Hotel Madina Biriyani,300,2.9,80,Purasawalkam,49,Indian
447106,Dumdum,Kolkata,Wakhani,300,2.9,80,Dumdum,75,Indian
441726,Adajan,Surat,Bhandari Chakhna,300,2.9,80,Adajan,57,Indian
438583,Annanagar,Chennai,The Burp Factory,300,2.9,80,Annanagar,76,Indian
437555,Annanagar,Chennai,Illis Group Of Restaurants,300,2.9,80,Annanagar,74,Indian
437213,Powai,Mumbai,Double Decker,300,2.9,80,Powai,52,Indian
437151,South Kolkata,Kolkata,The Lunch Box Company,300,2.9,80,South Kolkata,72,Indian
434237,Kurla,Mumbai,Lark Pure Vegetarian Restaurant,300,2.9,80,Kurla,40,Indian
433181,Kurla,Mumbai,Nityanand Family Restaurant Manglorian Style,300,2.9,80,Kurla,43,Indian
429251,Royapettah,Chennai,Madras Military Hotel,300,2.9,80,Royapettah,56,Indian
428356,Salt Lake,Kolkata,25 Main Street Cafe,300,2.9,80,Salt Lake,76,Indian
428125,Dumdum,Kolkata,Suswadu,300,2.9,80,Dumdum,69,Indian
427945,Egmore,Chennai,Ra3,300,2.9,80,Egmore,49,Indian
424255,Marol Sakinaka,Mumbai,Saki Darbar,300,2.9,80,Marol Sakinaka,55,Indian
422757,Kestopur,Kolkata,Heavens Kitchen,300,2.9,80,Salt Lake,109,Indian
420370,Begumpet,Hyderabad,Tanisi Multicuisine Restaurant,300,2.9,80,Begumpet,58,Indian
418950,Camp,Pune,Malabar Restaurant,300,2.9,80,Camp,36,Indian
418585,Rohini,Delhi,Chicken Khurana,300,2.9,80,Rohini,48,Indian
415445,Kurla,Mumbai,Khurram Bhai,300,2.9,80,Kurla,46,Indian
414939,Adajan,Surat,Eggs Cafe,300,2.9,80,Adajan,82,Indian
413609,Alipore,Kolkata,Chinese Empire,300,2.9,80,Alipore,96,Indian
411882,Rohini,Delhi,Mdh Masala Legendry Since 1960,300,2.9,80,Rohini,60,Indian
411874,Rohini,Delhi,Express Sanjha Chulha Pure Veg,300,2.9,80,Rohini,63,Indian
411689,Lake Town,Kolkata,Parasnath Fast Food,300,2.9,80,Lake Town,80,Indian
411194,Kurla,Mumbai,Cafe Samrat,300,2.9,80,Kurla,41,Indian
409015,Gariahat,Kolkata,The Banglar Rannaghar,300,2.9,80,South Kolkata,76,Indian
407686,Maninagar,Ahmedabad,Haanji Amritsari Kulchas,300,2.9,80,Maninagar,44,Indian
404853,Central Kolkata,Kolkata,Al-Baik,300,2.9,80,Central Kolkata,52,Indian
403655,Paschim Vihar,Delhi,Mehendiram Restaurant & Mocktail Bar,300,2.9,80,Paschim Vihar,52,Indian
403209,Kurla,Mumbai,Raje Misal,300,2.9,80,Kurla,44,Indian
402000,Marol Sakinaka,Mumbai,Udupi Veg Fast Food,300,2.9,80,Marol Sakinaka,57,Indian
401160,Shantinagar,Bangalore,Tadka Cafe,300,2.9,80,Shantinagar,57,Indian
399764,Vishrantwadi,Pune,Magic Bites,300,2.9,80,Vishrantwadi,65,Indian
399189,Navrangpura,Ahmedabad,Kailash Omlet Center,300,2.9,80,Navrangpura,44,Indian
398386,Kothrud,Pune,Parth Veg Nonveg,300,2.9,80,Kothrud,65,Indian
396976,Nallakunta & Vidyanagar,Hyderabad,Mamaz Almandi,300,2.9,80,Nallakunta & Vidyanagar,48,Indian
396069,Central Kolkata,Kolkata,New Nijam Biryani & Fast Food,300,2.9,80,Central Kolkata,60,Indian
394267,Kothapet & Dilsukhnagar,Hyderabad,Hasrat Catering India,300,2.9,80,Kothapet & Dilsukhnagar,46,Indian
393388,Lake Town,Kolkata,The Cloud Express,300,2.9,80,Kestopur,84,Indian
392431,Adajan,Surat,Breadoze Fast Food,300,2.9,80,Adajan,52,Indian
385375,Naranpura,Ahmedabad,Rasthal Restaurant,300,2.9,80,Naranpura,51,Indian
383057,Chandkheda,Ahmedabad,S N Blu- The Food Library,300,2.9,80,Chandkheda,80,Indian
378475,Dumdum,Kolkata,Ananda Mela Confectionery,300,2.9,80,Dumdum,75,Indian
376701,Baguiati,Kolkata,Rajgharana,300,2.9,80,Lake Town,88,Indian
376009,Frazer Town,Bangalore,Renuka Foods,300,2.9,80,Frazer Town,54,Indian
371799,Aminjikarai,Chennai,Big Show Restaurant,300,2.9,80,Arumbakkam,61,Indian
370418,Santacruz East,Mumbai,Shri Laxmi Lunch Home,300,2.9,80,Scruz Bandra East,40,Indian
367946,Ballygunge,Kolkata,The Magical Place,300,2.9,80,Central Kolkata,62,Indian
366304,Shukrawar Peth,Pune,Hotel Aasra Biryani House,300,2.9,80,Swargate,45,Indian
364741,Sion,Mumbai,Raju Ki Rasoi,300,2.9,80,Matunga Wadala,56,Indian
355111,Kurla West,Mumbai,Janta Lunch Home,300,2.9,80,Kurla,37,Indian
353433,Mota Varachha,Surat,Cracked Egg,300,2.9,80,Mota Varachha,65,Indian
352917,Rohini,Delhi,Desi Cafe,300,2.9,80,Rohini,51,Indian
347748,Huda Complex,Hyderabad,Zaika Bites,300,2.9,80,Kothapet & Dilsukhnagar,57,Indian
346056,Bhowanipore,Kolkata,Cha Bar Allenby,300,2.9,80,Central Kolkata,67,Indian
344853,Koramangala,Bangalore,Btc (Bathinda Thali Company),300,2.9,80,Koramangala,58,Indian
340595,Ejipura,Bangalore,Lucky Fast Food,300,2.9,80,Koramangala,59,Indian
340417,Raja Annamalai Puram,Chennai,Madras Kebab Factory,300,2.9,80,T Nagar,78,Indian
339988,Gowliguda,Hyderabad,Shawarma And Chinese Fast Food,300,2.9,80,Himayath Nagar,34,Indian
336796,Paschim Vihar,Delhi,Kabab Hut,300,2.9,80,Paschim Vihar,49,Indian
334214,Ghatkopar,Mumbai,Restaurant Manna,300,2.9,80,Ghatkopar Vikhroli,60,Indian
331940,Santacruz East,Mumbai,Talk Tikka,300,2.9,80,Scruz Bandra East,47,Indian
331513,Malleshwaram,Bangalore,The Golden Scoop,300,2.9,80,Malleshwaram,61,Indian
330317,Erandwane,Pune,Food Junction,300,2.9,80,Kothrud,46,Indian
325907,Erandwane,Pune,Karlos Pasta Pizza & Grills.,300,2.9,80,Kothrud,50,Indian
323909,Malleshwaram,Bangalore,Frozen Coast,300,2.9,80,Malleshwam 17Th Cross,68,Indian
321542,Machuabazar,Kolkata,Eurasia Kitchen,300,2.9,80,Burrabazar,56,Indian
319805,Deccan Gymkhana,Pune,Momo Nation Cafe,300,2.9,80,F C Road,35,Indian
316987,Shivajinagar,Pune,Coffee Nation,300,2.9,80,Shivaji Nagar,37,Indian
313228,Bidhannagar,Kolkata,Queen'S,300,2.9,80,Salt Lake,64,Indian
308653,Bidhannagar,Kolkata,Biryani Q&Q,300,2.9,80,Salt Lake,67,Indian
297287,Aundh,Pune,Sagar  Ratan,300,2.9,80,Aundh,69,Indian
294001,Antop Hill,Mumbai,Raj  Palace  Restaurant,300,2.9,80,Matunga Wadala,57,Indian
277337,Kurla,Mumbai,Kurla Rasoi,300,2.9,80,Kurla,43,Indian
221076,Paschim Vihar,Delhi,Roll King,300,2.9,80,Dda Gole Market A-4 Block,57,Indian
181088,Jorasanko,Kolkata,Pandey Dhaba,300,2.9,80,Burrabazarbara Bazar,44,Indian
180161,Rohini,Delhi,Mughlai Biryani,300,2.9,80,Shiva Road,40,Indian
167945,Kurla,Mumbai,Jhakas Family Restaurant,300,2.9,80,Tilak Nagar Opp. Kurla Terminal,40,Indian
153244,Chembur,Mumbai,Famous Paratha Fast Food,300,2.9,80,Chembur,62,Indian
109763,Varachha,Surat,Taaza Restaurant,300,2.9,80,Gulambaba Compound,44,Indian
95206,Choolaimedu,Chennai,Mujiba Restaurant,300,2.9,80,Imbarjapuram 1St Street,92,Indian
79693,Powai,Mumbai,Maheshwari Kitchen,300,2.9,80,Chandivali,53,Indian
59815,Bidhannagar,Kolkata,Urmila,300,2.9,80,Near Rotary Narayan Eye Hospital,75,Indian
49320,Powai Area,Mumbai,Tunga Restaurant,300,2.9,80,Saki Vihar Road,67,Indian
452204,Navrangpura,Ahmedabad,Cafe+9,300,2.9,80,Navrangpura,39,Fast Food
449187,Sector V Salt Lake,Kolkata,The Ultimate Wrap,300,2.9,80,Sector V Salt Lake,76,Fast Food
448607,Basavanagudi,Bangalore,Trendy Juice & Foodies,300,2.9,80,Basavanagudi,58,Fast Food
439515,Piplod,Surat,Mr.Kanha,300,2.9,80,Piplod,60,Fast Food
422290,Paldi & Ambawadi,Ahmedabad,Baa Gruh Udhyog  Fast Food Services,300,2.9,80,Paldi & Ambawadi,56,Fast Food
210033,Memnagar,Ahmedabad,Bol De Bowl,300,2.9,80,Navrangpura,53,Fast Food
90109,Santacruz East,Mumbai,Shiv Sai Bhelpuri,300,2.9,80,S'Cruz Bandra East,49,Fast Food
76856,Athwa,Surat,Cornerstone Cafe,300,2.9,80,Anmol Complex Athwalines,52,Fast Food
34995,Shivaji Nagar,Pune,Ufo Fries & Corn,300,2.9,80,Shivaji Nagar,40,Fast Food
23633,Gaddi Annaram,Hyderabad,Hungry Kya Pet Barlo,300,2.9,80,Gaddi Annaram,69,Fast Food
457656,Bibwewadi,Pune,Breatato Co,300,2.9,80,Bibwewadi,78,Fast Food
455646,Paldi & Ambawadi,Ahmedabad,Kd Bhajipavpulav,300,2.9,80,Paldi & Ambawadi,37,Fast Food
450868,Nallakunta & Vidyanagar,Hyderabad,All About Garlic Bread,300,2.9,80,Nallakunta & Vidyanagar,43,Fast Food
448344,Sector V Salt Lake,Kolkata,Lands Of Icecream,300,2.9,80,Sector V Salt Lake,73,Fast Food
447669,Sion Bhakti Park,Mumbai,Snacks Corners,300,2.9,80,Sion Bhakti Park,52,Fast Food
447202,Kothrud,Pune,Cafe Tom And Jerry,300,2.9,80,Kothrud,56,Fast Food
443564,Banjara Hills,Hyderabad,Mendys Panipuri,300,2.9,80,Banjara Hills,69,Fast Food
442560,Maninagar,Ahmedabad,Brothers Burger,300,2.9,80,Maninagar,44,Fast Food
441763,Royapettah,Chennai,New Archana Fast Food,300,2.9,80,Royapettah,56,Fast Food
441285,Shivaji Nagar,Pune,Banjos The Food Chain,300,2.9,80,Shivaji Nagar,36,Fast Food
437955,Janakpuri,Delhi,The Burger Company,300,2.9,80,Janakpuri,78,Fast Food
437623,Royapettah,Chennai,Gobrgr@Tryst Gourmet,300,2.9,80,Royapettah,56,Fast Food
437438,Himayath Nagar,Hyderabad,H.S.Kitchens Chilli And Garlic,300,2.9,80,Himayath Nagar,45,Fast Food
436015,Lake Town,Kolkata,A2Z Kitchen,300,2.9,80,Lake Town,96,Fast Food
435614,Madhavaram - Manali,Chennai,Black Bird,300,2.9,80,Madhavaram - Manali,69,Fast Food
432145,Adajan,Surat,Egg Magic,300,2.9,80,Adajan,53,Fast Food
428047,Egmore,Chennai,Roll'D Eats,300,2.9,80,Egmore,46,Fast Food
427645,Kothrud,Pune,Between The Buns,300,2.9,80,Kothrud,67,Fast Food
427506,Perambur,Chennai,Chatar Patar,300,2.9,80,Perambur,71,Fast Food
426014,Navrangpura,Ahmedabad,Frankies And Fries,300,2.9,80,Navrangpura,46,Fast Food
418785,Ashok Nagar,Bangalore,Times Square Cafe,300,2.9,80,Ashok Nagar,38,Fast Food
416587,Kilpauk,Chennai,Mr Mrs Madharasi Cafe,300,2.9,80,Kilpauk,50,Fast Food
408660,Vasna,Ahmedabad,Hunger Spot,300,2.9,80,Vasna,53,Fast Food
404272,Nampally,Hyderabad,Halal Guys,300,2.9,80,Nampally,48,Fast Food
398574,Navrangpura,Ahmedabad,Bowlwrrap By Birmies,300,2.9,80,Navrangpura,37,Fast Food
389802,Navrangpura,Ahmedabad,Ark Cafe,300,2.9,80,Navrangpura,45,Fast Food
386595,Baner,Pune,Chotu Tapriwala,300,2.9,80,Baner,67,Fast Food
384326,Nallakunta & Vidyanagar,Hyderabad,Guest House Coffee And Ice Cream Parlour,300,2.9,80,Nallakunta & Vidyanagar,52,Fast Food
382814,Frazer Town,Bangalore,Bigbites,300,2.9,80,Frazer Town,56,Fast Food
376424,Jadavpur,Kolkata,Fnf Food Centre,300,2.9,80,Jadavpur,93,Fast Food
362287,Rohini,Delhi,Excellent Dumpling House,300,2.9,80,Rohini,47,Fast Food
362276,Rohini,Delhi,Dou Chi,300,2.9,80,Rohini,52,Fast Food
361700,Old Sangvi,Pune,Tgc: The Gargis Cafe,300,2.9,80,Sangvi,74,Fast Food
360814,Naranpura,Ahmedabad,Md The Snacks Club,300,2.9,80,Naranpura,53,Fast Food
358102,Anna Nagar,Chennai,Pg Junk Spot,300,2.9,80,Annanagar,74,Fast Food
356261,Toli Chowki,Hyderabad,Pizza Store,300,2.9,80,Tolichowki,81,Fast Food
348560,Perambur,Chennai,Donut Hubb,300,2.9,80,Ayanavaram,69,Fast Food
346921,Pitam Pura,Delhi,Roll City,300,2.9,80,Nsp,56,Fast Food
342848,Maninagar,Ahmedabad,Toast And Grill By Choice,300,2.9,80,Maninagar,46,Fast Food
335433,Deccan Gymkhana,Pune,Treat Studio,300,2.9,80,Shivaji Nagar,44,Fast Food
331515,Behala,Kolkata,Hotlets & Wiches,300,2.9,80,Alipore,93,Fast Food
329990,Thaltej,Ahmedabad,Chat On Chaat,300,2.9,80,Vijay Cross Road,47,Fast Food
319727,Kondhwa,Pune,Jus'T Burgers,300,2.9,80,Kondhwa,81,Fast Food
221870,Periyamet,Chennai,Creamee N Spicee,300,2.9,80,Purasawalkam,37,Fast Food
186879,Rohini,Delhi,Shakespeer,300,2.9,80,Rohini,62,Fast Food
180580,Wadgaon Sheri,Pune,The Choupatiwala Cafe,300,2.9,80,Viman Nagar,79,Fast Food
161230,Paschim Vihar,Delhi,The Roll Point,300,2.9,80,Paschim Vihar,52,Fast Food
153036,Sagrampura,Surat,Mukesh Egg Center,300,2.9,80,Marvella Corridor Vesu,33,Fast Food
136793,Pitam Pura,Delhi,Second Wife,300,2.9,80,Nsp,58,Fast Food
133781,George Town,Chennai,Srb Hyderabad Biryani,300,2.9,80,Tondairpet,64,Fast Food
93695,Piplod,Surat,Shree Ganesh Omlet,300,2.9,80,Um Road Vesu,63,Fast Food
40928,Saki Naka,Mumbai,Eataeria,300,2.9,80,Kurla,42,Fast Food
31965,Saki Naka,Mumbai,Hotel Gurukrupa'S Mast Malvani,300,2.9,80,Marolsakinaka,55,Fast Food
4429,Park Street Area,Kolkata,Sip & Sandwich,300,2.9,80,Park Street,60,Fast Food
461866,Laldarwaja,Ahmedabad,Jay Arbuda Food Point,300,2.9,80,Laldarwaja,45,Pizzas
452149,Adajan,Surat,Rajwadu Kathiyawadi Restaurant,300,2.9,80,Adajan,77,Gujarati
451118,Sagrampuraathwa,Surat,Laziz Pizza,300,2.9,80,Athwa,35,Pizzas
447805,Purasawalkam,Chennai,Royera Juice Hub,300,2.9,80,Purasawalkam,39,Italian
441697,Annanagar,Chennai,Splash,300,2.9,80,Annanagar,69,Bengali
440939,Athwa,Surat,Waffle House,300,2.9,80,Athwa,38,Desserts
429336,Piplod,Surat,The Kafe Castle,300,2.9,80,Piplod,62,Bengali
429273,Lake Town,Kolkata,Crazy Chaap Corner,300,2.9,80,Lake Town,85,Tandoor
427083,Chembur,Mumbai,All Fruits Juice,300,2.9,80,Chembur,55,Bengali
426785,Varachha,Surat,Fastfoodz,300,2.9,80,Varachha,55,Snacks
423945,Honey Park,Surat,Milk Palace,300,2.9,80,Honey Park,57,Desserts
423110,Burrabazar,Kolkata,Sugarroom,300,2.9,80,Burrabazar,45,Snacks
420484,Central Bangalore,Bangalore,Keventers Ice Cream,300,2.9,80,Garuda Mall,38,Desserts
419772,Kothapet & Dilsukhnagar,Hyderabad,Chai Sutta Bar Dilsukhnagar,300,2.9,80,Kothapet & Dilsukhnagar,50,Bengali
419001,Navrangpura,Ahmedabad,Doughfather,300,2.9,80,Navrangpura,38,Pizzas
414885,Navrangpura,Ahmedabad,Creamy Heaven,300,2.9,80,Navrangpura,40,Desserts
412378,South Kolkata,Kolkata,Truffle Square,300,2.9,80,South Kolkata,59,Snacks
409880,Vadapalani,Chennai,Thaai Mann,300,2.9,80,Vadapalani,79,Desserts
409486,Rohini,Delhi,Aura Bakers,300,2.9,80,Rohini,36,Snacks
407838,Ghatkopar Vikhroli,Mumbai,Mummas Yummy Bites,300,2.9,80,Ghatkopar Vikhroli,51,Italian
404454,Vastrapur,Ahmedabad,The Food Box,300,2.9,80,Vastrapur,56,Italian
401645,Mogappair,Chennai,Havmor Havfunn,300,2.9,80,Mogappair,80,Desserts
401165,Kothapet & Dilsukhnagar,Hyderabad,Milkshakes Hub N More,300,2.9,80,Kothapet & Dilsukhnagar,68,Bengali
396935,Kailash Plaza,Mumbai,Ice Cream Works,300,2.9,80,Ghatkopar Vikhroli,52,Desserts
396077,Basavanagudi,Bangalore,Candy Cloud Factory,300,2.9,80,Basavanagudi,50,Bengali
390780,T Nagar,Chennai,Cocoa & Creme,300,2.9,80,T Nagar,79,Snacks
390659,Somajiguda & Khairtabad,Hyderabad,Dostea,300,2.9,80,Somajiguda & Khairtabad,56,Bengali
389725,Bibwewadi,Pune,55 Biryanis,300,2.9,80,Bibwewadi,71,Biryani
386524,Burrabazar,Kolkata,Celebration,300,2.9,80,Burrabazar,52,Desserts
386038,Dhanakawadi,Pune,Getawhey- Healthy Ice Cream,300,2.9,80,Narhe,76,Desserts
385368,Kalyani Nagar,Pune,Getawhey- Healthy Ice Cream,300,2.9,80,Kalyani Nagar,51,Desserts
371769,Shivajinagar,Pune,Keventers Ice Creamery,300,2.9,80,Pavilion Mall Pune,48,Desserts
370908,Nsp,Delhi,Gourmet Ice Cream Cakes By Baskin Robbins,300,2.9,80,Rani Bagh Pitampura,58,Desserts
369381,Himayath Nagar,Hyderabad,Gourmet Ice Cream Cakes By Baskin Robbins,300,2.9,80,Himayath Nagar Main Road,32,Desserts
363962,Pitam Pura,Delhi,Purple Forest.,300,2.9,80,Nsp,61,Snacks
354703,Saki Naka,Mumbai,Keventers Ice Cream,300,2.9,80,Phoenix Market City,56,Desserts
340451,Central Bangalore,Bangalore,Thalis  Bowls & More,300,2.9,80,Central Bangalore,50,Pizzas
337668,Tagore Garden Extension,Delhi,Cake World,300,2.9,80,Rajouri Garden,74,Desserts
336517,Athwa,Surat,Go Punjab,300,2.9,80,City Light,46,Punjabi
333038,Topsia,Kolkata,Cake N Cooki,300,2.9,80,Tangra,78,Snacks
297078,Chembur,Mumbai,Tastings,300,2.9,80,Chembur,50,Snacks
291742,Thousand Lights,Chennai,It'S Waffle Time,300,2.9,80,Nungambakkam,51,Snacks
160853,Paschim Vihar,Delhi,Sunny Fruit Juice And Shakes,300,2.9,80,Paschim Vihar,50,Bengali
135036,Kalyani Nagar,Pune,Sonu Shakewala,300,2.9,80,Kalyani Nagar,60,Bengali
128591,Begampura,Surat,Natraj Ice Cream,300,2.9,80,Begumpura,46,Bengali
114922,Memnagar,Ahmedabad,Cafe Hideout,300,2.9,80,Memnagar,50,Snacks
106990,Adajan,Surat,Happyiezz,300,2.9,80,Nr Income Tax Office,47,Snacks
47705,Ghatkopar East,Mumbai,Cheese On Fire,300,2.9,80,Ghatkopar E,50,Snacks
41967,Shenoy Nagar,Chennai,Antari By Soul Garden Bistro,300,2.9,80,New Avadi Road,57,Snacks
26361,Andheri East,Mumbai,Crrave N Eat,300,2.9,80,Opposite Nagpal Restaurant,62,Desserts
20656,Chembur,Mumbai,Juice Mantra,300,2.9,80,Station Road,44,Bengali
19583,Sadashiv Peth,Pune,Aadd (M) Aadd(B),300,2.9,80,Swargate,44,Snacks
463779,Navrangpura,Ahmedabad,Gully Nukkad,300,2.9,80,Navrangpura,44,Snacks
463632,Marol Sakinaka,Mumbai,Rushhrs,300,2.9,80,Marol Sakinaka,57,American
463471,Chembur,Mumbai,Bunny'S Kitchen,300,2.9,80,Chembur,56,American
463445,Perambur,Chennai,New Star Hotel,300,2.9,80,Perambur,50,Biryani
463362,Swargate,Pune,Pizza Point,300,2.9,80,Swargate,46,Pizzas
462777,Rohini,Delhi,Bar Of Burger,300,2.9,80,Rohini,40,American
461434,Fdl_Scruz Bandra East,Mumbai,Mumbai Continental Chef,300,2.9,80,Fdl_Scruz Bandra East,45,Italian
461296,Bibwewadi,Pune,The Brrgrr Kitchen - By Cafe Bistro,300,2.9,80,Bibwewadi,50,Snacks
461036,Rohini,Delhi,Punjab Chicken Corner,300,2.9,80,Rohini,34,Punjabi
461000,Shivaji Nagar,Pune,Kekiz The Cake Shop,300,2.9,80,Shivaji Nagar,35,Snacks
459789,Athwa,Surat,Al-Shifa Biryani,300,2.9,80,Athwa,44,Biryani
457984,Dumdum,Kolkata,Lovely Biriyani,300,2.9,80,Dumdum,77,Biryani
457542,Rohini,Delhi,Shahi Tandoor,300,2.9,80,Rohini,47,Tandoor
457079,Salt Lake,Kolkata,Cakes By Mama Mia!,300,2.9,80,Salt Lake,69,Snacks
456209,Frazer Town,Bangalore,Sree Ganesha Fruit Juice Centre,300,2.9,80,Frazer Town,51,Bengali
456090,Adajan,Surat,Mahalaxmi Juice And Fast Food Corner,300,2.9,80,Adajan,49,Desserts
455065,Park Circus,Kolkata,Ammi Jaan,300,2.9,80,New Area,64,Biryani
453913,Central Bangalore,Bangalore,The Baklava Company,300,2.9,80,Central Bangalore,49,Desserts
452843,Ameerpet,Hyderabad,Raagam Foods,300,2.9,80,Ameerpet,73,Biryani
452742,Kothrud,Pune,Cheese And Crust,300,2.9,80,Kothrud,69,Pizzas
452272,Central Bangalore,Bangalore,Nawabi Khana,300,2.9,80,Central Bangalore,40,Arabian
451712,Kothrud,Pune,The Feelia Cafe,300,2.9,80,Kothrud,60,Bengali
451422,Bibwewadi,Pune,Cake Creation The Cake Shop And Cafe,300,2.9,80,Bibwewadi,68,Snacks
451353,Villivakkam,Chennai,Pizza Cottage,300,2.9,80,Villivakkam,68,Pizzas
451161,Kothrud,Pune,Biryanikar,300,2.9,80,Kothrud,84,Biryani
451047,Matunga Wadala,Mumbai,Wack Waffle & Brownies,300,2.9,80,Matunga Wadala,46,Desserts
451039,Matunga Wadala,Mumbai,New York Waffle & Dinges,300,2.9,80,Matunga Wadala,46,Desserts
451036,Matunga Wadala,Mumbai,Miami Waffle & Jawbreakers,300,2.9,80,Matunga Wadala,45,Snacks
451031,Matunga Wadala,Mumbai,Miami Shakes & More,300,2.9,80,Matunga Wadala,46,Desserts
451020,Matunga Wadala,Mumbai,Jenny'S Brownies,300,2.9,80,Matunga Wadala,52,Desserts
450110,Kothapet & Dilsukhnagar,Hyderabad,Grillistan,300,2.9,80,Kothapet & Dilsukhnagar,39,Arabian
449713,Swargate,Pune,Bread Bash,300,2.9,80,Swargate,38,Italian
449364,Kestopur,Kolkata,Food Picasso,300,2.9,80,Kestopur,81,American
449198,T Nagar,Chennai,The Belgian Street,300,2.9,80,T Nagar,74,Snacks
448876,Sanitytestarea,Kolkata,Bhaijaan'S,300,2.9,80,New Area,78,Biryani
448583,Aminjikarai,Chennai,Ammi'S Biryani,300,2.9,80,Manickam Road,59,Biryani
447904,Nallakunta & Vidyanagar,Hyderabad,Vaishu'S Kitchen,300,2.9,80,Nallakunta & Vidyanagar,48,Biryani
446925,Bibwewadi,Pune,Thakur Food Products,300,2.9,80,Bibwewadi,54,Snacks
444043,Piplod,Surat,Ms Food,300,2.9,80,Piplod,58,Bengali
443970,Matunga Wadala,Mumbai,The Ice Cream Bakery - Tib,300,2.9,80,Matunga Wadala,58,Desserts
443045,Rohini,Delhi,Da Pizza Factory,300,2.9,80,Rohini,35,Italian
442774,Annanagar,Chennai,Basmati Foods,300,2.9,80,Annanagar,72,Biryani
441038,Mehdipatnam,Hyderabad,Labaan Bakers And Dairy,300,2.9,80,Mehdipatnam,61,Italian
440915,Royapettah,Chennai,Hotel Sagar,300,2.9,80,Royapettah,44,Biryani
440758,Knk- Nungambakam (Cds)- Chennai,Chennai,Cafe Coffee Day,300,2.9,80,Knk- Nungambakam (Cds)- Chennai,51,Bengali
439975,Central Kolkata,Kolkata,Lytton Hotel,300,2.9,80,Central Kolkata,55,Pizzas
439884,Andheri East,Mumbai,Sai Krupa Fast Food,300,2.9,80,Andheri East,58,Biryani
439878,Vastrapur,Ahmedabad,La Pinoz Pizza,300,2.9,80,Vastrapur,48,Pizzas
439007,Rajajinagar,Bangalore,Hungry Budget,300,2.9,80,Rajajinagar,62,Biryani
438520,Purasawalkam,Chennai,Sulthan Briyani,300,2.9,80,Purasawalkam,55,Biryani
438489,Uppal,Hyderabad,Smoothie Bar,300,2.9,80,Uppal,64,Bengali
438002,Burrabazar,Kolkata,Nmco - Natural Milkshake Company By Mama Mia!,300,2.9,80,Burrabazar,47,Bengali
437416,Shivaji Nagar,Pune,Pizza Hut Express,300,2.9,80,Shivaji Nagar,47,Pizzas
437360,Navrangpura,Ahmedabad,Baked By Ninis,300,2.9,80,Navrangpura,39,Snacks
436144,Tangra,Kolkata,New Arsalan Biryani Tangra,300,2.9,80,Tangra,62,Biryani
435779,Central Kolkata,Kolkata,Kwality Walls Frozen Dessert And Ice Cream Shop,300,2.9,80,Central Kolkata,45,Desserts
433208,South Kolkata,Kolkata,Jessore Local,300,2.9,80,South Kolkata,70,Bengali
433182,Wanowrie,Pune,Pizzatto'S,300,2.9,80,Wanowrie,66,Pizzas
432552,Sion,Mumbai,Bombay Burgers,300,2.9,80,Matunga Wadala,47,American
429806,Nallakunta & Vidyanagar,Hyderabad,Cranky Fried Chicken,300,2.9,80,Nallakunta & Vidyanagar,42,Pizzas
428225,Powai,Mumbai,Waffleland,300,2.9,80,Powai,51,Desserts
428076,Swargate,Pune,Kwality Walls Frozen Dessert And Ice Cream Shop,300,2.9,80,Swargate,37,Desserts
427662,Kothapet & Dilsukhnagar,Hyderabad,Madhouse Pizzas And Thichshakes,300,2.9,80,Kothapet & Dilsukhnagar,52,Bengali
427308,Central Bangalore,Bangalore,The Bangalore Kitchen,300,2.9,80,Central Bangalore,46,Biryani
427290,Chembur,Mumbai,Sugar Nest,300,2.9,80,Chembur,64,Desserts
426799,Jadavpur,Kolkata,Ttoniq,300,2.9,80,Jadavpur,93,Bengali
424024,Salt Lake,Kolkata,London Dairy,300,2.9,80,Salt Lake,73,Desserts
423205,Ruby Area,Kolkata,7 - Eleven,300,2.9,80,Ruby Area,85,Bengali
421563,Begumpet,Hyderabad,Kgf Italian Wood Fire Pizza,300,2.9,80,Begumpet,77,Italian
421469,Viman Nagar,Pune,Fatsome Burgers,300,2.9,80,Viman Nagar,78,American
420838,Maninagar,Ahmedabad,Foodish Daily Chaska,300,2.9,80,Maninagar,52,Pizzas
418016,Maninagar,Ahmedabad,Keventers Ice Creamery,300,2.9,80,Maninagar,39,Desserts
417079,Salt Lake,Kolkata,Johar,300,2.9,80,Salt Lake,72,Bengali
414930,Alipore,Kolkata,Food Buddyz,300,2.9,80,Alipore,78,Snacks
414901,Rajajinagar,Bangalore,The Shake Company,300,2.9,80,Rajajinagar,53,Bengali
413667,Scruz Bandra East,Mumbai,Keventers Ice Creamery,300,2.9,80,Vakola Flour Mill,37,Desserts
409568,Central Bangalore,Bangalore,Soros Flavor Coffee,300,2.9,80,Central Bangalore,48,Bengali
408559,Burrabazar,Kolkata,The Exclusive Cake Bakery,300,2.9,80,Burrabazar,54,Snacks
408177,Kachiguda,Hyderabad,Pizza Hut,300,2.9,80,Ph Kachiguda Hyderabad,34,Pizzas
405869,Chembur,Mumbai,Big Shakes,300,2.9,80,Chembur,48,Bengali
405377,Kothrud,Pune,Loafmaster,300,2.9,80,Kothrud,62,Snacks
405221,Kothapet & Dilsukhnagar,Hyderabad,Agra Sandwich Pasta  Momos Corner,300,2.9,80,Kothapet & Dilsukhnagar,36,Italian
402178,South Kolkata,Kolkata,New Maa Tara Hindu Hotel,300,2.9,80,South Kolkata,68,Bengali
400950,Lake Town,Kolkata,Bangaliyana,300,2.9,80,Lake Town,88,Bengali
400906,Maninagar,Ahmedabad,Mlf Franco,300,2.9,80,Maninagar,48,Snacks
398986,Alipore,Kolkata,Kamini Snacks,300,2.9,80,Alipore,95,Snacks
398978,Burrabazar,Kolkata,Aadi Bangali Restaurant,300,2.9,80,Burrabazar,43,Bengali
396274,Kothapet & Dilsukhnagar,Hyderabad,Lalaji Dilli Wale Chaat,300,2.9,80,Kothapet & Dilsukhnagar,66,Snacks
394067,Old Wasermenpet,Chennai,Tn 03 Cafe,300,2.9,80,Thiruvottiyur High Rd,63,Pizzas
393495,Powai Area,Mumbai,Sorrentina - Italian Bakery & Kitchen,300,2.9,80,Saki Naka,60,Snacks
391770,Perambur,Chennai,Jimmy'S Kitchen,300,2.9,80,Perambur,63,Arabian
390887,Himayath Nagar,Hyderabad,Bake Zone Bakery&Lounge,300,2.9,80,Himayath Nagar,40,Desserts
390716,Marol Sakinaka,Mumbai,Surprise India - Cakes N Desserts,300,2.9,80,Marol Sakinaka,44,Desserts
389547,Scruz Bandra East,Mumbai,Sara India Da Mini R,300,2.9,80,Scruz Bandra East,49,Biryani
388602,Perambur,Chennai,Niyaz Biriyani,300,2.9,80,Perambur,67,Biryani
387699,Charminar,Hyderabad,Burgersuncle,300,2.9,80,Charminar,50,American
383421,Alwarpet,Chennai,Chinese Baba,300,2.9,80,Alwarpet,68,Biryani
383392,Kothapet & Dilsukhnagar,Hyderabad,Belly'S Icecreams And Thickshakes,300,2.9,80,Kothapet & Dilsukhnagar,46,Bengali
383176,Tolichowki,Hyderabad,Surprise India - Cakes & Desserts,300,2.9,80,Tolichowki,56,Desserts
382954,Banjara Hills,Hyderabad,Trio La Patisserie,300,2.9,80,Banjara Hills,58,Snacks
381825,Royapettah,Chennai,The New Moghal Biriyani,300,2.9,80,Royapettah,44,Biryani
381792,Nungambakkam,Chennai,The Break Room,300,2.9,80,Nungambakkam,51,Bengali
377625,Near Rto Pal Gam,Surat,Krazzy Chicken,300,2.9,80,Varachha,64,Biryani
376412,Wadgaon Sheri,Pune,Ice Cream Factory And Shahi Durbar,300,2.9,80,Kalyani Nagar,66,Desserts
376188,Dahin Nagar,Surat,Hello Shake,300,2.9,80,Adajan,65,Bengali
372861,Ghatkopar,Mumbai,Fryeo,300,2.9,80,Ghatkopar Vikhroli,49,Bengali
371678,Saki Naka,Mumbai,Al-Baik.Com,300,2.9,80,Kurlajarimari,43,Bengali
370258,Maninagar,Ahmedabad,The Black Olive,300,2.9,80,Maninagar,52,Pizzas
369953,Huda Complex,Hyderabad,Burger Eat'S,300,2.9,80,Kothapet & Dilsukhnagar,64,Snacks
369003,Maharshi Nagar,Pune,Manali Cool Club,300,2.9,80,Swargate,45,Bengali
363380,Ashok Nagar,Bangalore,Neeth Medappa Patisserie,300,2.9,80,Central Bangalore,47,Desserts
362280,Rohini,Delhi,Roti Aur Boti Xpress,300,2.9,80,Rohini,45,Biryani
361543,Sector 29,Delhi,Rozi Roti,300,2.9,80,Rohini,49,Biryani
361537,Sector 8,Delhi,Raja Bhoj & Co.,300,2.9,80,Rohini,57,Tandoor
361532,Sector 29,Delhi,Dana Paani,300,2.9,80,Rohini,48,Biryani
359938,Rohini,Delhi,Kahi Se Bhi,300,2.9,80,Rohini,45,Biryani
359119,Peerzadiguda,Hyderabad,Biryani Blend Family Restaurant,300,2.9,80,Uppal,85,Biryani
349757,Dahin Nagar,Surat,Brown Burger Co.,300,2.9,80,Adajan,66,American
348460,Aundh,Pune,99 Pancakes,300,2.9,80,Aundh,62,Bengali
346992,Erandwane,Pune,Cafe Central Perk,300,2.9,80,Kothrud,53,Snacks
346879,Kalina,Mumbai,Cafe Sultan,300,2.9,80,Scruz Bandra East,38,Biryani
345833,Malleshwaram,Bangalore,Indotalian I I Cafe,300,2.9,80,Malleshwaram,56,Italian
344565,Kasba,Kolkata,Homemade Kitchen Items,300,2.9,80,Ruby Area,78,Biryani
343304,Huda Complex,Hyderabad,Burger Hubs,300,2.9,80,Kothapet & Dilsukhnagar,62,Desserts
342335,Ghatkopar West,Mumbai,Gina'S Cakes,300,2.9,80,Ghatkopar Vikhroli,57,Desserts
339300,Old Washermanpet,Chennai,Amul Ice Creams,300,2.9,80,Royapuram,57,Desserts
338594,Kothrud,Pune,Heaven Pizza And Cafe,300,2.9,80,Kothrud,56,Pizzas
335973,Kalighat,Kolkata,The Lassi Pub,300,2.9,80,South Kolkata,73,Desserts
335816,Rohini,Delhi,Chee Chee,300,2.9,80,Rohini,40,Italian
335538,Bandra East,Mumbai,Gupta'S Snackhub,300,2.9,80,Scruz Bandra East,48,Bengali
334856,Andheri East,Mumbai,Alfaham Grill Corner,300,2.9,80,Marol Sakinaka,52,American
332090,Bidhannagar,Kolkata,Kadhai Kitchen,300,2.9,80,Salt Lake,77,Biryani
330209,Navrangpura,Ahmedabad,Bean Box Cafe,300,2.9,80,Navrangpura,37,Bengali
329461,Anna Nagar,Chennai,Bakkings Elite,300,2.9,80,Annanagar,73,Snacks
328174,Kilpauk,Chennai,Hameedia Valima Biryani,300,2.9,80,Kilpauk,50,Biryani
325190,Annanagar East,Chennai,Myfroyoland Frozen Yogurt,300,2.9,80,Annanagar,53,Desserts
324676,Shenoy Nagar,Chennai,Tito'S Pan-Tree,300,2.9,80,Annanagar,60,Snacks
323801,Arumbakkam,Chennai,Tea Time,300,2.9,80,Annanagar,60,Bengali
323609,Indiranagar,Bangalore,Wood Fired Pizza,300,2.9,80,Indiranagar,60,Pizzas
321529,Kilpauk,Chennai,Vadilal Ice Creams,300,2.9,80,Kilpauk,46,Desserts
319974,Erandwane,Pune,Jose & Isabella'S Italian Pizza,300,2.9,80,Kothrud,50,Italian
315866,Baguihati,Kolkata,Hummy 2 Cake,300,2.9,80,Lake Town,89,Snacks
313522,Elgin,Kolkata,Fries Before Guys,300,2.9,80,Central Kolkata,59,Snacks
312958,Kondhwa,Pune,Shakes+,300,2.9,80,Kausar Baug,72,Bengali
312092,Jodhpur Park,Kolkata,Tea Addiction,300,2.9,80,Jadavpur,93,Bengali
307863,Sangamvadi,Pune,La Cheezy,300,2.9,80,Koregaon Park,55,Pizzas
307070,Nanpura,Surat,Pizza Pie,300,2.9,80,Nanpura,50,Pizzas
306932,Elgin,Kolkata,The Shake Factory,300,2.9,80,Central Kolkata,63,Desserts
304274,Ashok Nagar,Bangalore,Cafe Coffee Day,300,2.9,80,Barton Centre M G Road-Bangalore,38,Bengali
303654,Elgin,Kolkata,Belgian Waffle Junction,300,2.9,80,Camac Street,57,Desserts
301181,Ranip,Ahmedabad,Pvr Cafe,300,2.9,80,Pvr Arved Ahmedabad,57,Snacks
291533,Sudhama Nagar,Bangalore,New Ambur Biryani,300,2.9,80,Shantinagar,45,Biryani
289368,Toli Chowki,Hyderabad,The Frozen Village,300,2.9,80,Tolichowki,84,Desserts
261435,Purasaiwakkam,Chennai,Pizza Square (Pursaiwakkam),300,2.9,80,Adyar,44,Pizzas
256099,Kondhwa Budruk,Pune,Lavish Biryani,300,2.9,80,Dhankawadi,78,Biryani
245602,Shivajinagar,Pune,Blue Box Biryani,300,2.9,80,Karvenagar,50,Biryani
245280,Scruz Bandra East,Mumbai,Shivs Kitchen,300,2.9,80,Scruz Bandra East,37,Bengali
242554,Old Washermanpet,Chennai,Atho Man Ecstasy,300,2.9,80,Royapuram,60,Snacks
236838,Chembur,Mumbai,Food And You,300,2.9,80,Chembur,56,Bengali
236168,Andheri East,Mumbai,Hb Brownies,300,2.9,80,Marol Sakinaka,53,Snacks
232447,Kondhwa,Pune,Bring It On Cafe,300,2.9,80,Kondhwa,73,American
214967,University Area,Ahmedabad,The Chocolate Heaven,300,2.9,80,Navrangpura,44,Desserts
212615,Jogupalya,Bangalore,New Dillibite,300,2.9,80,Cambridge Layout Jogupalya,47,Bengali
208556,Gokhalenagar,Pune,The Flame Burger,300,2.9,80,Near Dominossenapati Bapat Road,47,Snacks
190848,Bowenpally,Hyderabad,Trio-La Patisserie.,300,2.9,80,Kharkhana & Trimulgherry,75,Desserts
186171,Athwa,Surat,Shahi Biryani & Khichda,300,2.9,80,Begampura,38,Biryani
182933,Camp,Pune,Cake Cart,300,2.9,80,Camp,36,Desserts
151172,Powai,Mumbai,Tangra House - Food Of Kolkata,300,2.9,80,Sakinaka,48,Bengali
121933,Wadgaon Budruk Tilak Road,Pune,Ankur Biryanis,300,2.9,80,Wadgaon Budruk Tilak Road,75,Biryani
64776,Laldarwaja,Ahmedabad,Alif Sandburg,300,2.9,80,Shahpur,44,Snacks
57428,Seshadripuram,Bangalore,Happy Hours,300,2.9,80,Old Bridge Road,53,Desserts
52344,Bidhannagar,Kolkata,Anytime Pizza,300,2.9,80,Opposite Chok Mandir,80,Italian
52250,Erandwane,Pune,Pathan Laziz Biryani House,300,2.9,80,Near Dashbhuja Ganpati,52,Biryani
48051,Yerawada,Pune,Andhra Biryani,300,2.9,80,Husain Shah Baba Nagar Yerwada,63,Biryani
43189,Balavinayagar Nagar,Chennai,Cake Waves,300,2.9,80,Arumbakkam,70,Snacks
38177,Kalighat,Kolkata,Apanjan,300,2.9,80,Near Marco Polo,76,Bengali
37358,Gandhi Nagar,Bangalore,Hotel Karavali Beach,300,2.9,80,Malleshwaram,47,Seafood
457042,Sinhgad Road,Pune,S.P. Crazy Cafe And Fast Food,200,2.9,80,Sinhgad Road,59,Bengali
456401,New Area,Kolkata,Azad Restaurant,200,2.9,80,New Area,62,Bengali
452240,Koramangala,Bangalore,Chaat House,200,2.9,80,Koramangala,59,Bengali
452041,Sector V Salt Lake,Kolkata,Kwality Walls,200,2.9,80,Sector V Salt Lake,80,Desserts
450114,Bandra Area,Mumbai,Bhairavnath Ice Cream And Sandwich Corner,200,2.9,80,Bandra Area,51,Desserts
449167,Salt Lake,Kolkata,Icecream Station,200,2.9,80,Salt Lake,78,Bengali
448678,Perambur,Chennai,Delightful Dessert,200,2.9,80,Perambur,51,Desserts
447004,Kothapet & Dilsukhnagar,Hyderabad,Cherrys Kitchen,200,2.9,80,Kothapet & Dilsukhnagar,51,Arabian
445475,Ramgopalpet,Hyderabad,Tea Time,200,2.9,80,Begumpet,63,Bengali
444553,Kodambakkam,Chennai,Lassi Blast,200,2.9,80,Kodambakkam,72,Bengali
438397,Athwa,Surat,Sai Fast Food,200,2.9,80,Athwa,45,Italian
437458,Adajan,Surat,Jay Bhavani Dryfruit Dish Gola,200,2.9,80,Adajan,51,Desserts
434748,Navrangpura,Ahmedabad,Coffee Byus,200,2.9,80,Navrangpura,46,Italian
431375,Isanpur,Ahmedabad,Food Mohalla,200,2.9,80,Isanpur,53,Italian
426983,Kothapet & Dilsukhnagar,Hyderabad,The Magical Stone,200,2.9,80,Kothapet & Dilsukhnagar,53,Desserts
425478,Rohini,Delhi,Pasta Rasta.Com,200,2.9,80,Rohini,49,Italian
421716,Athwa,Surat,Jalaram Thali,200,2.9,80,Athwa,49,Punjabi
417158,Lake Town,Kolkata,M Hub,200,2.9,80,Lake Town,78,Pizzas
417144,Charminar,Hyderabad,Classic Ice Cream,200,2.9,80,Charminar,55,Desserts
416478,Kurla,Mumbai,World Of Donuts,200,2.9,80,Kurla,39,Desserts
411990, Akhbar Nagar Circle,Ahmedabad,Shiv Shakti Fast Food,200,2.9,80,Naranpura,53,Gujarati
411961,Malleshwaram,Bangalore,Cream And Fudge,200,2.9,80,Malleshwaram,64,Bengali
409122,Sarthana,Surat,5 Hot Chillis Pizza & Mocktail Bar,200,2.9,80,Sarthana,70,Italian
405368,Jodhpur Cross Road,Ahmedabad,New German Waffles & Co,200,2.9,80,Prahlad Nagar,61,Bengali
403909,Lake Town,Kolkata,Fries Before Guys,200,2.9,80,Lake Town,79,Bengali
403893,Royapettah,Chennai,Fasta Pizza,200,2.9,80,Royapettah,58,Pizzas
402702,Athwa,Surat,Gourmet Ice Cream Cakes By Baskin Robbins,200,2.9,80,Ghodod Road,45,Desserts
392108,Rajajinagar,Bangalore,Amul Ice-Cream Parlour,200,2.9,80,Rajajinagar,51,Desserts
381476,Nsp,Delhi,Kuremal Kulfi,200,2.9,80,Nsp,46,Desserts
331889,Maninagar,Ahmedabad,Pizza Gram,200,2.9,80,Maninagar,48,Pizzas
311052,Old Washermanpet,Chennai,Frozen World,200,2.9,80,Royapuram,60,Desserts
310435,Navrangpura,Ahmedabad,Bread Box,200,2.9,80,Navrangpura,45,Pizzas
307206,Bidhannagar,Kolkata,Dreeam Waffles And Shakes,200,2.9,80,Sector V Salt Lake,86,Bengali
294866,Sion,Mumbai,Bombay Popsicles,200,2.9,80,Matunga Wadala,49,Desserts
286775,Vastrapur,Ahmedabad,The Shake.Com,200,2.9,80,Vastrapur,53,Bengali
266271,Nungambakkam,Chennai,Moo It,200,2.9,80,Nungambakkam,46,Desserts
261161,Camp,Pune,The Brooklyn Creamery - The Healthy Ice Cream,200,2.9,80,Maruti Chowk,33,Desserts
210035,Chembur,Mumbai,Au Naturel Popsicle,200,2.9,80,Chembur,47,Desserts
192057,Swargate,Pune,Malhar,200,2.9,80,Swargate,36,Desserts
161067,Adajan,Surat,Rajbhog Ice Cream & Kulfi,200,2.9,80,Nr Sardar Bridge,44,Desserts
149631,Khadia,Ahmedabad,Ahmedabad Fast Food,200,2.9,80,23 A Gurugram,44,Pizzas
148254,Piplod,Surat,Baskin Robbins,200,2.9,80,Rahul Raj Mall,39,Desserts
140269,Maninagar,Ahmedabad,Manek Chowk Ganthiya Corner,200,2.9,80,Maninagar,44,Gujarati
132945,Pal Gam,Surat,Ifruit,200,2.9,80,Gaurav Path Road Pal,67,Desserts
132329,Narayan Peth,Pune,Kod - King Of Desserts And Waffles,200,2.9,80,Asmani Plaza Goodluck Chowk,37,Desserts
117138,Varachha,Surat,Best Western-Yuvraj,200,2.9,80,Gulambaba Compound,50,Punjabi
89508,Ashok Nagar,Pune,Skoop Ice Cream Parlour,200,2.9,80,Pune University,45,Desserts
83834,Bidhannagar,Kolkata,Waffle Square,200,2.9,80,Sector 5,75,Desserts
70518,New Textile Market,Surat,Purohit Gujarati Thali,200,2.9,80,Ring Road,39,Gujarati
57702,Purasaiwakkam,Chennai,Svadista,200,2.9,80,Kilpauk,52,Pizzas
26205,Egmore,Chennai,Shmoozie'S Hand-Crafted Ice Creams,200,2.9,80,Varadarajulu Street,46,Desserts
14171,Kondhwa,Pune,Thanco'S Natural Ice Cream,200,2.9,80,Nibm Post Office Road,70,Desserts
466044,Kothrud,Pune,Greecania (Greek Food & Desserts),200,2.9,80,Kothrud,56,Desserts
464358,Central Kolkata,Kolkata,Fresh Fried,200,2.9,80,Central Kolkata,48,American
463564,Himayath Nagar,Hyderabad,Sandwich Fun,200,2.9,80,Himayath Nagar,39,Pizzas
462318,Purasawalkam,Chennai,Gowri Fast Food,200,2.9,80,Purasawalkam,44,Arabian
460957,Swargate,Pune,Appas Gurudev Pizza Sandwich Corner,200,2.9,80,Swargate,34,Pizzas
459676,Adajan,Surat,La Plaza Pizza,200,2.9,80,Adajan,45,Pizzas
458470,Athwa,Surat,Shivam,200,2.9,80,Athwa,46,Gujarati
458465,T Nagar,Chennai,Five Star Chicken / Haleem Departmental Stores,200,2.9,80,T Nagar,73,American
458328,Adajan,Surat,Trishiv Cafe & Resto,200,2.9,80,Adajan,59,Pizzas
458108,Athwa,Surat,The Foodiezz,200,2.9,80,Athwa,46,Bengali
457069,Himayath Nagar,Hyderabad,Kwality Wall S Frozen Dessert & Ice Cream Shop,200,2.9,80,Himayath Nagar,36,Desserts
455890,Borough - Iii,Kolkata,The Brooklyn Creamery - Healthy Ice Cream,200,2.9,80,Borough - Iii,46,Desserts
454548,Santoshnagar & Saidabad,Hyderabad,Ms Crunchy Bites,200,2.9,80,Santoshnagar & Saidabad,46,Pizzas
454439,Ghatkopar Vikhroli,Mumbai,Diptales,200,2.9,80,Ghatkopar Vikhroli,53,Desserts
454421,Sanitytestarea,Kolkata,K.G.N.Food Plaza,200,2.9,80,New Area,94,Pizzas
453310,Koramangala,Bangalore,Lovespell Ice Creams,200,2.9,80,Koramangala,56,Desserts
452377,Kothrud,Pune,The Choco World,200,2.9,80,Kothrud,60,Bengali
451543,Nallakunta & Vidyanagar,Hyderabad,Brook Bite Brownie,200,2.9,80,Nallakunta & Vidyanagar,44,Desserts
451361,Athwa,Surat,Urban King,200,2.9,80,Athwa,40,Gujarati
451098,Sarthana,Surat,Ajay S,200,2.9,80,Sarthana,62,Italian
450067,Rohini,Delhi,The Special Cheeseyest Pizza,200,2.9,80,Rohini,60,Pizzas
449737,Naranpura,Ahmedabad,Edr Cafe,200,2.9,80,Naranpura,50,Bengali
449372,Kothrud,Pune,Cafe Doraemon,200,2.9,80,Kothrud,64,Pizzas
448272,Cossipore,Kolkata,My Dream Kitchen,200,2.9,80,New Area,82,Biryani
448270,Charminar,Hyderabad,Msa Juices Shawarma Fruits,200,2.9,80,Charminar,46,Bengali
447668,Sion Bhakti Park,Mumbai,Foodi House,200,2.9,80,Sion Bhakti Park,52,Biryani
446983,Himayath Nagar,Hyderabad,The Tea Planet  Kachiguda,200,2.9,80,Himayath Nagar,31,Bengali
445927,Rohini,Delhi,Mr Naan & Mrs Curry,200,2.9,80,Rohini,44,Punjabi
445859,Rohini,Delhi,Wat A Paratha,200,2.9,80,Rohini,37,Punjabi
445830,Rohini,Delhi,Haandiwala,200,2.9,80,Rohini,37,Punjabi
445117,Central Kolkata,Kolkata,Kabir Biryani House And Restaurant,200,2.9,80,Central Kolkata,60,Biryani
444315,Bibwewadi,Pune,Pan Biryani,200,2.9,80,Bibwewadi,51,Biryani
443929,Himayath Nagar,Hyderabad,Delite Pizza And Shakes,200,2.9,80,Himayath Nagar,52,Pizzas
442470,Residency Road,Bangalore,The Brooklyn Creamery - Healthy Ice Cream,200,2.9,80,Residency Road,37,Desserts
442044,Vanasthalipuram,Hyderabad,The Manufactory Shakes,200,2.9,80,Vanasthalipuram,69,Bengali
441378,Shivaji Nagar,Pune,Cafe Spice Wave,200,2.9,80,Shivaji Nagar,52,American
441042,Himayath Nagar,Hyderabad,New Royal Kitchen,200,2.9,80,Himayath Nagar,46,Italian
440045,Laldarwaja,Ahmedabad,S. K. A-One Bombay Bhathiyara,200,2.9,80,Laldarwaja,40,Biryani
439959,Isanpur,Ahmedabad,Tea Post A Place To Talk,200,2.9,80,Isanpur,48,Bengali
438073,George Town,Chennai,Yummy Shawarma,200,2.9,80,George Town,57,Arabian
437557,Charminar,Hyderabad,Feel In Saudia,200,2.9,80,Charminar,55,Bengali
435567,Jadavpur,Kolkata,Toyo Kombucha,200,2.9,80,Jadavpur,85,Bengali
435146,Salt Lake,Kolkata,Supermoon,200,2.9,80,Salt Lake,64,Pizzas
434898,Ghatkopar Vikhroli,Mumbai,Mahavir Sweets And Farsan,200,2.9,80,Ghatkopar Vikhroli,50,Desserts
434773,Swargate,Pune,Vadilal Ice Cream,200,2.9,80,Swargate,36,Desserts
434609,Koramangala,Bangalore,Rolls & Wraps,200,2.9,80,Koramangala,56,Pizzas
433675,Dhankawadi,Pune,Mountain Mikes Pizza,200,2.9,80,Dhankawadi,81,Italian
432101,Piplod,Surat,Pizza Pedlar,200,2.9,80,Piplod,71,Pizzas
431946,Ghatkopar Vikhroli,Mumbai,Cakes By Chocolate Heaven,200,2.9,80,Ghatkopar Vikhroli,50,Desserts
431485,Ruby Area,Kolkata,Foodie Folks,200,2.9,80,Ruby Area,79,Bengali
430964,Central Kolkata,Kolkata,Pizza Hutt,200,2.9,80,Central Kolkata,83,Pizzas
429228,Himayath Nagar,Hyderabad,Shawarma House,200,2.9,80,Himayath Nagar,33,Arabian
429138,Laldarwaja,Ahmedabad,A-One Bombay Biryani,200,2.9,80,Laldarwaja,45,Biryani
428100,Narayan Peth,Pune,Havmor Ice Cream,200,2.9,80,Swargate,33,Desserts
426940,Burrabazar,Kolkata,Mahal Restaurant,200,2.9,80,Burrabazar,41,Bengali
425795,Sinhgad Road,Pune,Ars Arebian Shawarma,200,2.9,80,Sinhgad Road,71,Arabian
425752,Salt Lake,Kolkata,Loafers Cafe,200,2.9,80,Salt Lake,60,Desserts
422933,Naranpura,Ahmedabad,Rps Pizzeria,200,2.9,80,Naranpura,50,Pizzas
420759,Annanagar,Chennai,Pizza Mechanics,200,2.9,80,Annanagar,87,Pizzas
418879,Vadapalani,Chennai,Lassi No 1,200,2.9,80,Vadapalani,72,Bengali
417036,Central Kolkata,Kolkata,Faloodah By Purple Foods,200,2.9,80,Ajc Bose Road,58,Bengali
412059,Alipore,Kolkata,Kitchen By The Pond,200,2.9,80,Alipore,94,Bengali
411523,Banjara Hills,Hyderabad,Vadapav & More,200,2.9,80,Banjara Hills,63,Bengali
410943,Tolichowki,Hyderabad,Shawarma Spot,200,2.9,80,Tolichowki,76,Arabian
408756,Banjara Hills,Hyderabad,Lassi & Falooda Co,200,2.9,80,Banjara Hills,65,Bengali
408153,Alipore,Kolkata,The Bread Ninja,200,2.9,80,Alipore,77,Italian
406043,Nallakunta & Vidyanagar,Hyderabad,Lassi N Cafe,200,2.9,80,Nallakunta & Vidyanagar,40,Bengali
405435,Basavanagudi,Bangalore,Bihar Babu,200,2.9,80,Basavanagudi,39,Punjabi
405432,Basavanagudi,Bangalore,Bhojnayala,200,2.9,80,Basavanagudi,45,Punjabi
405430,Basavanagudi,Bangalore,Apna Ghar,200,2.9,80,Basavanagudi,45,Punjabi
404652,Jodhpur Cross Road,Ahmedabad,Mad Over Juice,200,2.9,80,Prahlad Nagar,52,Bengali
402841,Kothrud,Pune,Kouzina Kafe - The Food Court,200,2.9,80,Kothrud,51,American
402695,Navrangpura,Ahmedabad,The Brooklyn Creamery - Healthy Ice Cream,200,2.9,80,Near Jain Dairy,37,Desserts
401201,Kurla,Mumbai,Taste Corner,200,2.9,80,Kurla,37,Tandoor
399450,Nsp,Delhi,Village Pizza,200,2.9,80,Nsp,51,Pizzas
398829,Central Kolkata,Kolkata,Aalishan Restaurant & Caterer,200,2.9,80,Central Kolkata,47,Biryani
394769,Powai,Mumbai,149@Biryani,200,2.9,80,Powai,59,Biryani
391743,Varachha,Surat,Farki,200,2.9,80,Katargam,57,Desserts
390408,Basavanagudi,Bangalore,Breakfast Junction,200,2.9,80,Basavanagudi,45,Punjabi
390376,Indiranagar,Bangalore,New Taj Briyani,200,2.9,80,Indiranagar,55,Biryani
388996,Athwa,Surat,M.P. Tandoori Chicken 65,200,2.9,80,Athwa,44,Tandoor
387880,Perambur,Chennai,Csoning Shawarma Perambur,200,2.9,80,Perambur,67,Arabian
386006,Central Kolkata,Kolkata,New Lazzat Biryani,200,2.9,80,Central Kolkata,56,Biryani
383502,Uppal,Hyderabad,Sh Shawarma,200,2.9,80,Uppal,47,Arabian
383270,Egmore,Chennai,Bismi Kebab Corner,200,2.9,80,Egmore,46,Biryani
381838,South Kolkata,Kolkata,37 Relish Route,200,2.9,80,South Kolkata,82,Bengali
381284,Naranpura,Ahmedabad,Flourish Lounge Cafe,200,2.9,80,Naranpura,52,Bengali
381004,Jadavpur,Kolkata,Yummy Express,200,2.9,80,Jadavpur,84,American
379224,Annanagar,Chennai,Gita'S Homemade,200,2.9,80,Annanagar,72,Andhra
376168,Rajouri Garden,Delhi,White Cub,200,2.9,80,Rajouri Garden,78,Desserts
371085,Tangra,Kolkata,Him Cream,200,2.9,80,Salt Lake,60,Desserts
366043,Koyambedu,Chennai,Keerthana Food Center,200,2.9,80,Koyambedu,77,Biryani
364970,Cit Nagar,Chennai,The Royal Snacks,200,2.9,80,T Nagar,81,Pizzas
362318,Taltala,Kolkata,Biryani Corner (Shahi Biryani House),200,2.9,80,Central Kolkata,58,Biryani
356907,Lake Town,Kolkata,Krazzy For Ice Cream Sundae,200,2.9,80,Lake Town,73,Desserts
354893,Patel  Nagar,Delhi,Sk 2 Pizza And Burger,200,2.9,80,Kirti Nagar,71,Pizzas
348395,Rohini,Delhi,The Burger Bistro,200,2.9,80,Rohini,52,American
341010,Kurla,Mumbai,The King Cakes & Crunchies,200,2.9,80,Kurla,37,Desserts
338518,Topsia,Kolkata,A One Collfi,200,2.9,80,Tangra,69,Desserts
338514,Khadia,Ahmedabad,Old Delhi Biryani,200,2.9,80,Laldarwaja,40,Biryani
331189,Purasawalkam,Chennai,Id Coffee,200,2.9,80,Purasawalkam,40,Bengali
328350,Himayatnagar,Hyderabad,Brownie Heaven,200,2.9,80,Himayath Nagar,38,Desserts
326294,New Gayatri Nagar,Hyderabad,Special Cakes,200,2.9,80,Kothapet & Dilsukhnagar,74,Desserts
325021,Rohini,Delhi,Destiny Of D3,200,2.9,80,Rohini Sector 7,38,Punjabi
321087,Kondhwa,Pune,Teashots,200,2.9,80,Kondhwa,74,Pizzas
320773,Haltu,Kolkata,Emperor Biryani,200,2.9,80,Santoshpur,96,Biryani
318658,Chickpet,Bangalore,Healthy Beverages By Adigas,200,2.9,80,Majestic,47,Bengali
312578,Bavdhan,Pune,Cafe Wth Pune,200,2.9,80,Kothrud,71,Bengali
307042,Dum Dum Park,Kolkata,Cakes & Shapes,200,2.9,80,Lake Town,81,Desserts
306503,Dumdum,Kolkata,"Anjali	Caterer",200,2.9,80,Dumdum,93,Bengali
306261,South Dumdum,Kolkata,Gouri Snacks,200,2.9,80,Lake Town,81,Biryani
305652,Jodhpur Park,Kolkata,Hirak Rajar Deshe,200,2.9,80,Jadavpur,86,Bengali
301073,Kilpauk,Chennai,Rolls On Wheels,200,2.9,80,Kilpauk,51,Desserts
299311,Jamalia,Chennai,Waffle Dreams,200,2.9,80,Perambur,52,Bengali
290143,Sadashiv Peth,Pune,Lassi Magic,200,2.9,80,Sadashiv Peth Pune,45,Bengali
263170,Ashok Nagar,Bangalore,Waffle Royale,200,2.9,80,Central Bangalore,38,Desserts
255752,Perambur,Chennai,Dfc Pizza,200,2.9,80,Perambur,73,Italian
251318,Kodambakkam,Chennai,Rasna Buzz,200,2.9,80,Vadapalani,76,Bengali
247759,Chembur,Mumbai,Mamlekar Nx,200,2.9,80,Chembur,54,Desserts
218372,Topsia,Kolkata,Afsa Biriyani,200,2.9,80,Tangra,71,Biryani
209225,Chembur,Mumbai,London Dairy,200,2.9,80,Chembur,45,Desserts
208829,Royapuram,Chennai,Kulfi Treat,200,2.9,80,Suriya Narayana Road,58,Desserts
198881,New Alipore,Kolkata,Agarwal'S Street Cafe,200,2.9,80,Jadavpur,91,American
193363,Chembur,Mumbai,Jagvi Udipi Fast Food,200,2.9,80,Khardev Nagar,62,Biryani
193313,Rajajinagar,Bangalore,Shawarma Grill House,200,2.9,80,Rajajinagar,56,Arabian
180171,Rohini,Delhi,Biryani Zaika,200,2.9,80,Sector 7 Rohini,45,Biryani
177865,Triplicane,Chennai,Super Bombay Kulfi Natural Ice Cream Milkshake And Chats,200,2.9,80,Jhony John Khan Road,47,Desserts
172624,Khokhra,Ahmedabad,Shree Bhairavnath Punjabi Bhojnalay,200,2.9,80,Alankar Complex,47,Punjabi
136798,Pitam Pura,Delhi,Bad Food,200,2.9,80,Rohini,63,Italian
123390,Sector 7 Rohini,Delhi,Bingers Biryani,200,2.9,80,Rohini,38,Biryani
107823,Sector 37,Delhi,Italiano Kitchen,200,2.9,80,Rithala Metro Station Sai Baba Mandir,49,Italian
65530,Seshadripuram,Bangalore,Mama Mia!,200,2.9,80,Kumara Park,51,Desserts
46593,Kothrud,Pune,Hotel Surya Biryani,200,2.9,80,Kothrud,75,Punjabi
46126,Ballygunge,Kolkata,Tara'S Kitchen,200,2.9,80,Ekdalia,80,Bengali
20568,Bibwewadi,Pune,Koffee Villa,200,2.9,80,Lake Town Road,72,Pizzas
455700,Scruz Bandra East,Mumbai,Arani Snacks,200,2.9,80,Scruz Bandra East,44,Snacks
452010,Rohini,Delhi,Silver Apple,200,2.9,80,Rohini,60,Snacks
449439,Maninagar,Ahmedabad,Bhimsing Bhaji Pav,200,2.9,80,Maninagar,46,Snacks
445291,Paldi & Ambawadi,Ahmedabad,Hd'S Frankies And Burgers,200,2.9,80,Paldi & Ambawadi,44,Snacks
428773,Vastrapur,Ahmedabad,Puffx Live Puff,200,2.9,80,Vastrapur,47,Snacks
428717,Kothapet & Dilsukhnagar,Hyderabad,Chai Vaai Cafe,200,2.9,80,Kothapet & Dilsukhnagar,55,Snacks
424870,Himayath Nagar,Hyderabad,Govindaas Sweet And Snacks,200,2.9,80,Himayath Nagar,37,Snacks
422113,Ghatkopar Vikhroli,Mumbai,Banglore Iyangars Bakery And Cake,200,2.9,80,Ghatkopar Vikhroli,54,Snacks
420750,Annanagar,Chennai,Sudhas Chaat And Sweets,200,2.9,80,Annanagar,69,Snacks
414486,Isanpur,Ahmedabad,Tgb Bakery,200,2.9,80,Isanpur,53,Snacks
397954,Rohini,Delhi,Cake All Time,200,2.9,80,Rohini,56,Snacks
397913,Maninagar,Ahmedabad,Baked By Nini S,200,2.9,80,Maninagar,54,Snacks
390512,Naranpura,Ahmedabad,Priti'S Kitchen,200,2.9,80,Naranpura,54,Snacks
376372,Navrangpura,Ahmedabad,Apnaa Addaa,200,2.9,80,Navrangpura,45,Snacks
349173,Perambur,Chennai,Bon Appet-Eat,200,2.9,80,Perambur,72,Snacks
346529,Paldi,Ahmedabad,Star The Cake Shop,200,2.9,80,Paldi & Ambawadi,35,Snacks
332709,Piplod,Surat,Followers Food Factory-F3,200,2.9,80,Piplod,39,Snacks
329704,Egmore,Chennai,Sandwich Town,200,2.9,80,Egmore,39,Snacks
246047,Jayanagar,Bangalore,Parimala Sweets,200,2.9,80,Jayanagar,54,Snacks
194256,Paldi,Ahmedabad,Karnavati Snacks,200,2.9,80,Science City,33,Snacks
184584,Gokhalenagar,Pune,Banglore Iyanger Bakery,200,2.9,80,Shivaji Nagar,49,Snacks
106756,Kurla,Mumbai,One More Bite,200,2.9,80,Kurla,43,Snacks
90696,Anna Nagar,Chennai,Firangi Falooda,200,2.9,80,Anna Nagar,65,Snacks
88424,Bandra East,Mumbai,Gupta Bhelpuri Center,200,2.9,80,Bkc,52,Snacks
60573,Ayanavaram,Chennai,Eat Me,200,2.9,80,Anna Nagar,54,Snacks
47896,Ghatkopar West,Mumbai,Tosita Bakery,200,2.9,80,Ghatkopar Vikhroli,50,Snacks
466297,Chembur,Mumbai,Bombay Seekh Corner,200,2.9,80,Chembur,53,Snacks
462156,Central Kolkata,Kolkata,Spice Wok,200,2.9,80,Central Kolkata,46,Snacks
459845,Adajan,Surat,Bombay Sandwich Badshah,200,2.9,80,Adajan,46,Snacks
459564,Rohini,Delhi,Pan & Grill,200,2.9,80,Rohini,55,Snacks
459098,Uppal,Hyderabad,Taj Bakery,200,2.9,80,Uppal,54,Snacks
456957,Adajan,Surat,Raju Omlet,200,2.9,80,Adajan,51,Snacks
454371,Purasawalkam,Chennai,Le Shawarmez,200,2.9,80,Purasawalkam,45,Snacks
454099,Ameerpet,Hyderabad,The Tim Cafe,200,2.9,80,Ameerpet,74,Snacks
453959,Central Kolkata,Kolkata,The Red Velvet Bakery,200,2.9,80,Central Kolkata,57,Snacks
453197,Dumdum,Kolkata,Kathleen Cake Shop,200,2.9,80,Dumdum,71,Snacks
451612,Tarnaka  Nacharam & Malkajigiri,Hyderabad,Yummy And Cakes Fast Food,200,2.9,80,Tarnaka  Nacharam & Malkajigiri,71,Snacks
450571,Chembur,Mumbai,Freezo Cakes,200,2.9,80,Chembur,58,Snacks
450484,Rohini,Delhi,The Special Roll,200,2.9,80,Rohini,45,Snacks
450125,Piplod,Surat,Citro Bake House,200,2.9,80,Piplod,64,Snacks
449055,Indiranagar,Bangalore,Anjana Iyengar Bakery And Chats,200,2.9,80,Indiranagar,57,Snacks
445592,Camp,Pune,Swarajya Wadewale,200,2.9,80,Camp,33,Snacks
438995,Kondhwa,Pune,United Tastes,200,2.9,80,Kondhwa,68,Snacks
434794,Jadavpur,Kolkata,Real Food'S,200,2.9,80,Jadavpur,90,Snacks
424641,Kothrud,Pune,Out Of The Oven,200,2.9,80,Kothrud,66,Snacks
424029,Viman Nagar,Pune,The Burger Story,200,2.9,80,Viman Nagar,77,Snacks
416640,Central Kolkata,Kolkata,Brunch Italino,200,2.9,80,Central Kolkata,60,Snacks
414114,Camp,Pune,Classic Pav Bhaji,200,2.9,80,Camp,40,Snacks
414014,Malleshwaram,Bangalore,Cakes Joint,200,2.9,80,Malleshwaram,64,Snacks
411757,Annanagar,Chennai,Continent Vegetaria,200,2.9,80,Annanagar,84,Snacks
408310,Rohini,Delhi,Combo Express,200,2.9,80,Rohini,44,Snacks
407187,Shivaji Nagar,Pune,Hot Kathi Rolls,200,2.9,80,Shivaji Nagar,45,Snacks
402783,Central Bangalore,Bangalore,Kouzina Kafe  The Food Court,200,2.9,80,Central Bangalore,48,Snacks
400308,Vastral,Ahmedabad,Bombay Pavbhaji,200,2.9,80,Vastral,51,Snacks
393705,Matunga Wadala,Mumbai,Souffle Cake Shop Sion,200,2.9,80,Matunga Wadala,48,Snacks
392283,Nallakunta & Vidyanagar,Hyderabad,Bachchu S Chaat By Phulkaas,200,2.9,80,Nallakunta & Vidyanagar,39,Snacks
389732,Adajan,Surat,The New Shivam Bakery,200,2.9,80,Adajan,60,Snacks
387878,Chembur,Mumbai,Vijay Bhelpuri,200,2.9,80,Chembur,45,Snacks
386082,Vastral,Ahmedabad,Eatry Zone,200,2.9,80,Vastral,72,Snacks
382904,Basaveshwaranagar,Bangalore,Jai Matharani Chats,200,2.9,80,Basaveshwaranagar,57,Snacks
365680,Mandaveli,Chennai,Kaapi Zone,200,2.9,80,Mylapore,72,Snacks
360001,Antop Hill,Mumbai,Street 528,200,2.9,80,Matunga Wadala,55,Snacks
350104,Athwa,Surat,Cake Eggless,200,2.9,80,Piplod,52,Snacks
343978,Jayanagar,Bangalore,Eat O Clock,200,2.9,80,Rashtriya Vidyalaya Rd,50,Snacks
336366,Beleghata,Kolkata,The Exclusive Cake Bakery,200,2.9,80,Burrabazar,52,Snacks
335636,Choolaimedu,Chennai,Zwarma,200,2.9,80,Vadapalani,62,Snacks
332655,Wadgaon Sheri,Pune,Om Sai Wadewale,200,2.9,80,Viman Nagar,78,Snacks
308027,Sadashiv Peth,Pune,Cake  Town,200,2.9,80,Swargate,38,Snacks
302329,Shivajinagar,Pune,Cakeshahi,200,2.9,80,Shivaji Nagar,37,Snacks
290309,Beleghata,Kolkata,Bingocakes,200,2.9,80,Kankurgachi,52,Snacks
249290,Shivajinagar,Pune,Millie'S Cookies,200,2.9,80,Senapati Bapat Road,52,Snacks
227447,Kilpauk,Chennai,Waffle Shack,200,2.9,80,Kilpauk,49,Snacks
225573,Purasaiwakkam,Chennai,Kekiz - The Cake Shop,200,2.9,80,Purasawalkam,44,Snacks
167670,Ashok Nagar,Bangalore,Easy Bites By Hotel Empire,200,2.9,80,Church Street Off,44,Snacks
150582,Kuber Nagar,Ahmedabad,New Krishna Bakery,200,2.9,80,Kubernagar,80,Snacks
49600,Chembur,Mumbai,Bro'S Kitchen,200,2.9,80,Chembur,52,Snacks
49007,Ashok Vihar,Delhi,Cake 24X7,200,2.9,80,Opposite Sbi,58,Snacks
457872,Piplod,Surat,Tropical Fusion,200,2.9,80,Piplod,59,Fast Food
454498,Arumbakkam,Chennai,Rajalakshmi Home Cooking,200,2.9,80,Arumbakkam,64,Fast Food
452638,Adajan,Surat,Kutchi King,200,2.9,80,Adajan,46,Fast Food
452141,Varachha,Surat,Akshar Varni Pavbhaji,200,2.9,80,Varachha,55,Fast Food
451645,Laldarwaja,Ahmedabad,Kgfc Restaurant,200,2.9,80,Laldarwaja,46,Fast Food
450844,Sinhgad Road,Pune,Healthycious,200,2.9,80,Sinhgad Road,71,Fast Food
449858,Kothrud,Pune,Yash Pavbhaji And Paratha House,200,2.9,80,Kothrud,55,Fast Food
449627,Athwa,Surat,Kaka'S Cafe,200,2.9,80,Athwa,40,Fast Food
443617,Sarthana,Surat,Akshar Pavbhaji And Chinese,200,2.9,80,Sarthana,50,Fast Food
423786,Viman Nagar,Pune,Sudama Bhel,200,2.9,80,Viman Nagar,74,Fast Food
421134,Purasawalkam,Chennai,The Hut,200,2.9,80,Purasawalkam,49,Fast Food
391508,Sinhgad Road,Pune,Maljis Saiba Farsan Bhelpuri Center,200,2.9,80,Sinhgad Road,47,Fast Food
376271,Jayanagar,Bangalore,Nammur Joint,200,2.9,80,Jayanagar,50,Fast Food
375811,Nava Vadaj,Ahmedabad,Shreeji Sandwich Center,200,2.9,80,Naranpura,50,Fast Food
355702,T Nagar,Chennai,Sugarcane Jks Shop,200,2.9,80,T Nagar,88,Fast Food
307143,Vastrapur,Ahmedabad,Bread Box Sandesh Press,200,2.9,80,Vastrapur,38,Fast Food
261259,Santacruz East,Mumbai,Juhu Chaatwala,200,2.9,80,Scruz Bandra East,38,Fast Food
253828,Santacruz East,Mumbai,French Fries Fusion,200,2.9,80,Scruz Bandra East,47,Fast Food
253822,Santacruz East,Mumbai,Sandwich Plus,200,2.9,80,Scruz Bandra East,38,Fast Food
209038,Aundh,Pune,Desi Flavours,200,2.9,80,Aundh,71,Fast Food
187314,Shivajinagar,Pune,Wich Wich,200,2.9,80,Shivaji Nagar,37,Fast Food
185579,Adajan,Surat,Lucky Pav Bhaji,200,2.9,80,Nr Bhulka Bhavan School,47,Fast Food
160975,Vastrapur,Ahmedabad,Santosh Fast Food,200,2.9,80,Vastrapur,49,Fast Food
147655,Paldi,Ahmedabad,Ashapura Fast Food,200,2.9,80,Paldi & Ambawadi,36,Fast Food
145832,Khadia,Ahmedabad,Bombay Gulalwadi Bhajipav-Manek Chowk,200,2.9,80,Manek Chowk,44,Fast Food
138163,Shivajinagar,Pune,Cafe Rudra,200,2.9,80,Shivaji Nagar,47,Fast Food
123664,Athwa,Surat,Madras Dosa Center,200,2.9,80,City Light,44,Fast Food
97724,Kothrud,Pune,Hari Om Juice Bar,200,2.9,80,Kothrud,48,Fast Food
91682,Choolai,Chennai,Kolkata Express,200,2.9,80,Choolai,46,Fast Food
51160,Ghatkopar East,Mumbai,Krishna Cafe,200,2.9,80,Ghatkopar E,54,Fast Food
46979,Parvati Paytha,Pune,A1 Pizza Sandwich And Burger,200,2.9,80,Sant Nagar,57,Fast Food
23183,Guru Nanak Nagar,Pune,Chaat Bazaar,200,2.9,80,Kumar Pacific Mall,52,Fast Food
20801,Dhankawadi,Pune,Tft Creams And Snacks,200,2.9,80,Sambhagi Nagar,66,Fast Food
454445,Kothrud,Pune,Samarth Pav Bhaji Juice Centre,200,2.9,80,Kothrud,52,Fast Food
454443,Scruz Bandra East,Mumbai,Delish Munchies,200,2.9,80,Scruz Bandra East,47,Fast Food
454128,South Kolkata,Kolkata,Zees Kitchen,200,2.9,80,South Kolkata,56,Fast Food
453805,Shivaji Nagar,Pune,Ronak Pav Bhaji And Juice Bar,200,2.9,80,Shivaji Nagar,51,Fast Food
453146,Indiranagar,Bangalore,Happy Kydz Cafe,200,2.9,80,Indiranagar,61,Fast Food
452049,Dumdum,Kolkata,Mai Aur Meri Chai,200,2.9,80,Dumdum,77,Fast Food
450811,Swargate,Pune,Jayashree Pavbhaji And Juice Bar,200,2.9,80,Swargate,45,Fast Food
449174,Salt Lake,Kolkata,French Fry Snacks,200,2.9,80,Salt Lake,77,Fast Food
449162,Ruby Area,Kolkata,What'S Your Need,200,2.9,80,Ruby Area,68,Fast Food
449111,Chembur,Mumbai,Maharashtrian Katta,200,2.9,80,Chembur,54,Fast Food
448370,Sector V Salt Lake,Kolkata,Arabian Wraps,200,2.9,80,Sector V Salt Lake,48,Fast Food
447677,Sion Bhakti Park,Mumbai,Sandwich Hub,200,2.9,80,Sion Bhakti Park,52,Fast Food
446956,Central Kolkata,Kolkata,Bismillah Stores,200,2.9,80,Central Kolkata,48,Fast Food
445723,Salunkhe Vihar,Pune,Anda 420,200,2.9,80,Koregaon Park,75,Fast Food
444850,Jadavpur,Kolkata,Cafe Mon,200,2.9,80,Jadavpur,78,Fast Food
439357,Secunderabad,Hyderabad,Snack Sutra,200,2.9,80,Secunderabad,79,Fast Food
435903,Prahlad Nagar,Ahmedabad,Food Town,200,2.9,80,Prahlad Nagar,48,Fast Food
432027,Kalyani Nagar,Pune,Southin Cafe,200,2.9,80,Kalyani Nagar,63,Fast Food
428123,Salt Lake,Kolkata,The Big Wrap,200,2.9,80,Salt Lake,81,Fast Food
421128,Perambur,Chennai,The Sandwich Project,200,2.9,80,Perambur,58,Fast Food
419476,Andheri East,Mumbai,Radhakrishna Pav Bhaji Centre,200,2.9,80,Andheri East,64,Fast Food
418484,Safal Square Vesu,Surat,Indian Chicken Express,200,2.9,80,Vesu,60,Fast Food
415825,Bibwewadi,Pune,Grab Popcorn,200,2.9,80,Bibwewadi,54,Fast Food
411187,Dhankawadi,Pune,Burger.Com,200,2.9,80,Dhankawadi,81,Fast Food
410677,Sithaphalmandi,Hyderabad,Robin Pizza Den,200,2.9,80,Nallakunta & Vidyanagar,59,Fast Food
403977,Aundh,Pune,In Between,200,2.9,80,Aundh,74,Fast Food
402167,Rohini,Delhi,Dl Roll Bo55,200,2.9,80,Rohini,45,Fast Food
398106,Ghatkopar Vikhroli,Mumbai,Momos Magic,200,2.9,80,Byculla,48,Fast Food
392280,Hatibagan,Kolkata,Vantus,200,2.9,80,Shyambazar,52,Fast Food
387307,Athwa,Surat,The Sky 369 Fast Food,200,2.9,80,Athwa,40,Fast Food
386095,Jadavpur,Kolkata,The Kunals Kitchen,200,2.9,80,Jadavpur,78,Fast Food
384498,Central Bangalore,Bangalore,Cool Town,200,2.9,80,Central Bangalore,49,Fast Food
379121,Mylapore,Chennai,The Nosh,200,2.9,80,Mylapore,67,Fast Food
378029,Piplod,Surat,Cafe Ashiana,200,2.9,80,Piplod,64,Fast Food
375792,Kuber Nagar,Ahmedabad,Best Omlet,200,2.9,80,Naroda,86,Fast Food
373756,Rajajinagar,Bangalore,Chaska,200,2.9,80,Basaveshwaranagar,68,Fast Food
368003,Jodhpur Village,Ahmedabad,Rajshree Sandwich,200,2.9,80,Prahlad Nagar,45,Fast Food
367108,Villivakkam,Chennai,Csoning Shawarmas,200,2.9,80,Nungambakkam,69,Fast Food
363697,Khokhra,Ahmedabad,Manna Foods,200,2.9,80,Maninagar,53,Fast Food
363085,Marol,Mumbai,The Chums,200,2.9,80,Marol,55,Fast Food
339726,Elgin,Kolkata,Olive-Hotelniharika,200,2.9,80,Central Kolkata,66,Fast Food
331430,Anand Nagar,Pune,Snehas Kitchen,200,2.9,80,Sinhgad Road,70,Fast Food
324004,Rohini,Delhi,Lazeez,200,2.9,80,Rohini,46,Fast Food
320772,Haltu,Kolkata,A Gin A Moto,200,2.9,80,Santoshpur,94,Fast Food
312237,Ballygunge,Kolkata,The Roll Co.,200,2.9,80,Central Kolkata,68,Fast Food
305596,Powai,Mumbai,Fat Punjabi,200,2.9,80,Powai,51,Fast Food
303210,University Area,Ahmedabad,Uncle Momo,200,2.9,80,Navrangpura,45,Fast Food
299680,Kothrud,Pune,Box.72,200,2.9,80,Kothrud,49,Fast Food
298400,Raja Bazar,Kolkata,Lazeez  Fast  Food  Centre,200,2.9,80,Opposite Hind Mahal,45,Fast Food
290829,Rohini,Delhi,Sukh Chai,200,2.9,80,Rajapur Sector 9,46,Fast Food
279815,Indiranagar,Bangalore,Maggination,200,2.9,80,Indiranagar,61,Fast Food
239920,Perambur,Chennai,Chennai Mugil Soup,200,2.9,80,Thiru.Vi.Ka.Nagar,59,Fast Food
200716,Khar West,Mumbai,Desi Shawarma,200,2.9,80,Opposite Singapore Arcade,56,Fast Food
187580,Phoenix Mall,Mumbai,Tibb'S Frankie,200,2.9,80,Phoenixkurla,43,Fast Food
182139,Baguihati,Kolkata,Chicken Xperience By Venkys,200,2.9,80,Salt Lake,95,Fast Food
177336,Tondiarpet,Chennai,Delicious Pizza,200,2.9,80,Washermenpet,81,Fast Food
174554,Mohammed Wadi,Pune,Immuneaty,200,2.9,80,Kondhwa,89,Fast Food
164668,Alwarpet,Chennai,Gogo Thai,200,2.9,80,Alwarpet,71,Fast Food
155638,Khar West,Mumbai,Just Frys,200,2.9,80,Opposite Singapore Arcade,58,Fast Food
154826,Adajan,Surat,Swaad-E-Darbar,200,2.9,80,Pal,69,Fast Food
140498,Shyam Bazar,Kolkata,North Pole,200,2.9,80,Fariapukur,53,Fast Food
131637,Bibwewadi,Pune,Roll Bites,200,2.9,80,Yerwada,51,Fast Food
122773,Amroli,Surat,Raja Omelette 2,200,2.9,80,Amroli,66,Fast Food
115274,Vesu,Surat,Paan Casa,200,2.9,80,Vesu,58,Fast Food
47771,Kondhwa,Pune,Foodies 365,200,2.9,80,Wanowrie,71,Fast Food
47025,Erandwane,Pune,Roll Club,200,2.9,80,Erandwane,49,Fast Food
43128,Kondhwa,Pune,Yumme Tumme,200,2.9,80,Kondhwa,69,Fast Food
41981,Camp,Pune,Cafe 52,200,2.9,80,Camp,36,Fast Food
36159,Bkc,Mumbai,Devil'S Kitchen,200,2.9,80,Government Colony Bandra,47,Fast Food
457951,Kirti Nagar,Delhi,Sindhi Namkeen & More,200,2.9,80,Kirti Nagar,68,Indian
456753,Ghatkopar Vikhroli,Mumbai,Krishna Vihar (Sashi Lunch Home),200,2.9,80,Ghatkopar Vikhroli,43,Indian
456166,Kothrud,Pune,Foodie Nator,200,2.9,80,Kothrud,50,Indian
450842,Athwa,Surat,Shekhawati Hotel,200,2.9,80,Athwa,47,Indian
444268,Rohini,Delhi,The Real Spicy,200,2.9,80,Rohini,38,Indian
443138,Aundh,Pune,New Paratha Center,200,2.9,80,Aundh,69,Indian
440257,Navrangpura,Ahmedabad,Mahalaxmi Bhojnalaya,200,2.9,80,Navrangpura,46,Indian
438809,Sarthana,Surat,Shiva Garden Restaurant,200,2.9,80,Sarthana,66,Indian
435632,Isanpur,Ahmedabad,Thali Express,200,2.9,80,Isanpur,55,Indian
434743,Isanpur,Ahmedabad,The House Of Kitchen,200,2.9,80,Isanpur,55,Indian
426351,Alipore,Kolkata,Mac Kitchen,200,2.9,80,Alipore,95,Indian
420467,Kothrud,Pune,Mummyjis,200,2.9,80,Kothrud,60,Indian
418077,Vastral,Ahmedabad,Ashirwad Dining Hall,200,2.9,80,Vastral,75,Indian
411982,Central Bangalore,Bangalore,Pure Punjabi Dhaba,200,2.9,80,Central Bangalore,40,Indian
401306,George Town,Chennai,Guna Bhai Dosa,200,2.9,80,George Town,45,Indian
390912,Begumpet,Hyderabad,Ice Cream Corner,200,2.9,80,Prakash Nagar,72,Indian
352002,Vatva,Ahmedabad,Mom'S Boys Cafe,200,2.9,80,Vatva,80,Indian
349791,Navrangpura,Ahmedabad,Johnny Da Dhaba,200,2.9,80,Navrangpura,38,Indian
312443,Navrangpura,Ahmedabad,Shri Shayona Dairy,200,2.9,80,Navrangpura,54,Indian
310357,Navrangpura,Ahmedabad,New Mumbai Fresh Vadapav,200,2.9,80,Navrangpura,36,Indian
294750,Behala,Kolkata,Mirch Masala (The Veg Hub ),200,2.9,80,Alipore,90,Indian
259466,Gandhi Nagar,Chennai,Chennai Creams,200,2.9,80,Nungambakkam,59,Indian
198051,Sarthana,Surat,Green Foods,200,2.9,80,Yogi Chowk,54,Indian
161375,Andheri East,Mumbai,Just Rice,200,2.9,80,Pream Nagar Sakivihar Road,68,Indian
459446,Burrabazar,Kolkata,Tewari Sweets,200,2.9,80,Burrabazar,43,Indian
458570,Rohini,Delhi,Kitchen Queen,200,2.9,80,Rohini,46,Indian
457320,South Kolkata,Kolkata,Ahar Amaze,200,2.9,80,South Kolkata,81,Indian
455341,Ghatkopar Vikhroli,Mumbai,Kk (Khaokujao),200,2.9,80,Ghatkopar Vikhroli,60,Indian
454171,Navrangpura,Ahmedabad,Oye! Tandoor,200,2.9,80,Navrangpura,44,Indian
454058,Kothrud,Pune,Atithi Family Restaurant And Bar,200,2.9,80,Kothrud,73,Indian
452858,Kothapet & Dilsukhnagar,Hyderabad,Mana Inti Ruchulu,200,2.9,80,Kothapet & Dilsukhnagar,56,Indian
451897,Kondhwa,Pune,Gausiya Restaurant,200,2.9,80,Kondhwa,74,Indian
447672,Sion Bhakti Park,Mumbai,The Spicy,200,2.9,80,Sion Bhakti Park,52,Indian
446655,Santacruz East Mumbai.,Mumbai,Sai Kripa Fast Food Hotel,200,2.9,80,Scruz Bandra East,36,Indian
443002,Kothapet & Dilsukhnagar,Hyderabad,Rahmania Chat Corner,200,2.9,80,Kothapet & Dilsukhnagar,49,Indian
442864,Nallakunta & Vidyanagar,Hyderabad,Tejus Friends Kitchen,200,2.9,80,Nallakunta & Vidyanagar,42,Indian
442772,Piplod,Surat,Nicks Kitcchen,200,2.9,80,Piplod,65,Indian
441668,Isanpur,Ahmedabad,Shree Marutinandan Restaurant,200,2.9,80,Isanpur,80,Indian
440001,Athwa,Surat,Shri Krishna Soup Juice Salad And  Amrutpan Kendra,200,2.9,80,Athwa,44,Indian
433172,Rohini,Delhi,Filhall The Best Multi Cuisine Kitchen,200,2.9,80,Rohini,48,Indian
432877,Matunga Wadala,Mumbai,The Sichuan Dragon,200,2.9,80,Matunga Wadala,54,Indian
432859,Perambur,Chennai,Donut Hut,200,2.9,80,Perambur,53,Indian
432270,Kothrud,Pune,Shawarma Culture,200,2.9,80,Kothrud,62,Indian
431901,Rohini,Delhi,Just 99,200,2.9,80,Rohini,38,Indian
430865,Chembur,Mumbai,Combo Nation,200,2.9,80,Chembur,53,Indian
427572,Rohini,Delhi,The Golden Yolk,200,2.9,80,Rohini,51,Indian
427119,Madhavaram - Manali,Chennai,Madurai Pandiyan Hotel,200,2.9,80,Perumbur,65,Indian
424624,Kurla,Mumbai,Shalimar Juicy,200,2.9,80,Kurla,38,Indian
424467,Mota Varachha,Surat,Pandeyji Restaurant,200,2.9,80,Mota Varachha,60,Indian
424336,Lake Town,Kolkata,Patta Dona,200,2.9,80,Lake Town,86,Indian
424203,Ruby Area,Kolkata,Aamaze Dhaba,200,2.9,80,Ruby Area,87,Indian
422942,Central Bangalore,Bangalore,Foodx Restaurant,200,2.9,80,Central Bangalore,39,Indian
420599,Nungambakkam,Chennai,Lord Of The Drinks,200,2.9,80,Nungambakkam,56,Indian
419423,Central Bangalore,Bangalore,K C Kabab Corner,200,2.9,80,Central Bangalore,38,Indian
418260,Naranpura,Ahmedabad,Butterfly Kitchen,200,2.9,80,Naranpura,52,Indian
417528,Athwa,Surat,A R Chinese,200,2.9,80,Athwa,40,Indian
416545,Bldg No15 /402  Aniket Building  Shivaji Nagar,Mumbai,Tiffins By Sam,200,2.9,80,Kurla,63,Indian
412432,Vadapalani,Chennai,Mystery Of Brew,200,2.9,80,Vadapalani,78,Indian
408650,Himayath Nagar,Hyderabad,Biryani Society,200,2.9,80,Himayath Nagar,37,Indian
400668,Vastral,Ahmedabad,Amdavadi Rasoi,200,2.9,80,Vastral,74,Indian
400250,Scruz Bandra East,Mumbai,Al Zaiqa,200,2.9,80,Scruz Bandra East,51,Indian
398015,Swargate,Pune,Breaking Bread Pune - Mehta Foods,200,2.9,80,Swargate,48,Indian
394642,Viman Nagar,Pune,Krushnakala Khanawal,200,2.9,80,Viman Nagar,71,Indian
394335,Alipore,Kolkata,'@ Thala-E-Wah,200,2.9,80,Alipore,69,Indian
389944,Marol Sakinaka,Mumbai,Al Kareem Restaurant,200,2.9,80,Marol Sakinaka,51,Indian
389367,Ruby Area,Kolkata,Buddy Bites,200,2.9,80,Ruby Area,79,Indian
387856,Vastral,Ahmedabad,Tulsi Dining Hall,200,2.9,80,Vastral,71,Indian
387752,Rohini,Delhi,Amjad Delhi Darbaar,200,2.9,80,Mangolpuri,46,Indian
386011,Sarthana,Surat,Captain Egg,200,2.9,80,Sarthana,59,Indian
384505,Burrabazar,Kolkata,The Black Pepper,200,2.9,80,Burrabazar,62,Indian
383044,Perambur,Chennai,Billy'S,200,2.9,80,Perambur,81,Indian
381488,Jadavpur,Kolkata,The Kindest Biryani,200,2.9,80,Jadavpur,84,Indian
379497,Athwa,Surat,Amar Bhandari Tiffin House,200,2.9,80,Athwa,38,Indian
377149,Navrangpura,Ahmedabad,Tea Post  A Place To Talk,200,2.9,80,Navrangpura,38,Indian
374027,Kothrud,Pune,New Aswad Gomantak,200,2.9,80,Kothrud,55,Indian
369520,Sima Nagar,Surat,Chotiwala Restuarant,200,2.9,80,Rander,61,Indian
362304,Vatva,Ahmedabad,Rinki'S Rasoi,200,2.9,80,Isanpur,90,Indian
353243,Kalyani Nagar,Pune,Dum Laga Ke Biryani,200,2.9,80,Kalyani Nagar,68,Indian
353218,Kalyani Nagar,Pune,Mughal Sarai,200,2.9,80,Kalyani Nagar,67,Indian
348290,University Area,Ahmedabad,The Poutinerie,200,2.9,80,Navrangpura,34,Indian
346275,Rohini - Sector 16,Delhi,Mims Roll N Biryani,200,2.9,80,Gtb Nagar,53,Indian
345144,George Town,Chennai,Cream And Fudge,200,2.9,80,George Town,49,Indian
345070,Jadavpur,Kolkata,Second Wife Restro,200,2.9,80,Jadavpur,86,Indian
340088,Magob,Surat,Hotel Kesar,200,2.9,80,Parvat Patiya,59,Indian
339595,Baguihati,Kolkata,Oye Pizza,200,2.9,80,Kestopur,79,Indian
337995,Kurla (W),Mumbai,Burnt Chillies,200,2.9,80,Kurla,33,Indian
336758,Vishala,Ahmedabad,Grubian,200,2.9,80,Prahlad Nagar,52,Indian
333722,Vadgaon Budruk,Pune,P R Rolls House,200,2.9,80,Sinhgad Road,76,Indian
327991,Indiranagar,Bangalore,Hot Momos,200,2.9,80,Indiranagar,64,Indian
327273,Gokhalenagar,Pune,Mike In 24 Kitchen,200,2.9,80,Shivaji Nagar,53,Indian
326465,Vadapalani,Chennai,Oriental Majik,200,2.9,80,Vadapalani,85,Indian
326155,Bkc,Mumbai,Sagar Kitchen By Sagar Caterers,200,2.9,80,Scruz Bandra East,42,Indian
320369,Paschim Vihar,Delhi,Hotelwaterfall,200,2.9,80,Paschim Vihar,60,Indian
320326,Egmore,Chennai,Grill Wagon,200,2.9,80,Nungambakkam,49,Indian
318593,Koregaon Park,Pune,Witcher'S Den,200,2.9,80,Lane 5,65,Indian
317811,Rohini,Delhi,Jai Shree Radhey Radhey Tiffin Service,200,2.9,80,Rohini,59,Indian
313127,Jadavpur,Kolkata,Sona Caterer,200,2.9,80,Kasba,76,Indian
311470,Ambawadi,Ahmedabad,Twisted Toppings,200,2.9,80,Navrangpura,39,Indian
310078,Kilpauk,Chennai,Chilly Tales Eataliano,200,2.9,80,Kilpauk,49,Indian
307870,Kodungaiyur,Chennai,Vip Sea Foods,200,2.9,80,Perambur,65,Indian
305082,East Kolkata Township,Kolkata,Blues - The Food Point,200,2.9,80,Ruby Area,82,Indian
303592,University Area,Ahmedabad,China In Box,200,2.9,80,Maninagar,49,Indian
297644,University Area,Ahmedabad,Noodle Co.(Navrangpura),200,2.9,80,Navrangpura,49,Indian
297636,Shahpur,Ahmedabad,Marvel Kitchen,200,2.9,80,Laldarwaja,53,Indian
297332,Sherkotda,Ahmedabad,K3 Food Corner,200,2.9,80,Sherkotda Road,37,Indian
294627,Saidabad,Hyderabad,Klip2Deal Homefood,200,2.9,80,Santoshnagar & Saidabad,50,Indian
291652,Matunga,Mumbai,Khavayya House,200,2.9,80,Mahim Dadar,64,Indian
290633,Santacruz East,Mumbai,The Health Local,200,2.9,80,Scruz Bandra East,58,Indian
259560,Bhowanipore,Kolkata,Double Down,200,2.9,80,Central Kolkata,60,Indian
258116,Ashok Nagar,Bangalore,Aaliyar Ambur Dum Biryani,200,2.9,80,Central Bangalore,37,Indian
257408,Athwa,Surat,Lucky Chinese,200,2.9,80,Athwa,49,Indian
192575,Scruz Bandra East,Mumbai,Highway Briyani,200,2.9,80,Scruz Bandra East,37,Indian
191390,Koramangala,Bangalore,Brooks And Bonds Brewery,200,2.9,80,Hsr,66,Indian
177000,Kothrud,Pune,Sitara Hotel,200,2.9,80,Kothrud,66,Indian
171799,Rohini,Delhi,Lazeez Biryani,200,2.9,80,Sector-7,46,Indian
169450,Chembur,Mumbai,Loving Paratha And Roll,200,2.9,80,Jai Hind Nagar,63,Indian
138866,Begampura,Surat,Huseni Restaurant,200,2.9,80,New Textile Market,38,Indian
125546,Karve Nagar,Pune, Hotel Rangda,200,2.9,80,Karvenagar,63,Indian
54585,Taltala,Kolkata,Brother'S Snack,200,2.9,80,New Market Area,50,Indian
460529,Piplod,Surat,Chaska Chinese Corner,200,2.9,80,Piplod,44,Chinese
457083,Varachha,Surat,Food Bites,200,2.9,80,Varachha,44,Chinese
450860,Laldarwaja,Ahmedabad,Gayatri Bhaji Pav And  Pulav Centre (Sohanlal Sahp,200,2.9,80,Laldarwaja,40,Chinese
449191,Adajan,Surat,Shree Bhakti Dhokla And Spices,200,2.9,80,Adajan,46,Chinese
448330,Maninagar,Ahmedabad,Food Costa,200,2.9,80,Maninagar,46,Chinese
447787,Navrangpura,Ahmedabad,Harshail,200,2.9,80,Navrangpura,36,Chinese
446961,Nallakunta & Vidyanagar,Hyderabad,Durga'S Street Delight'S,200,2.9,80,Nallakunta & Vidyanagar,41,Chinese
429308,Ashok Vihar,Delhi,Quickey Snacks Corner,200,2.9,80,Ashok Vihar,70,Chinese
408241,Maninagar,Ahmedabad,Er. Momo'S,200,2.9,80,Maninagar,56,Chinese
363665,Naranpura,Ahmedabad,Prajapati Live Handvo And  Maggi,200,2.9,80,Naranpura,50,Chinese
312796,Kilpauk,Chennai,Tcf - Twinchester Foods,200,2.9,80,Kilpauk,57,Chinese
159643,Piplod,Surat,Madhav Chinese,200,2.9,80,Rundh Magdalla Road,61,Chinese
159496,Rohini,Delhi,S.P.W Pizza,200,2.9,80,Sector 8A,36,Chinese
132623,Basavanagudi,Bangalore,Antarastriya,200,2.9,80,Basavanagudi,53,Chinese
121913,Rohini,Delhi,Vinayak Restaurant,200,2.9,80,Rohini,48,Chinese
465741,Central Kolkata,Kolkata,Sandwich Pizza House,200,2.9,80,Central Kolkata,59,Chinese
458779,Fathima Nagar,Pune,Momos Junction,200,2.9,80,Fathima Nagar,53,Chinese
458664,Tangra,Kolkata,Pooja Food Mart,200,2.9,80,Tangra,58,Chinese
458329,North Dumdum,Kolkata,Hurried & Hungry,200,2.9,80,North Dumdum,69,Chinese
456060,Maninagar,Ahmedabad,Rasila Fast Food,200,2.9,80,Maninagar,44,Chinese
456001,Bandra West,Mumbai,Natures Love Momo,200,2.9,80,Bandra West,54,Chinese
455895,Charminar,Hyderabad,Gharib Nawaz Fast Food & Biryani,200,2.9,80,Charminar,50,Chinese
455664,Piplod,Surat,Grover'S Chinese,200,2.9,80,Piplod,57,Chinese
455502,Purasawalkam,Chennai,Seiko Grill,200,2.9,80,Purasawalkam,50,Chinese
455494,Kurla,Mumbai,Siddhivinayak Restaurant,200,2.9,80,Kurla,44,Chinese
453346,Mehdipatnam,Hyderabad,Food Planet Restaurant,200,2.9,80,Mehdipatnam,49,Chinese
453319,Swargate,Pune,King Of Chinese,200,2.9,80,Swargate,48,Chinese
452003,Kothrud,Pune,Hot'S Chaines & Momos,200,2.9,80,Kothrud,68,Chinese
451038,Sangvi,Pune,The House Of Momos,200,2.9,80,Sangvi,65,Chinese
450781,South Kolkata,Kolkata,Lama'S Food Centre,200,2.9,80,South Kolkata,68,Chinese
449454,Piplod,Surat,The Hidden Wok,200,2.9,80,Piplod,60,Chinese
448956,Bibwewadi,Pune,Zhangg,200,2.9,80,Bibwewadi,73,Chinese
448701,Vishrantwadi,Pune,Foodie Point,200,2.9,80,Vishrantwadi,69,Chinese
448068,Purasawalkam,Chennai,Mary'S Kitchen,200,2.9,80,Purasawalkam,58,Chinese
447675,Sion Bhakti Park,Mumbai,Indian Chinese,200,2.9,80,Sion Bhakti Park,52,Chinese
447528,North Dumdum,Kolkata,I Am Hungry,200,2.9,80,North Dumdum,76,Chinese
446300,Kothrud,Pune,Hotel Shree Ganesh Krupa,200,2.9,80,Kothrud,49,Chinese
446064,Himayath Nagar,Hyderabad,Hotel City Point,200,2.9,80,Himayath Nagar,35,Chinese
445739,Marol Sakinaka,Mumbai,Chinese@99,200,2.9,80,Marol Sakinaka,56,Chinese
445730,Marol Sakinaka,Mumbai,Meryaki,200,2.9,80,Marol Sakinaka,66,Chinese
445114,Andheri West Area,Mumbai,Jkc,200,2.9,80,Andheri West Area,59,Chinese
443345,Kothrud,Pune,Chow Chow Chinese,200,2.9,80,Kothrud,68,Chinese
442707,Varachha,Surat,Bachelor'S Food,200,2.9,80,Varachha,58,Chinese
441620,Behala,Kolkata,Chilyman,200,2.9,80,Behala,89,Chinese
439796,Perambur,Chennai,Burmese Bowl,200,2.9,80,Perambur,74,Chinese
438514,Dumdum,Kolkata,Tamang'S Frozen Momo,200,2.9,80,Dumdum,98,Chinese
438235,South Kolkata,Kolkata,Hakuna Matata,200,2.9,80,South Kolkata,79,Chinese
434957,Salt Lake,Kolkata,Grubvibe,200,2.9,80,Salt Lake,85,Chinese
431576,Marol Sakinaka,Mumbai,Kitchen Of Joy,200,2.9,80,Marol Sakinaka,54,Chinese
426820,Vishrantwadi,Pune,R.K. Chinese,200,2.9,80,Vishrantwadi,63,Chinese
423944,Central Kolkata,Kolkata,Sharma Milk,200,2.9,80,Central Kolkata,45,Chinese
422280,Kothrud,Pune,Moonlight Kitchen,200,2.9,80,Kothrud,67,Chinese
422198,Kothrud,Pune,Indian Chinese,200,2.9,80,Kothrud,63,Chinese
421414,Kurla,Mumbai,Al-Nf Restaurant,200,2.9,80,Kurla,35,Chinese
417032,Salt Lake,Kolkata,Purple Panda By Purple Foods,200,2.9,80,Sector 5,73,Chinese
416847,South Kolkata,Kolkata,Desi Chin,200,2.9,80,South Kolkata,74,Chinese
415319,Majestic,Bangalore,Arabian Palace Restaurant,200,2.9,80,Majestic,62,Chinese
412778,Chembur,Mumbai,The Food Maniac,200,2.9,80,Chembur,56,Chinese
411635,Aundh,Pune,Bombay Chinese Mh 02,200,2.9,80,Aundh,67,Chinese
409648,Central Kolkata,Kolkata,Aalamir,200,2.9,80,Central Kolkata,48,Chinese
408214,Central Kolkata,Kolkata,The Egg Story,200,2.9,80,Central Kolkata,66,Chinese
405732,Alipore,Kolkata,Nidhees Fast Food,200,2.9,80,Alipore,83,Chinese
405458,Vadapalani,Chennai,Smiley,200,2.9,80,Vadapalani,90,Chinese
404921,Kurla,Mumbai,Spice Grill,200,2.9,80,Kurla,49,Chinese
404330,Marol Sakinaka,Mumbai,Ya Hayyu Ya Qayyum,200,2.9,80,Marol Sakinaka,49,Chinese
403546,Matunga Wadala,Mumbai,Ganesh Chinese Dhaba,200,2.9,80,Matunga Wadala,59,Chinese
401639,Marol Sakinaka,Mumbai,Monster Wok,200,2.9,80,Marol Sakinaka,55,Chinese
400394,Varachha,Surat,Jk'S Food Corner,200,2.9,80,Amroli,71,Chinese
397442,Bandra West,Mumbai,U Turn At Khar West,200,2.9,80,Bandra West,60,Chinese
394330,Powai,Mumbai,Ma Laxmi Food Corner,200,2.9,80,Powai,60,Chinese
393882,Baner,Pune,Mothers Canteen,200,2.9,80,Baner,72,Chinese
393867,Baner,Pune,Meal Box,200,2.9,80,Baner,74,Chinese
393864,Baner,Pune,China Wale,200,2.9,80,Baner,75,Chinese
393656,Baner,Pune,Bowls@69,200,2.9,80,Baner,72,Chinese
393386,Baner,Pune,Bhookh Lagi,200,2.9,80,Baner,77,Chinese
393385,Baner,Pune,Mummy Ki Roti,200,2.9,80,Baner,79,Chinese
392544,Vastral,Ahmedabad,Royal Punjab Food Court,200,2.9,80,Vastral,75,Chinese
391466,South Kolkata,Kolkata,Samrat Shazada,200,2.9,80,South Kolkata,71,Chinese
390867,Santoshnagar & Saidabad,Hyderabad,S V Food Court,200,2.9,80,Santoshnagar & Saidabad,52,Chinese
390395,Paldi & Ambawadi,Ahmedabad,Radhanand Restaurant,200,2.9,80,Paldi & Ambawadi,34,Chinese
389009,Kothrud,Pune,August 1 Five,200,2.9,80,Kothrud,60,Chinese
386953,Sangvi,Pune,Combos@69,200,2.9,80,Sangvi,65,Chinese
386637,Dumdum,Kolkata,Perfect Bite,200,2.9,80,Lake Town,93,Chinese
386548,North Dumdum,Kolkata,C4U,200,2.9,80,North Dumdum,70,Chinese
382565,Marol Sakinaka,Mumbai,Hotel Gopi,200,2.9,80,Marol Sakinaka,44,Chinese
382216,Kilpauk,Chennai,Madras Momos,200,2.9,80,Kilpauk,65,Chinese
381206,Rajajinagar,Bangalore,Friends Chinese Corner,200,2.9,80,Rajajinagar,61,Chinese
372536,Ameerpet,Hyderabad,Hungry Burger,200,2.9,80,Ameerpet,70,Chinese
368923,Belgachia,Kolkata,Grill Ghar,200,2.9,80,Lake Town,63,Chinese
361367,Tangra,Kolkata,Da Delicious China,200,2.9,80,Tangra,59,Chinese
360514,Vadgaon Budruk,Pune,Dawat Family Restaurant,200,2.9,80,Narhe,83,Chinese
360152,Kurla West,Mumbai,Day To Day Snacks Corner,200,2.9,80,Kurla,41,Chinese
359868,Powai,Mumbai,Oriental Dream- The Asian Cuisine,200,2.9,80,Powai,53,Chinese
357666,Chembur,Mumbai,Khushi Food Center,200,2.9,80,Chembur,51,Chinese
356800,Santacruz East,Mumbai,Spice Of Life,200,2.9,80,Scruz Bandra East,55,Chinese
356490,Kurla,Mumbai,Sentral Fusion,200,2.9,80,Kurla,45,Chinese
338832,Bosepukur,Kolkata,Ushtaad Ji,200,2.9,80,Ruby Area,75,Chinese
338758,Rajajinagar,Bangalore,Jams Kitchen,200,2.9,80,Rajajinagar,62,Chinese
336463,Koramangala,Bangalore,Chinese Bistro,200,2.9,80,Koramangala,63,Chinese
327882,Tala,Kolkata,Mitra Brothers Fast Food Corner,200,2.9,80,Dumdum,79,Chinese
323166,Alwarpet,Chennai,Food Cravings,200,2.9,80,Alwarpet,59,Chinese
320947,Memnagar,Ahmedabad,Oriental Majik,200,2.9,80,Vastrapur,52,Chinese
320752,Haltu,Kolkata,Chakhna Wakhna,200,2.9,80,Santoshpur,88,Chinese
318580,Kothrud,Pune,Royal Chaina,200,2.9,80,Kothrud,66,Chinese
317932,Piplod,Surat,Oriental Majik,200,2.9,80,Piplod,68,Chinese
317919,Piplod,Surat,Combo 10,200,2.9,80,Piplod,69,Chinese
311859,East Kolkata Township,Kolkata,Flavour  Town,200,2.9,80,Ruby Area,76,Chinese
300792,Ballygunge,Kolkata,Forever Foods,200,2.9,80,Central Kolkata,64,Chinese
292286,Ahiritola,Kolkata,Sony Food Centre,200,2.9,80,Burrabazar,54,Chinese
290521,Pitam Pura,Delhi,Hong'S Momos,200,2.9,80,Ppcc,64,Chinese
283258,Sinthee,Kolkata,Petuk Hori,200,2.9,80,Dumdum,85,Chinese
254299,Anand Nagar,Pune,China House,200,2.9,80,Sinhgad Road,70,Chinese
236924,Saki Naka,Mumbai,Supreme Combo'S,200,2.9,80,Marol Sakinaka,48,Chinese
225469,Pashan,Pune,Food China - Momos And Noodles,200,2.9,80,Baner,81,Chinese
197971,Himayath Nagar,Hyderabad,Cfc Chinese Food Court,200,2.9,80,Himayath Nagar,37,Chinese
191489,Santacruz East,Mumbai,Hong Kong Chinese,200,2.9,80,Scruz Bandra East,38,Chinese
179665,Amberpet,Hyderabad,Deccan Chinese Fast Food,200,2.9,80,Uppal Ramanthapur Amberpet,51,Chinese
177231,Athwa,Surat,Go Momos,200,2.9,80,City Light,46,Chinese
177042,Rohini,Delhi,Awadhi Biryani,200,2.9,80,Sector-7,40,Chinese
160718,Warje,Pune,Pranav Chinese,200,2.9,80,Warje,68,Chinese
143361,Dhankawadi,Pune,Hotel Chandralok,200,2.9,80,Dhankawadi,67,Chinese
141648,Rohini,Delhi,Tandoori Momos Wala,200,2.9,80,Sector 7,47,Chinese
47295,Koregaon Park,Pune,Yummy Momos,200,2.9,80,Lane No.5 Kp,53,Chinese
432286,Banjara Hills,Hyderabad,Diamond Bakery,350,2.9,80,Banjara Hills,34,Pizzas
429719,Tarnaka  Nacharam & Malkajigiri,Hyderabad,House Of Biryani,350,2.9,80,Tarnaka  Nacharam & Malkajigiri,72,Indian
426357,Marol Sakinaka,Mumbai,Food Trotters,350,2.9,80,Marol Sakinaka,60,American
423548,Ameerpet,Hyderabad,Hans Kitchen,350,2.9,80,Ameerpet,73,Chinese
422664,Viman Nagar,Pune,Pizza Loca,350,2.9,80,Viman Nagar,73,Pizzas
419538,Viman Nagar,Pune,Biryani Trip,350,2.9,80,Viman Nagar,70,Biryani
415011,Mehdipatnam,Hyderabad,Bakers Magic,350,2.9,80,Mehdipatnam,54,Fast Food
413623,Ghatkopar Vikhroli,Mumbai,Quick Bite Fast Food And Juice,350,2.9,80,Ghatkopar Vikhroli,50,Chinese
407831,Halsuru,Bangalore,The Handi Crust,350,2.9,80,Jogupalya,54,Indian
403942,Central Bangalore,Bangalore,Rickshaw Wala,350,2.9,80,Central Bangalore,34,Indian
399912,Indiranagar,Bangalore,Wicked Brownies,350,2.9,80,Indiranagar,57,Desserts
398128,Sinhgad Road,Pune,Food Signal,350,2.9,80,Sinhgad Road,82,Indian
397995,Rohini,Delhi,The Godfathers Cafe,350,2.9,80,Rohini,62,Fast Food
396621,Banjara Hills,Hyderabad,Sher-E-Punjab Dhaba,350,2.9,80,Banjara Hills,40,Indian
393897,Majestic,Bangalore,Punjabi Dhaba,350,2.9,80,Majestic,45,Punjabi
393106,Central Bangalore,Bangalore,Pizza 997 Ad,350,2.9,80,Vasantha Nagar,55,Pizzas
388747,Swargate,Pune,Zhatkan Patkan Rasoi,350,2.9,80,Swargate,38,Indian
386316,Piplod,Surat,East Pizza Co.,350,2.9,80,Piplod,61,Pizzas
384542,Piplod,Surat,Monkey Fries,350,2.9,80,Piplod,59,Fast Food
381965,Kothrud,Pune,Rambo'S Biryani House,350,2.9,80,Kothrud,45,Indian
381216,Scruz Bandra East,Mumbai,Vinanjay Family Restaurant &Bar,350,2.9,80,Scruz Bandra East,41,Indian
378594,Adajan,Surat,Bro Sis Fast Food Corner,350,2.9,80,Adajan,59,Fast Food
377350,Chembur,Mumbai,M. S. Snacks Center,350,2.9,80,Chembur,57,Chinese
376645,Koyambedu,Chennai,Firewood Briyani,350,2.9,80,Arumbakkam,74,Biryani
374368,Kodungaiyur,Chennai,Italian Kings Park,350,2.9,80,Perambur,70,Italian
358114,Ramnas Pura,Hyderabad,Pizza Stories,350,2.9,80,Charminar,59,Pizzas
350429,Himayat Nagar,Hyderabad,Shrodinger'S Pizza,350,2.9,80,Himayat Nagar,34,Pizzas
349722,Nagarathpete,Bangalore,Atithi Satkaar,350,2.9,80,Majestic,46,Indian
347502,Basavanagudi,Bangalore,Manwar Energy Addaa,350,2.9,80,Basavanagudi,59,Indian
334524,Andheri East,Mumbai,Foodie Dineout,350,2.9,80,Marol Sakinaka,52,Chinese
306701,Seshadripuram,Bangalore,Kalmane Koffees,350,2.9,80,Malleshwaram,53,Snacks
304448,Chembur,Mumbai,Fat Panda,350,2.9,80,Chembur,50,Chinese
302275,Sampangi Rama Nagar,Bangalore,The Coconut Tales!,350,2.9,80,Central Bangalore,45,Biryani
296877,Taltala,Kolkata,Jackie'S Kitchen,350,2.9,80,Esplanade,51,Chinese
293933,Alwarpet,Chennai,Tossed By Koox - Gourmet Diy Box Kits,350,2.9,80,City Centre,81,Pizzas
254452,Vasanth Nagar,Bangalore,Asian Hawker,350,2.9,80,Central Bangalore,50,Chinese
251539,Andheri East,Mumbai,Zoodles,350,2.9,80,Sakinaka Junction,51,Fast Food
237548,Andheri East,Mumbai,Big Biriyani Company,350,2.9,80,Opposite To Mahakali Road,54,Biryani
215442,Indiranagar,Bangalore,Nanav Stores And Cafe,350,2.9,80,Indiranagar,64,Bengali
211814,T Nagar,Chennai,Kommune,350,2.9,80,T Nagar,65,Desserts
196391,Indiranagar,Bangalore,Mandarin Oak- The Heavenly Chinese,350,2.9,80,Binnamangala 1St Stage,55,Chinese
191647,Santacruz East,Mumbai,Your Choice Chinese,350,2.9,80,Scruz Bandra East,35,Indian
179474,Richmond Town,Bangalore,Wandercrust,350,2.9,80,Aga Abdullah Street,40,Pizzas
175907,Koramangala,Bangalore,Kitchens Of China,350,2.9,80,Koramangala,56,Chinese
133550,Narayan Peth,Pune,New Apurwai Non Veg,350,2.9,80,Swargate,35,Indian
133409,Dharavi,Mumbai,Sudarshan Lunch Home,350,2.9,80,Sion Bhakti Park,51,Indian
94366,Koramangala - Bangalore,Bangalore,Kitchens Of Punjab,350,2.9,80,5Th Block,61,Punjabi
81992,Kurla,Mumbai,Sips N Bite,350,2.9,80,Chembur,47,American
59771,Andheri East,Mumbai,Bombay Kitchen,350,2.9,80,Chakala,54,Indian
38692,Triplicane,Chennai,Five Star Chicken,350,2.9,80,Royepettah,46,Fast Food
28135,Bandra West,Mumbai,Bandra Grillz,350,2.9,80,Santacruz West,54,Chinese
27690,Himayath Nagar,Hyderabad,Lazeez Khaana,350,2.9,80,Railway Quarters,37,Chinese
25643,Khairtabad,Hyderabad,Barista,350,2.9,80,Prasad I Max,58,Bengali
24784,Chembur,Mumbai,China Magic,350,2.9,80,Rc Road,52,Chinese
23325,Saki Naka,Mumbai,Supreme Pizza Kitchen,350,2.9,80,A.G. Link Road,50,Pizzas
465872,Rohini,Delhi,Chinese Kitchen King,150,2.9,80,Rohini,58,Chinese
455073,Ghatkopar Vikhroli,Mumbai,Aarogya Amruttulya,150,2.9,80,Ghatkopar Vikhroli,45,Fast Food
454972,Himayath Nagar,Hyderabad,Teas N More,150,2.9,80,Himayath Nagar,41,Bengali
454028,Rajouri Garden,Delhi,Delicious Food,150,2.9,80,Rajouri Garden,68,Fast Food
453239,Kothrud,Pune,Manisha Bhel And Panipuri,150,2.9,80,Kothrud,59,Snacks
451401,Vadapalani,Chennai,The Lassi Corner,150,2.9,80,Vadapalani,78,Bengali
450896,Basavanagudi,Bangalore,Sakath Momos,150,2.9,80,Basavanagudi,47,Chinese
446379,Sadashiv Peth,Pune,Krishna Chaya,150,2.9,80,Swargate,38,Snacks
445438,Tolichowki,Hyderabad,Ttt Juice Center,150,2.9,80,Tolichowki,61,Bengali
444624,Kothrud,Pune,Santosh Bhel And Panipuri,150,2.9,80,Kothrud,54,Chinese
442462,Athwa,Surat,Zorko-Brand Of Food Lovers,150,2.9,80,Athwa,33,Fast Food
441548,Navrangpura,Ahmedabad,Kekiz The Cake Shop,150,2.9,80,Navrangpura,44,Snacks
440362,Himayath Nagar,Hyderabad,Te - A Tea Tradition,150,2.9,80,Himayath Nagar,32,Bengali
438492,Sinhgad Road,Pune,Danka,150,2.9,80,Sinhgad Road,73,Fast Food
434633,Vastrapur,Ahmedabad,Urban Chai,150,2.9,80,Vastrapur,52,Indian
427703,Kothapet & Dilsukhnagar,Hyderabad,Mumbai Kulfi Kothapet,150,2.9,80,Kothapet & Dilsukhnagar,63,Desserts
427092,Alipore,Kolkata,Ma Bhawani,150,2.9,80,Alipore,67,Indian
423950,Malleshwaram,Bangalore,Sri Sai Ram Juice And Chats,150,2.9,80,Malleshwaram,60,Snacks
419686,Majestic,Bangalore,Rr Spicy Bangarpet Chat House,150,2.9,80,Majestic,59,Snacks
418400,Ghatkopar Vikhroli,Mumbai,Uk14 Icecream,150,2.9,80,Ghatkopar Vikhroli,46,Desserts
402069,Nallakunta & Vidyanagar,Hyderabad,Juice It Up,150,2.9,80,Nallakunta & Vidyanagar,48,Snacks
400777,Rohini,Delhi,Tummy Full,150,2.9,80,Rohini,30,Snacks
395831,Prahlad Nagar,Ahmedabad,Jay Shree Krishna Fresh Fruit Juice Vegetable Juic,150,2.9,80,Prahlad Nagar,49,Bengali
391698,Rohini,Delhi,Quick Tasty Bites,150,2.9,80,Rohini,39,Indian
377656,Piplod,Surat,Jalaram Chinese,150,2.9,80,Piplod,46,Chinese
371878,Rohini,Delhi,Haunted Kitchen,150,2.9,80,Rohini,36,Indian
362084,Punjagutta,Hyderabad,Absolute Froot,150,2.9,80,Somajiguda & Khairtabad,61,Bengali
335655,Mohammed Wadi,Pune,La Kheer Deli,150,2.9,80,Kondhwa,67,Desserts
322179,Ashok Nagar,Bangalore,Bowlss Of Bliss,150,2.9,80,Shantinagar,38,Desserts
291769,Ellisbridge,Ahmedabad,Tealogy,150,2.9,80,Navrangpura,39,Fast Food
247097,Powai,Mumbai,Damodar Kulfiwala,150,2.9,80,Powai,47,Desserts
225492,Mahadev Nagar Tekra,Ahmedabad,Momos'S World,150,2.9,80,Vastral,77,Chinese
221975,Isanpur,Ahmedabad,Rudra Fast Food,150,2.9,80,Isanpur,50,Fast Food
191644,Gidc Naroda,Ahmedabad,Chandravilas Corner,150,2.9,80,Naroda,84,Gujarati
164351,Andheri East,Mumbai,Havmour Ice Cream,150,2.9,80,Om Nagar Chowk Om Nagar,48,Desserts
132183,Uttran,Surat,Kailash Fast Food,150,2.9,80,Utran,61,Fast Food
119567,Vesu,Surat,Hajoori'S Kulfi,150,2.9,80,Vip Road Vesu,51,Desserts
112202,Sadashiv Peth,Pune,The Habit,150,2.9,80,Sadashive Peth,52,Fast Food
85725,Athwa,Surat,Maharaja,150,2.9,80,Bhatar Road,30,Fast Food
79395,Chickpet,Bangalore,Chaat Paavlian,150,2.9,80,Majestic,48,Fast Food
71103,Nanpura,Surat,Jayjalaram Dana Chana,150,2.9,80,Nanpura,38,Snacks
63079,Ganesh Peth,Pune,Oum Kailash Dairy,150,2.9,80,Shukrawar Peth,38,Desserts
57335,Koregaon Park,Pune,Shreenath Sandwich,150,2.9,80,Kalyani,57,Fast Food
56039,Kothrud,Pune,Krazy Cafe,150,2.9,80,Kothrud,55,Fast Food
465859,Shivaji Nagar,Pune,Friendship Corner,150,2.9,80,Shivaji Nagar,46,Pizzas
460179,Navrangpura,Ahmedabad,Big Sandwich,150,2.9,80,Navrangpura,39,Biryani
459383,Naranpura,Ahmedabad,Between Bread,150,2.9,80,Naranpura,40,Snacks
457462,Navrangpura,Ahmedabad,Mumbaiya Misal And Vadapav,150,2.9,80,Navrangpura,36,Snacks
456754,Paldi & Ambawadi,Ahmedabad,Kekiz-The Cake Shop,150,2.9,80,Paldi & Ambawadi,31,Snacks
455672,Alwarpet,Chennai,Juice Box Alwarpet,150,2.9,80,Alwarpet,64,Bengali
455315,Royapettah,Chennai,T Shop,150,2.9,80,Royapettah,58,Bengali
455205,Salt Lake,Kolkata,Kolkata@91,150,2.9,80,Salt Lake,74,Fast Food
454615,Perambur,Chennai,Grill It,150,2.9,80,Perambur,57,Chinese
454166,Swargate,Pune,Rapid Fire,150,2.9,80,Swargate,48,Chinese
454148,R.T. Nagar,Bangalore,Energy Bowls,150,2.9,80,R.T. Nagar,62,Snacks
453947,Rajouri Garden,Delhi,Urban Food House,150,2.9,80,Rajouri Garden,74,Chinese
452847,Ameerpet,Hyderabad,Sonu De Snacks,150,2.9,80,Ameerpet,77,Pizzas
451410,Athwa,Surat,Zam Zam Nan Chap,150,2.9,80,Athwa,38,Indian
449395,Perambur,Chennai,Arcot Biriyani,150,2.9,80,Perambur,71,Indian
447779,Marol Sakinaka,Mumbai,Kings Shawarma,150,2.9,80,Marol Sakinaka,44,Snacks
443814,Adajan,Surat,Ajays Takeaway Foods,150,2.9,80,Adajan,57,Fast Food
441287,Jadavpur,Kolkata,We Bake U Take,150,2.9,80,Jadavpur,82,Snacks
438411,Koramangala,Bangalore,Lepcha Darjeeling Momos,150,2.9,80,Koramangala,58,Chinese
436776,Royapettah,Chennai,Nifra Hot And Sweets,150,2.9,80,Royapettah,52,Snacks
435952,Moti Nagar,Delhi,Chattore,150,2.9,80,Kirti Nagar,77,Chinese
435482,Dumdum,Kolkata,Biryani Adda,150,2.9,80,Dumdum,79,Biryani
434378,Kirti Nagar,Delhi,Desi Mirch Masala,150,2.9,80,Kirti Nagar,72,Chinese
432001,Kondhwa,Pune,Cafe Pune,150,2.9,80,Kondhwa,76,Desserts
431508,Charminar,Hyderabad,A1 Fast Food And Nahari Centre,150,2.9,80,Charminar,58,Indian
430119,Sinhgad Road,Pune,Chaat Cafe,150,2.9,80,Pcmc,53,Fast Food
427807,Kurla,Mumbai,Welcome Fastfood And Juice Center,150,2.9,80,Kurla,34,Bengali
425780,Ruby Area,Kolkata,Ad Food Corner,150,2.9,80,Ruby Area,82,Chinese
414556,Himayath Nagar,Hyderabad,House Of Burger,150,2.9,80,Nampally,43,Fast Food
413190,Tolichowki,Hyderabad,Cane Land,150,2.9,80,Tolichowki,88,Snacks
412186,Kothapet & Dilsukhnagar,Hyderabad,Golden Dragon,150,2.9,80,Kothapet & Dilsukhnagar,57,Fast Food
409646,Janakpuri,Delhi,Gourmet Tandoor,150,2.9,80,Janakpuri,79,Tandoor
409019,Central Kolkata,Kolkata,Fatimas Kitchen,150,2.9,80,Central Kolkata,51,Chinese
407861,Salt Lake,Kolkata,Wrap And Grill,150,2.9,80,Salt Lake,77,Indian
405403,Himayath Nagar,Hyderabad,Deccan Chef,150,2.9,80,Himayath Nagar,34,Indian
404815,Nungambakkam,Chennai,Hotel Virudhunagar Elite,150,2.9,80,Nungambakkam,57,Chinese
402716,Central Bangalore,Bangalore,Slurpy Shakes,150,2.9,80,Central Bangalore,45,Bengali
400493,Powai,Mumbai,Black Rose Falooda And Icecreams,150,2.9,80,Powai,51,Desserts
399191,Malleshwaram,Bangalore,Five Star Chicken And Koli Hut,150,2.9,80,Malleshwaram,55,Fast Food
399026,Frazer Town,Bangalore,Donut Hubb,150,2.9,80,Frazer Town,53,Desserts
395067,Annanagar,Chennai,The Sandwich Club,150,2.9,80,Annanagar,73,Fast Food
387971,Banjara Hills,Hyderabad,Just Bake Banjarahills,150,2.9,80,Banjara Hills,68,Snacks
386733,Kothapet & Dilsukhnagar,Hyderabad,Neapolitan Pizza,150,2.9,80,Kothapet & Dilsukhnagar,63,Pizzas
383863,Burrabazar,Kolkata,Riya'S Homemade Creation,150,2.9,80,Burrabazar,48,Desserts
383275,Nungambakkam,Chennai,Flavour Of Chettinadu,150,2.9,80,Nungambakkam,54,Biryani
375491,Piplod,Surat,Firangi Zayka,150,2.9,80,Piplod,65,Fast Food
370690,Kavadiguda,Hyderabad,Rushty Reataurant Chat Sandwich And Juice,150,2.9,80,Nallakunta & Vidyanagar,51,Fast Food
367017,Ejipura,Bangalore,Hokart - Darjeeling Momos,150,2.9,80,Koramangala,66,Fast Food
363340,Dharavi,Mumbai,Asha'S Kitchen,150,2.9,80,Matunga Wadala,50,Chinese
354480,Bandra East,Mumbai,Ravi Juice Center,150,2.9,80,Scruz Bandra East,44,Indian
352897,Padmarao Nagar,Hyderabad,Pkp - Pidata Kinda Pappu,150,2.9,80,Nallakunta & Vidyanagar,62,Snacks
348517,Sadashiv Peth,Pune,Abhis Corner By Samarth Foods,150,2.9,80,Swargate,38,Fast Food
341762,Perambur,Chennai,The Crunchy Club,150,2.9,80,Perambur,64,Fast Food
341134,Humayun Nagar,Hyderabad,Juice Box,150,2.9,80,Mehdipatnam,54,Bengali
333209,Perambur,Chennai,Popcorn House,150,2.9,80,Perambur,68,Indian
329996,Lal Darwaja,Ahmedabad,Bera Samosa House,150,2.9,80,Laldarwaja,40,Fast Food
328527,Perambur,Chennai,Lassi Corner,150,2.9,80,Perambur,63,Bengali
328315,Vishala,Ahmedabad,Hiit Meals,150,2.9,80,Vasna,51,Fast Food
327862,Parvati Paytha,Pune,Darjeeling Hot Momos,150,2.9,80,Bibwewadi,54,Chinese
323008,Navrangpura,Ahmedabad,Chhasswala,150,2.9,80,Navrangpura,40,Fast Food
297997,Sheshadripuram,Bangalore,La-Casa,150,2.9,80,Nehru Nagarsheshadripuram,49,Desserts
284800,Chembur,Mumbai,Maggi House,150,2.9,80,Chembur,62,Fast Food
277865,Chennai,Chennai,Ck'S Bakery,150,2.9,80,Nungambakkam,46,Snacks
277440,Egmore,Chennai,"The	Pepper	Fry",150,2.9,80,Nungambakkam,39,Fast Food
248129,Karve Nagar,Pune,King'S Chinese & Restaurant,150,2.9,80,Kothrud,64,Indian
242429,Elgin,Kolkata,Gelato Italiano,150,2.9,80,Emami Market,61,Desserts
237472,Richmond Town,Bangalore,Edesia By Freshmenu,150,2.9,80,Aga Abdullah Street,35,Desserts
229606,Guru Nanak Nagar,Pune,Gelato Italiano,150,2.9,80,Kumar Pacific Mall,48,Desserts
228089,Kothrud,Pune,Bon Bon Candy Cake Shop,150,2.9,80,Shastri Nagar Kothrud,66,Snacks
219586,Althan,Surat,Sainath Omelette,150,2.9,80,Althan,46,Fast Food
212930,Scruz Bandra East,Mumbai,The Great Chinese,150,2.9,80,Bandra Kurla Complex Santcruz East,40,Chinese
199381,Bopodi,Pune,Ganga Chinese Centre,150,2.9,80,Bhimjyot Nagar,63,Chinese
181240,Yerawada,Pune,G-1 Juice Center,150,2.9,80,Vishrantwadinagpur Chawl Yerawada,55,Bengali
176422,Sadashiv Peth,Pune,Jija Pure Veg,150,2.9,80,Sadashiv Peth,35,Indian
147986,Sector 8 Rohini,Delhi,Royal Burger By Vhc,150,2.9,80,Nsp,47,Bengali
128589,Sector 8 Rohini,Delhi,Shakes House By Vhc,150,2.9,80,Autram Lines,51,Bengali
117757,Deccan Gymkhana,Pune,Monginis,150,2.9,80,Shivajinagar,33,Fast Food
78335,Athwa,Surat,Cream 'N' Crust,150,2.9,80,Rustampura,33,Desserts
76208,Sector 8  Rohini,Delhi,Chinese Palace By Vhc,150,2.9,80,Jhilmil Colony,49,Chinese
39447,Egmore,Chennai,Cake Park,150,2.9,80,Ethiraj Salai,47,Snacks
38665,Gokhalenagar,Pune,Ws Bakers,150,2.9,80,Shivaji Nagar,48,Snacks
35307,Koramangala,Bangalore,Chaat Street Express,150,2.9,80,Koramangala,59,Fast Food
21780,Arumbakkam,Chennai,Achu'S Cakes & Bakes,150,2.9,80,Arumbakkam,71,Snacks
19221,Sector 8 Rohini,Delhi,Rolls 57 By Vhc,150,2.9,80,Netaji Subhash Place,49,Italian
10475,Kachiguda,Hyderabad,Urban Munchies,150,2.9,80,Adikmet Vidyanagar,42,Desserts
464626,Panjarapole Cross Road,Ahmedabad,Malt Pizza,500,2.9,80,Navrangpura,40,Pizzas
464354,Prahlad Nagar,Ahmedabad,Reyansh'S Kitchen,500,2.9,80,Prahlad Nagar,50,Desserts
460412,Marol Sakinaka,Mumbai,Vaayu Foods O-Cakes,500,2.9,80,Marol Sakinaka,49,Snacks
457362,Paldi & Ambawadi,Ahmedabad,Rr Kloud Kitchen,500,2.9,80,Maninagar,36,Indian
456530,Maninagar,Ahmedabad,Bansi Restaurant,500,2.9,80,Maninagar,34,Indian
447249,Varachha,Surat,Richie Rich Bakery & Eatery,500,2.9,80,Varachha,58,Italian
446748,Piplod,Surat,Epicure,500,2.9,80,Piplod,64,Fast Food
445387,Navrangpura,Ahmedabad,The Kurtosshhh Lounge,500,2.9,80,Navrangpura,38,Snacks
445039,Juhu,Mumbai,Roti De Tokari,500,2.9,80,Juhu,57,Punjabi
442467,Basavanagudi,Bangalore,Food Adda,500,2.9,80,Basavanagudi,55,Pizzas
434891,Piplod,Surat,Sip & Ride,500,2.9,80,Piplod,52,Bengali
416010,Navrangpura,Ahmedabad,Foodcraft Kitchen,500,2.9,80,Navrangpura,39,Indian
404088,Jadavpur,Kolkata,Cfk,500,2.9,80,Jadavpur,90,Pizzas
389187,Piplod,Surat,Moonstruck Coffee,500,2.9,80,Piplod,58,Bengali
370701,Kurla,Mumbai,Birthday Party Cake Shop,500,2.9,80,Kurla,38,Snacks
369130,Tagore Garden Extension,Delhi,Keshav Bakery,500,2.9,80,Rajouri Garden,69,Snacks
292062,Deccan Gymkhana,Pune,Wagh Bakri Tea Lounge,500,2.9,80,Shivaji Nagar,34,Fast Food
283324,Kilpauk,Chennai,Jalsa,500,2.9,80,Kilpauk,49,Snacks
274015,Ellisbridge,Ahmedabad,Wagh Bakri Tea Lounge,500,2.9,80,Paldi & Ambawadi,33,Bengali
255996,Chembur,Mumbai,Feast Cakes And Bakes,500,2.9,80,Kurla,43,Snacks
222053,Himayatnagar,Hyderabad,Stikstof,500,2.9,80,Himayatnagar,49,Desserts
211283,Tagore Garden Extension,Delhi,Cake 24Ghante,500,2.9,80,Tagore Garden Extension,70,Snacks
211245,Sion,Mumbai,Tortaa Cake Shop,500,2.9,80,Sion Bhakti Park,51,Snacks
203251,Tagore Garden Extension,Delhi,Cake Factory,500,2.9,80,Tagore Garden,72,Snacks
181374,Ghatkopar East,Mumbai,Sweet Secret,500,2.9,80,Ghatkopar Vikhroli,54,Snacks
76579,University Area,Ahmedabad,Toritos Cafe Time,500,2.9,80,Navrangpura,44,Fast Food
65837,Piplod,Surat,Bring Me Coffee,500,2.9,80,Dumas Road,68,Snacks
65420,Ellisbridge,Ahmedabad,Buddy'S Pizza,500,2.9,80,C G Road,39,Pizzas
35984,Navrangpura,Ahmedabad,Topaz,500,2.9,80,Ambavadi,37,Indian
464309,Salt Lake,Kolkata,Since 2016 Cafe,500,2.9,80,Salt Lake,60,Pizzas
459811,Chembur,Mumbai,Rana'S Hunger Halt,500,2.9,80,Chembur,47,Chinese
458404,Rohini,Delhi,Tandoori Bites,500,2.9,80,Rohini,58,Indian
457931,Kodambakkam,Chennai,Mad Over Madras,500,2.9,80,Kodambakkam,88,Snacks
455620,Lake Market,Kolkata,Old Monks,500,2.9,80,Lake Market,76,Snacks
455351,Tarnaka Nacharam & Malkajigiri,Hyderabad,Nallibokka Muttonmukka,500,2.9,80,Tarnaka Nacharam & Malkajigiri,67,Indian
454382,Sector V Salt Lake,Kolkata,Awfis Space Solution Private Limited(Kloud Kitchen,500,2.9,80,Sector V Salt Lake,76,Fast Food
450523,South Kolkata,Kolkata,Cafe Sabrosa,500,2.9,80,South Kolkata,64,Fast Food
450510,Rohini,Delhi,Pradeep Egg Center,500,2.9,80,Rohini,47,Snacks
450316,Dumdum,Kolkata,Starter Barter,500,2.9,80,Dumdum,85,Chinese
449081,Powai,Mumbai,Bogo Biryani,500,2.9,80,Powai,58,Biryani
449079,Powai,Mumbai,Hyderabadi Dum Biryani,500,2.9,80,Powai,57,Biryani
448862,Shyam Bazar,Kolkata,Toast N Tonic,500,2.9,80,New Area,59,Chinese
448841,Sector V Salt Lake,Kolkata,Adda & Biryani,500,2.9,80,Sector V Salt Lake,77,Biryani
448438,Powai,Mumbai,Kebab Biryani,500,2.9,80,Powai,58,Biryani
448326,Powai,Mumbai,Biryani Point,500,2.9,80,Powai,58,Biryani
448310,Powai,Mumbai,Buy 2 Get 1 Free Biryani,500,2.9,80,Powai,58,Biryani
448309,Powai,Mumbai,Leela'S Kitchen,500,2.9,80,Powai,55,Snacks
448286,Powai,Mumbai,Biryani Center,500,2.9,80,Powai,58,Biryani
448190,Powai,Mumbai,Biryani & Free Masala Chaas,500,2.9,80,Powai,58,Biryani
448135,Powai,Mumbai,Biryani House,500,2.9,80,Powai,57,Biryani
446793,Basavanagudi,Bangalore,Kempe Gowda Biryani (Nati Style),500,2.9,80,Basavanagudi,54,Biryani
445985,Kurla,Mumbai,Chicking,500,2.9,80,Kurla,51,Fast Food
443730,Marol Sakinaka,Mumbai,Indigo Hindustani Project,500,2.9,80,Marol Sakinaka,51,Chinese
443442,Marol Sakinaka,Mumbai,Indigo Asian Project,500,2.9,80,Marol Sakinaka,49,Chinese
443398,Marol Sakinaka,Mumbai,Indigo Potmeal Project,500,2.9,80,Marol Sakinaka,51,Indian
443155,Kothapet & Dilsukhnagar,Hyderabad,A M Shah Haleem,500,2.9,80,Kothapet & Dilsukhnagar,33,Indian
443016,Vastrapur,Ahmedabad,Dum Pe Dum,500,2.9,80,Vastrapur,49,Biryani
442471,Dumdum,Kolkata,D Tasty Ride,500,2.9,80,Dumdum,93,Chinese
442257,Annanagar,Chennai,Zi Gang,500,2.9,80,Annanagar,68,Fast Food
441787,Vastrapur,Ahmedabad,Cake Celebration,500,2.9,80,Vastrapur,48,Snacks
440817,Chembur,Mumbai,The K Company,500,2.9,80,Chembur,49,Indian
440006,Golpark,Kolkata,Golpark Er Adda,500,2.9,80,New Area,68,Chinese
439844,Rohini,Delhi,Kbc(Kon Banega Chatora),500,2.9,80,Rohini,46,Chinese
439234,Sanitytestarea,Kolkata,Denzong Kitchen-A Unit Of Blue Star Restuarant,500,2.9,80,New Area,79,Biryani
438993,Santoshpur,Kolkata,Yin Yang - Pan Asian Delicacy,500,2.9,80,Santoshpur,100,Chinese
438453,Rohini,Delhi,Patiala Flavours,500,2.9,80,Rohini,45,Indian
437219,Powai,Mumbai,Nayaab Kitchen,500,2.9,80,Powai,56,Tandoor
437204,Powai,Mumbai,Banjara Restaurant,500,2.9,80,Powai,51,Punjabi
437135,Powai,Mumbai,Nawabi Kitchen,500,2.9,80,Powai,57,Indian
429282,Wanowrie,Pune,Hungry Punjabi,500,2.9,80,Wanowrie,86,Indian
428979,Rohini,Delhi,Dine House,500,2.9,80,Rohini,38,Italian
427804,Chembur,Mumbai,Mumbai Zaika,500,2.9,80,Chembur,51,Chinese
422104,Ultadanga Telenga Bagan,Kolkata,Flavours Inn Dhaba,500,2.9,80,Bidhan Nagar Road,71,Chinese
420468,Powai,Mumbai,Pizza Bar,500,2.9,80,Powai,62,Pizzas
420184,Salt Lake,Kolkata,Dawat Patrified,500,2.9,80,Salt Lake,69,Chinese
418353,Sector -15,Delhi,Mummys Kitchen,500,2.9,80,Sector -15,61,Biryani
412805,Perambur,Chennai,That Pizza Place,500,2.9,80,Perambur,61,Pizzas
411708,Jadavpur,Kolkata,Heal Thy Food,500,2.9,80,Jadavpur,85,Bengali
409032,Himayath Nagar,Hyderabad,Theboardgamecafe,500,2.9,80,Himayath Nagar,39,Indian
402176,South Kolkata,Kolkata,Coffee N Mood,500,2.9,80,South Kolkata,71,Bengali
401077,Koregoan Park,Pune,The Chefs Table,500,2.9,80,Koregoan Park,64,Indian
400160,Lower Parel Worli,Mumbai,Tandoori Pizza,500,2.9,80,Sv Road,61,Pizzas
399153,Kankurgachi,Kolkata,Hunger Bite @99,500,2.9,80,Burrabazar,47,Fast Food
393008,Maninagar,Ahmedabad,Chatode Online Eatery,500,2.9,80,Maninagar,46,Indian
391167,Scruz Bandra East,Mumbai,Surti Egg,500,2.9,80,Scruz Bandra East,45,Indian
390279,Kurla,Mumbai,Shalimar Restaurant,500,2.9,80,Kurla,42,Chinese
387276,Kurla,Mumbai,Food Quarter,500,2.9,80,Kurla,36,Pizzas
386565,Alwarpet,Chennai,Cheap & Best Kitchen,500,2.9,80,Mylapore,63,Biryani
386446,Marol Sakinaka,Mumbai,Changs Kitchen,500,2.9,80,Marol Sakinaka,49,Chinese
384981,Alipore,Kolkata,Urban Desi Tarka,500,2.9,80,Alipore,89,Chinese
383308,Salt Lake,Kolkata,Wow Chow,500,2.9,80,Sector-1,65,Chinese
382994,Ghatkopar Vikhroli,Mumbai,Star Restaurant,500,2.9,80,Ghatkopar Vikhroli,65,Chinese
381037,South Kolkata,Kolkata,Hot Spring Kitchen And Lounge,500,2.9,80,South Kolkata,79,Chinese
380837,Kothrud,Pune,Gypsy Caterers,500,2.9,80,Kothrud,60,Indian
375044,Sarkhej Road,Ahmedabad,Karim'S Restaurant,500,2.9,80,Laldarwaja,51,Indian
374615,Vikhroli West,Mumbai,Ammu'S Kitchen,500,2.9,80,Ghatkopar Vikhroli,58,Chinese
374208,Kurla,Mumbai,Jamie Oliver'S Diner,500,2.9,80,Kurla,56,Fast Food
373344,Ghatkopar East,Mumbai,Cibo 29,500,2.9,80,Near Vikrant Circle  Ghatkopar East,45,Fast Food
372495,Kothapet,Hyderabad,The Burger Chefs,500,2.9,80,Nagole X Road,67,Pizzas
368898,Beleghata,Kolkata,Foodland,500,2.9,80,Burrabazar,55,Indian
366976,Koregaon Park,Pune,The Cheesy Crust,500,2.9,80,Kalyani Nagar,56,Chinese
365595,Banjara Hills,Hyderabad,Gol Panipuri,500,2.9,80,Banjara Hills,66,Snacks
362591,Kasba,Kolkata,Hoi-Choi Unlimited,500,2.9,80,Ruby Area,77,Chinese
355979,Gultekdi,Pune,Cafe Peter Veg,500,2.9,80,Bibwewadi,54,Italian
355252,Parvati Paytha,Pune,Dakhkhan Delicacies,500,2.9,80,Sahkar Nagar 2,53,Indian
352721,Powai,Mumbai,Chef'S Hat,500,2.9,80,Powai,59,Indian
351861,Kasba,Kolkata,Taste And Aroma,500,2.9,80,Ruby Area,81,Chinese
342558,Rohini,Delhi,Turban Coffee,500,2.9,80,Rohini,40,Italian
334962,Karve Nagar,Pune,Sikandars Shahi Biryani,500,2.9,80,Kothrud,69,Biryani
331874,Ballygunge,Kolkata,Dugout Avenue Sports Foundation,500,2.9,80,South Kolkata,79,Indian
329881,T. Nagar,Chennai,The Madras Pizzeria,500,2.9,80,Nungambakkam,65,Pizzas
326743,Paschim Vihar,Delhi,Pizza Pan,500,2.9,80,Paschim Vihar,65,Pizzas
326501,Kondhwa Budruk,Pune,Revelry Cake & Decoration House,500,2.9,80,Yewalewadi,77,Snacks
319942,Tangra,Kolkata,Kitchen 165 - Nx Hotel,500,2.9,80,Salt Lake,71,Indian
316164,Tilak Nagar,Delhi,Castle'S Barbeque,500,2.9,80,Rajouri Garden,60,Chinese
311964,Saidabad,Hyderabad,Devikas Kitchen - Multi Cuisine,500,2.9,80,Saidabad,52,Indian
309253,Adugodi,Bangalore,Sweet Rascal,500,2.9,80,Koramangala,55,Snacks
299869,Koregaon Park,Pune,Foodiedoo,500,2.9,80,Kalyani Nagar,59,Punjabi
291066,Malleshwaram,Bangalore,Super Svaad,500,2.9,80,Kc General Hospital,58,Chinese
284648,Purba Barisha,Kolkata,Calcutta Canteen,500,2.9,80,Science City Area,71,Bengali
269958,Banjara Hills,Hyderabad,Iqbatan Restaurant,500,2.9,80,Banjara Hills,57,Arabian
264201,Vikhroli West,Mumbai,Mandali Swayampak Ghar,500,2.9,80,Ghatkopar Vikhroli,61,Biryani
250918,Chembur,Mumbai,Kilo Party,500,2.9,80,Chembur,58,Indian
249351,Baranagar,Kolkata,Rosheiya,500,2.9,80,North Dumdum,78,Indian
242640,Pulikeshi Nagar,Bangalore,Sigdee,500,2.9,80,Mosque Road Frazer Town,64,Indian
236650,Powai,Mumbai,Bismillah Restaurant,500,2.9,80,Marol Sakinaka,48,Indian
233558,Bidhannagar,Kolkata,Delish Bakery,500,2.9,80,Salt Lake,67,Snacks
231623,Bhowanipore,Kolkata,Cakerica,500,2.9,80,Central Kolkata,71,Snacks
217899,Vesu,Surat,Kurtosshhh,500,2.9,80,Prime Shoppers Vesu,64,Fast Food
192026,Kothapet,Hyderabad,Quik Cakes.,500,2.9,80,Madhapur,56,Snacks
191857,Chembur,Mumbai,Mamu Ki Biryani,500,2.9,80,Chembur,53,Indian
167544,Kalighat,Kolkata,My Hangout,500,2.9,80,Southern Avenue,82,Chinese
116985,Asalpha,Mumbai,Modern Kitchen,500,2.9,80,Vijay Shopping Center Opp Peninsula Hotel,47,Indian
108808,Hindustan Park,Kolkata,The Green House Cafe,500,2.9,80,Suthern Avenue,74,Italian
105909,Kurla,Mumbai,Minar Restaurant,500,2.9,80,Kurla,42,Chinese
97890,Andheri East,Mumbai,180 Bistro,500,2.9,80,Marol,58,Indian
88858,Paschim Vihar,Delhi,Pizza Pepper,500,2.9,80,Gtb Nagar,57,Fast Food
88022,Powai,Mumbai,Global Foodie,500,2.9,80,Other,55,Italian
84962,Bidhannagar,Kolkata,Curry Nation,500,2.9,80,Sector-3,68,Indian
70846,Aundh,Pune,Basilio,500,2.9,80,Aundh,85,Italian
52364,Kalyani Nagar,Pune,The French Window Patisserie,500,2.9,80,Koregaon Park,57,Desserts
48756,Chembur,Mumbai,Yug Family Restaurant,500,2.9,80,Mankurd,47,Indian
40613,Wanowrie,Pune,Step-In,500,2.9,80,Kondhwa,81,Chinese
39012,Chembur,Mumbai,Kilo King By Kook,500,2.9,80,Chembur,50,Indian
37136,Vishnu Garden,Delhi,The Pizza Pie,500,2.9,80,Tilak Nagar,72,Pizzas
33207,George Town,Chennai,Pizza Square (Mint 2),500,2.9,80,Same As Cake Square Bazaar Road,50,American
15092,Anand Nagar,Pune,Pizza & Soup,500,2.9,80,Anand Nagar,65,Italian
11834,Punjabi Bagh,Delhi,Grillz N Gravy,500,2.9,80,Club Road,69,Chinese
464,Sivanchetti Gardens,Bangalore,Urban Solace,500,2.9,80,Ulsoor Lake,48,American
445820,Powai,Mumbai,24 Pizza Factory,400,2.9,80,Powai,53,Pizzas
371987,Chembur,Mumbai,Tiger Tiger,400,2.9,80,Kurla,48,Indian
323244,Santacruz East,Mumbai,Fast Food Corner By Tejal'S Kitchen,400,2.9,80,Next To Raj Auto Garageyashwant Nagar Kalina,51,Fast Food
239232,Ghatkopar East,Mumbai,Inox,400,2.9,80,Neelyog Square Mall,53,Fast Food
207415,Andheri East,Mumbai,Desi Desserts,400,2.9,80,Marol Sakinaka,58,Desserts
177558,Ghatkopar West,Mumbai,Khichdi The Global Food,400,2.9,80,Neelkanth Co-Operative Park,42,Indian
466669,Andheri East,Mumbai,Filo Bakes,400,2.9,80,Andheri East,56,Snacks
463640,Kurla,Mumbai,Kurla Chinese & Seekh Paratha Corner,400,2.9,80,Kurla,37,Chinese
463483,Kurla,Mumbai,Prerna'S Handcrafted Ice Cream,400,2.9,80,Kurla,38,Desserts
462980,Kurla,Mumbai,Shakeywakey,400,2.9,80,Kurla,35,Bengali
460071,Chembur Colony,Mumbai,Volcano Momos,400,2.9,80,Chembur Colony,53,Chinese
459818,Andheri East,Mumbai,The Pepper Wok,400,2.9,80,Andheri East,57,Chinese
459817,Andheri East,Mumbai,The Curry Story,400,2.9,80,Andheri East,63,Indian
459756,Kurla,Mumbai,Craving Adda,400,2.9,80,Kurla,38,Chinese
458858,The New Sion Co-Operative Housing Society,Mumbai,Wow! China,400,2.9,80,The New Sion,48,Tandoor
457674,Scruz Bandra East,Mumbai,The Pixiu,400,2.9,80,Scruz Bandra East,49,Indian
457186,Kurla,Mumbai,Cafe 9/10,400,2.9,80,Kurla,39,Chinese
457158,Scruz Bandra East,Mumbai,Tonic Rest-O-Bar,400,2.9,80,Scruz Bandra East,40,Indian
451905,Chembur,Mumbai,New Banglore Iyengars Bakery,400,2.9,80,Chembur,47,Snacks
451060,Matunga Wadala,Mumbai,Winner Pizza (Fresh Dough),400,2.9,80,Matunga Wadala,48,Pizzas
451045,Matunga Wadala,Mumbai,Starboy Pizza & Shakes,400,2.9,80,Matunga Wadala,47,Pizzas
446785,Matunga Wadala,Mumbai,Santosh Kitchen,400,2.9,80,Matunga Wadala,54,Chinese
443600,Marol Sakinaka,Mumbai,D'Unik Fusion Food,400,2.9,80,Marol Sakinaka,51,Biryani
438944,Powai,Mumbai,Biryani & Free Sprite,400,2.9,80,Powai,59,Biryani
438903,Powai,Mumbai,Biryani Wali,400,2.9,80,Powai,59,Biryani
437214,Powai,Mumbai,Schezwan King,400,2.9,80,Powai,51,Chinese
437207,Powai,Mumbai,Chinese Pavilion,400,2.9,80,Powai,51,Chinese
435994,Kurla,Mumbai,Hotel Nasheman,400,2.9,80,Kurla,36,Chinese
435550,Kurla,Mumbai,Khaabuja,400,2.9,80,Kurla,38,Indian
421111,Marol Sakinaka,Mumbai,Eighth Sin,400,2.9,80,Marol Sakinaka,58,Snacks
416444,Kurla,Mumbai,Hotel New Jose,400,2.9,80,Kurla,56,Indian
405888,Chembur,Mumbai,The Stone Pizza,400,2.9,80,Chembur,48,Pizzas
405872,Chembur,Mumbai,Santa Fe Burgers,400,2.9,80,Chembur,54,Pizzas
405202,Ghatkopar Vikhroli,Mumbai,Popular Family Restuarant,400,2.9,80,Ghatkopar Vikhroli,55,Indian
397566,Kurla,Mumbai,Shaan Chinese,400,2.9,80,Kurla,37,Chinese
375881,Ghatkopar East,Mumbai,T3 Tasty Treat Town Family Restaurant,400,2.9,80,Pestom Sagar Road No-4,57,Biryani
374548,Chembur,Mumbai,Hot N Spice,400,2.9,80,Chembur,40,Chinese
372498,Andheri East,Mumbai,Roasters By Radisson Blu,400,2.9,80,Marol Maroshi Road,62,Indian
365155,Kurla,Mumbai,Shree Durga Hotel,400,2.9,80,Kurla,41,Chinese
358190,Saki Naka   Andheri East,Mumbai,Kakori House,400,2.9,80,Kurla,47,Indian
342931,Chembur,Mumbai,Khanpan,400,2.9,80,Chembur,47,Indian
342454,Chembur,Mumbai,7Th Heaven,400,2.9,80,Chembur,51,Snacks
336458,Santacruz East,Mumbai,Sichuan Bistro,400,2.9,80,Scruz Bandra East,38,Chinese
335873,Kurla,Mumbai,Status Bar And Restaurant,400,2.9,80,Kurla,44,Indian
330557,Santacruz East,Mumbai,Second House Kitchen,400,2.9,80,Kalina Santacruz East,50,Italian
328127,Kurla,Mumbai,Mumbai Central Juice And Snacks Centre,400,2.9,80,Kurla,38,Snacks
305412,Saki Naka,Mumbai,Pvr Cafe,400,2.9,80,Pvr Market City Mumbai,47,Snacks
239190,Powai,Mumbai,Food Style,400,2.9,80,Powai,61,Indian
191495,Santacruz East,Mumbai,A One Chinese,400,2.9,80,Scruz Bandra East,37,Chinese
186029,Andheri East,Mumbai,Hotel Om Sai,400,2.9,80,Andheri East,55,Chinese
164784,Chembur,Mumbai,Momo Bao Dimsum By Golden Wok,400,2.9,80,Chembur,57,Chinese
161707,Kurla,Mumbai,Fantasy Cake Shop,400,2.9,80,Kurla,41,Snacks
146037,Chembur,Mumbai,Bistro89,400,2.9,80,Chembur,45,Indian
122713,Santacruz East,Mumbai,Chan Su Chinese,400,2.9,80,Scruz Bandra East,40,Chinese
111536,Saki Naka,Mumbai,Royal Darbar,400,2.9,80,Kurla,44,Chinese
110855,Chembur,Mumbai,Slice Of Italy,400,2.9,80,Chembur,53,Fast Food
35669,Saki Naka,Mumbai,Coffee Culture,400,2.9,80,Pheonix Market City,39,Pizzas
33930,Santacruz East,Mumbai,Firangi Bake,400,2.9,80,Ground Floor Swastik Industrial Estate 178 Vidya Nagri Marg,41,Italian
33913,Saki Naka,Mumbai,Cinnabon & Aunt Annes,400,2.9,80,Pheonix Market City,47,Fast Food
464112,Himayath Nagar,Hyderabad,Bake And Beans,400,2.9,80,Himayath Nagar,36,Snacks
463051,Rohini,Delhi,Zaika The Bakers,400,2.9,80,Rohini,38,Pizzas
456504,Pitampura,Delhi,The Blue Plate,400,2.9,80,Pitampura,49,Chinese
451957,Tolichowki,Hyderabad,Frost N Roll,400,2.9,80,Tolichowki,74,Desserts
450236,Annanagar,Chennai,Hyderabad Irani Chai,400,2.9,80,Annanagar,70,Chinese
441782,Athwa,Surat,Hotel Rajwadi Thal,400,2.9,80,Athwa,48,Indian
441722,Navrangpura,Ahmedabad,Shiva'S Food Zone,400,2.9,80,Navrangpura,39,Indian
440498,Navrangpura,Ahmedabad,Brew Coffee,400,2.9,80,Navrangpura,58,Bengali
431569,Alwarpet,Chennai,Jallikattu Biriyani,400,2.9,80,Alwarpet,72,Biryani
428657,T Nagar,Chennai,Pachcha Kaththi,400,2.9,80,T Nagar,78,Indian
425482,Kodambakkam,Chennai,Sk Chats,400,2.9,80,Kodambakkam,78,Snacks
406185,Sarthana,Surat,Rasta One Nation,400,2.9,80,Sarthana,54,Fast Food
390814,Shivaji Nagar,Pune,Icekraft,400,2.9,80,Shivaji Nagar,38,Desserts
386721,Varachha,Surat,Juneberry Cheesecake,400,2.9,80,Varachha,60,Fast Food
378133,Ruby Area,Kolkata,Krazzy For Icecream Sundae,400,2.9,80,Ruby Area,75,Desserts
369558,Kankurgachi,Kolkata,Gourmet Ice Cream Cakes By Baskin Robbins,400,2.9,80,Beliaghata,40,Desserts
369380,Central Bangalore,Bangalore,Gourmet Ice Cream Cakes By Baskin Robbins,400,2.9,80,Triumph Towers,33,Desserts
348570,Mota Varachha,Surat,Bombay Grill,400,2.9,80,Mota Varachha,64,Pizzas
334030,Satellite,Ahmedabad,D And C Frankie,400,2.9,80,Vastrapur,49,Snacks
308914,Kachiguda,Hyderabad,Cake Affair,400,2.9,80,Nampally,36,Snacks
297449,Navrangpura,Ahmedabad,Mocha Cafe,400,2.9,80,Navrangpura,39,Bengali
260136,Banjara Hills,Hyderabad,Inox,400,2.9,80,Hyderabad Gvk One,64,Fast Food
260124,Mylapore,Chennai,Inox,400,2.9,80,Chennai City Center,61,Fast Food
229063,Kothrud,Pune,Caramella'S,400,2.9,80,Paud Road,53,Desserts
191797,Gulbai Tekra,Ahmedabad,Chai Sutta Bar,400,2.9,80,Navrangpura,47,Fast Food
149154,Laldarwaja,Ahmedabad,Dangee Dums,400,2.9,80,Relief Road,44,Desserts
111495,Tingre Nagar,Pune,Cafe U N Me,400,2.9,80,Vishrantwadi,75,Desserts
58758,Indiranagar,Bangalore,Srinidhi Sagar Food Line,400,2.9,80,Double Road,55,Chinese
465523,Perambur,Chennai,Chennai Biryani Centre,400,2.9,80,Perambur,58,Biryani
458365,Baner,Pune,Urban Sandwich Co,400,2.9,80,Baner,76,Fast Food
458109,Ruby Area,Kolkata,My Recipes,400,2.9,80,New Area,81,Chinese
457973,Perambur,Chennai,Jango'Z,400,2.9,80,Perambur,67,Pizzas
457249,Sarat Park,Kolkata,Reggae Cafe And Lounge,400,2.9,80,Sarat Park,75,Pizzas
456986,Somwarpeth,Pune,Domino'S Pizza,400,2.9,80,Pune,30,Pizzas
456048,Kestopur,Kolkata,Ohh Delicious,400,2.9,80,New Area,80,Indian
455877,Salt Lake,Kolkata,Khana Khajana,400,2.9,80,Salt Lake,83,Chinese
455145,Camp,Pune,Swad Casa,400,2.9,80,Camp,34,Chinese
454668,Indiranagar,Bangalore,Rollswich Point,400,2.9,80,Indiranagar,61,Fast Food
453494,Salt Lake,Kolkata,Red Chilly,400,2.9,80,Salt Lake,58,Chinese
453201,Tarnaka  Nacharam & Malkajigiri,Hyderabad,Sm Cake O Clock Bakers,400,2.9,80,Tarnaka  Nacharam & Malkajigiri,70,Snacks
452178,Himayath Nagar,Hyderabad,Jaihind Biryani (No Halal),400,2.9,80,Himayath Nagar,36,Indian
450694,Perambur,Chennai,Ambur Masha Allah Briyani,400,2.9,80,Perambur,56,Biryani
450692,Kestopur,Kolkata,Biryani Bowl,400,2.9,80,Lake Town,87,Biryani
450610,Indiranagar,Bangalore,Prm Biryani,400,2.9,80,Indiranagar,56,Biryani
450540,Navrangpura,Ahmedabad,William John'S Pizza,400,2.9,80,Navrangpura,37,Pizzas
449996,Koramangala,Bangalore,Appu'S Donne Biryani,400,2.9,80,Koramangala,57,Biryani
449242,Navrangpura,Ahmedabad,Shaolin Panda,400,2.9,80,Navrangpura,46,Chinese
449168,Central Kolkata,Kolkata,Beefeast,400,2.9,80,New Area,62,Pizzas
446172,Bibwewadi,Pune,Starboy Pizza & Shakes,400,2.9,80,Bibwewadi,68,Pizzas
445141,Athwa,Surat,Bakers Bunch,400,2.9,80,Athwa,38,Snacks
445044,Kankurgachi Kolkata,Kolkata,Tibet Eats,400,2.9,80,Burrabazar,58,Chinese
443606,Kondhwa,Pune,Garrison Kitchen,400,2.9,80,Kondhwa,73,Chinese
443483,Central Kolkata,Kolkata,Food King,400,2.9,80,Central Kolkata,60,Chinese
442902,Vishrantwadi,Pune,Palace Of Theme Cakes,400,2.9,80,Vishrantwadi,55,Snacks
442449,Arumbakkam,Chennai,Pocket Burger,400,2.9,80,Arumbakkam,57,Pizzas
441848,Rohini,Delhi,Fat Wrap / Fat Roll - Giant Juicy And Stuffed!,400,2.9,80,Rohini,40,Fast Food
441240,Rohini,Delhi,Delhi Se,400,2.9,80,Rohini,44,Chinese
440426,Ashok Vihar,Delhi,Darbari Swad,400,2.9,80,Ashok Vihar,74,Indian
439660,Kothapet & Dilsukhnagar,Hyderabad,Ys Mandi,400,2.9,80,Kothapet & Dilsukhnagar,44,Arabian
438451,Central Kolkata,Kolkata,Myfroyoland,400,2.9,80,Central Kolkata,61,Desserts
438409,Adajan,Surat,Tit Bit Culture Multi Cuisine Restaurant,400,2.9,80,Adajan,63,Chinese
437771,South Kolkata,Kolkata,Frytry,400,2.9,80,South Kolkata,74,Fast Food
436100,Camp,Pune,Pgi Restaurant,400,2.9,80,Camp,44,Seafood
435483,South Kolkata,Kolkata,Ekdalia Rd,400,2.9,80,South Kolkata,82,Bengali
434735,Vastrapur,Ahmedabad,Bhullar S Butter Chicken Co.,400,2.9,80,Vastrapur,52,Indian
433812,Swargate,Pune,Chinese Room,400,2.9,80,Swargate,44,Chinese
432334,Vastrapur,Ahmedabad,Chula Matka Biryani Kitchen,400,2.9,80,Vastrapur,59,Biryani
431977,Nallakunta & Vidyanagar,Hyderabad,Dads Kitchen,400,2.9,80,Nallakunta & Vidyanagar,40,Chinese
431797,Nsp,Delhi,Kocktails & Kurries,400,2.9,80,Nsp,46,Indian
431055,Nallakunta & Vidyanagar,Hyderabad,Momos And Pizza Hub,400,2.9,80,Nallakunta & Vidyanagar,44,Pizzas
431014,Kothapet & Dilsukhnagar,Hyderabad,Czars Pizza,400,2.9,80,Kothapet & Dilsukhnagar,55,Italian
429817,Nallakunta & Vidyanagar,Hyderabad,Thin Wrap Pizza Co,400,2.9,80,Nallakunta & Vidyanagar,43,Pizzas
426449,Jadavpur,Kolkata,La Cantonese,400,2.9,80,Jadavpur,96,Chinese
426022,Warje,Pune,Bkc Desi Hut,400,2.9,80,Warje,76,Biryani
424643,Malleshwaram,Bangalore,Fishs Of The Day,400,2.9,80,Malleshwaram,67,Seafood
424616,Malleshwaram,Bangalore,Sea Spice Multicuisine Restaurant,400,2.9,80,Malleshwaram,59,Seafood
423192,Kothrud,Pune,Won China,400,2.9,80,Kothrud,64,Chinese
421504,Shivaji Nagar,Pune,Munchieez,400,2.9,80,Shivaji Nagar,37,Fast Food
420739,Piplod,Surat,Chalu Chinese,400,2.9,80,Piplod,59,Chinese
420074,Kilpauk,Chennai,Atoms By Blind Ch3Mistry,400,2.9,80,Kilpauk,46,Bengali
417861,Indiranagar,Bangalore,Singhs Desi Swad,400,2.9,80,Indiranagar,68,Indian
417694,Somajiguda & Khairtabad,Hyderabad,New Arabian Mandi Restaurant,400,2.9,80,Somajiguda & Khairtabad,63,Arabian
416699,Adajan,Surat,Healthy Culture,400,2.9,80,Adajan,52,Pizzas
416564,Nallakunta & Vidyanagar,Hyderabad,Emi Burger,400,2.9,80,Nallakunta & Vidyanagar,45,Snacks
414967,Shivaji Nagar,Pune,High Garden,400,2.9,80,Shivaji Nagar,55,Italian
414917,Aundh,Pune,Sub Culture,400,2.9,80,Aundh,71,Fast Food
414019,Sector V Salt Lake,Kolkata,Veers Kitchen,400,2.9,80,Sector V Salt Lake,85,Chinese
411954,Vastrapur,Ahmedabad,The Chess Cafe,400,2.9,80,Vastrapur,55,Chinese
409663,Mylapore,Chennai,Biriyani Venuma,400,2.9,80,Mylapore,66,Biryani
406780,Kothapet & Dilsukhnagar,Hyderabad,Fipola Grill House,400,2.9,80,Kothapet & Dilsukhnagar,65,Seafood
406046,Central Bangalore,Bangalore,Big Bites,400,2.9,80,Central Bangalore,53,Fast Food
404929,Koregaon Park,Pune,Pavlovs,400,2.9,80,Koregaon Park,54,Indian
404690,Rohini,Delhi,The Tangdi Club,400,2.9,80,Rohini,50,Indian
404504,Nsp,Delhi,The Bhukkad Chowk,400,2.9,80,Nsp,64,Chinese
398161,Central Kolkata,Kolkata,Hugo And Finn,400,2.9,80,Central Kolkata,54,Desserts
396592,Vishnu Garden,Chennai,Kadalsaar Unavagam,400,2.9,80,Lolathur,75,Biryani
391832,Himayath Nagar,Hyderabad,Fish Oh Fish,400,2.9,80,Ashok Nagar,38,Biryani
384196,Kothrud,Pune,Cafe Chow Meow,400,2.9,80,Kothrud,54,Fast Food
383297,Basavanagudi,Bangalore,Spice It By Ibis,400,2.9,80,Raja Ram Mohan Roy Rd,40,Snacks
383042,Begumpet,Hyderabad,Trio La Patisserie,400,2.9,80,Begumpet,64,Snacks
382978,George Town,Chennai,Taj Biriyani Center,400,2.9,80,George Town,60,Fast Food
378321,Punjabi Bagh,Delhi,Shakespeare Cafe (Punjabi Bagh),400,2.9,80,Punjabi Bagh,75,Indian
376990,Perambur,Chennai,Delight Cake Treat,400,2.9,80,Perambur,53,Snacks
376466,Karve Nagar,Pune,Susha'S Cafe,400,2.9,80,Kothrud,56,Fast Food
372612,Rohini,Delhi,Curry Mantra,400,2.9,80,Rohini,46,Chinese
370442,Indiranagar,Bangalore,Araku Coffee,400,2.9,80,Indiranagar,53,Snacks
369270,Guttahalli,Bangalore,Shreyas Non Veg,400,2.9,80,Malleshwaram,54,Indian
369008,Camp,Pune,Venky'S Chicken Xperience,400,2.9,80,Bibwewadi,68,Chinese
368651,T. Nagar,Chennai,The Tap House,400,2.9,80,T Nagar,78,Chinese
368251,Kalighat,Kolkata,Sir Oven O Bake,400,2.9,80,South Kolkata,70,Pizzas
363690,Navrangpura,Ahmedabad,The Sandwich Box,400,2.9,80,Navrangpura,46,Bengali
362612,Dum Dum,Kolkata,Memorious India,400,2.9,80,Dumdum,79,Indian
361951,Ruby Area,Kolkata,The Ride Cafe,400,2.9,80,Ruby Area,86,Chinese
361068,Kondhwa,Pune,Deccan Darbar,400,2.9,80,Kondhwa,75,Indian
356638,Taltala,Kolkata,Inox,400,2.9,80,5 Jawaharlal Nehru Road,50,Fast Food
355245,Gopalapuram,Chennai,Degh Biryani,400,2.9,80,Royapettah,53,Biryani
354371,Bidhannagar,Kolkata,Snack N Go,400,2.9,80,Salt Lake,58,Snacks
352601,Gopipura,Surat,Kekiz The Cake Shop,400,2.9,80,Athwa,38,Snacks
351912,New Alipore,Kolkata,Credo Fashion Cafe,400,2.9,80,Alipore,82,Bengali
346431,Warje,Pune,Baba G'S Momos,400,2.9,80,Warje,77,Fast Food
346425,Warje,Pune,Uncle Chin'S,400,2.9,80,Warje,73,Fast Food
346423,Warje,Pune,Sattar Buksh Biryani And More,400,2.9,80,Warje,80,Indian
343941,Rohini,Delhi,Chicken Bites,400,2.9,80,Rohini,53,Indian
342904,Lake Town,Kolkata,Mini Royal,400,2.9,80,Salt Lake,73,Indian
342331,Dhankawadi,Pune,The Pizza Hub,400,2.9,80,Near Harivittal Apartment,74,Italian
340236,Rohini,Delhi,Mmj Delights,400,2.9,80,Rohini,58,Chinese
340224,Sangamvadi,Pune,Hyderabad Vibes,400,2.9,80,Koregaon Park,47,Biryani
339245,George Town,Chennai,Cake Square,400,2.9,80,George Town,65,Snacks
338643,Shivajinagar,Pune,Poona Guest House,400,2.9,80,Shivaji Nagar,57,Snacks
338058,Beniapukur,Kolkata,Sooper Sandwich,400,2.9,80,Tangra,58,Snacks
337395,Mylapore,Chennai,Only Combo'S,400,2.9,80,Mylapore,59,Chinese
333029,Erandwane,Pune,Sea Spices,400,2.9,80,Erandwane,52,Indian
329541,Navrangpura,Ahmedabad,Biryani Co.,400,2.9,80,Cg Road Navrangpura,38,Biryani
324868,Pitam Pura,Delhi,Josh,400,2.9,80,Nsp,64,Indian
321332,Bhowanipore,Kolkata,Wrap Co,400,2.9,80,Central Kolkata,66,Fast Food
320923,Kestopur,Kolkata,Tandoori Pitara,400,2.9,80,Kestopur,80,Indian
319371,Paikpara,Kolkata,La Vera Pizzara,400,2.9,80,Dumdum,77,Snacks
317963,Teynampet,Chennai,Vr Cafe,400,2.9,80,T Nagar,71,Snacks
317646,Shivaji Nagar,Bangalore,U.S Pizza,400,2.9,80,Central Bangalore,44,Pizzas
313799,Indiranagar,Bangalore,Absolute Combos,400,2.9,80,Indiranagar,58,Andhra
313039,Golpark,Kolkata,The Pan Asian Diner,400,2.9,80,South Kolkata,82,Chinese
311795,Bally,Kolkata,Miyansaab,400,2.9,80,Bally,71,Biryani
307140,Domlur,Bangalore,Five Star Chicken Domlur,400,2.9,80,Indiranagar,66,Fast Food
306897,Rohini,Delhi,Kiran'S Kitchen,400,2.9,80,Rohini,55,Indian
306090,Moti Nagar,Delhi,Muradabadi Chicken Biryani,400,2.9,80,Kirti Nagar,70,Biryani
301056,Neelasandra,Bangalore,Kabab Magic Roll,400,2.9,80,Central Bangalore,54,Snacks
297655,Indiranagar,Bangalore,Pizza Factory,400,2.9,80,Indiranagar,66,Pizzas
291907,Aundh,Pune,Banjara,400,2.9,80,Aundh,72,Indian
285926,Wanowrie,Pune,Nizams Biryani,400,2.9,80,Wanowrie,65,Indian
280870,Wanowrie,Pune,Peshavari Tadka,400,2.9,80,Wanowrie,65,Indian
280130,Wanowrie,Pune,Lahori Tadka,400,2.9,80,Wanowrie,65,Indian
280126,Wanowrie,Pune,Banarasiya,400,2.9,80,Wanowrie,65,Tandoor
269919,Kothrud,Pune,De Bakers Lounge,400,2.9,80,Kothrud,59,Desserts
256784,New Magdalla,Surat,Punjabi Swad,400,2.9,80,Piplod,66,Indian
210127,Ashok Nagar,Bangalore,Crazy Pizza,400,2.9,80,Magrath Rd Ashok Nagar,48,Fast Food
203947,Bidhannagar,Kolkata,Hyatt-La Cucina,400,2.9,80,Hyatt Regencysaltlake,59,Indian
201280,Adugodi,Bangalore,Pvr Cafe,400,2.9,80,Koramangala,63,Snacks
173830,Thousand Lights,Chennai,Airborne Carnival,400,2.9,80,Kader Nawaz Khan Road,49,Fast Food
126943,Rohini,Delhi,Slurppy- The Shake Factory,400,2.9,80,Sector 11,59,Fast Food
113643,Kondhwa,Pune,Ya Habibi Fatayer,400,2.9,80,Kondhwa,74,Arabian
107194,Jayanagar,Bangalore,Cake Paradise,400,2.9,80,Jayanagar 3Rd Block,56,Snacks
67659,Erandwane,Pune,Nitrobuzz,400,2.9,80,Erandwane,52,Snacks
56756,Aundh,Pune,Big Ms,400,2.9,80,Aundh,67,American
52338,Paschim Vihar,Delhi,Da Pizza Bakers,400,2.9,80,Paschim Vihar,61,Pizzas
51230,Triplicane,Chennai,Umar Biriyani,400,2.9,80,Royapettah,34,Biryani
42380,Rohini,Delhi,Lala'S(Khao Or Khane Do),400,2.9,80,Sector 9Rohini,44,Italian
33875,Tingre Nagar,Pune,Mad Pav Bhaji,400,2.9,80,Vishrantwadi,75,Fast Food
18853,Lake Town,Kolkata,Aatithya,400,2.9,80,Near Third Park Block B,75,Chinese
5208,Paschim Vihar,Delhi,Deli 63,400,2.9,80,Punjabi Bagh,60,Fast Food
466488,Navrangpura,Ahmedabad,Sassy Street,250,2.9,80,Navrangpura,44,Snacks
461164,Majestic,Bangalore,Himadri Ice Cream,250,2.9,80,Majestic,40,Desserts
454341,Kodambakkam,Chennai,Rice Junction / Chinthamani Foods Chennai Private,250,2.9,80,Kodambakkam,68,Biryani
454287,Ameerpet,Hyderabad,Assr Enterprises,250,2.9,80,Ameerpet,74,Bengali
451419,Malleshwaram,Bangalore,Bamboo Veg House,250,2.9,80,Malleshwaram,66,Indian
446282,Adajan,Surat,The Live Kitchen,250,2.9,80,Adajan,46,Fast Food
445679,Sanitytestarea,Kolkata,Om Shree Hari,250,2.9,80,New Area,52,Fast Food
440027,Kurla,Mumbai,Bombay Waffles,250,2.9,80,Kurla,38,Desserts
438391,Central Kolkata,Kolkata,Icing Sugar,250,2.9,80,Central Kolkata,67,Snacks
437396,Sinhgad Road,Pune,Swadist Bite - Healthy Bakery,250,2.9,80,Sinhgad Road,67,Snacks
435409,Bhavani Nagar Uppal - Hyderabad,Hyderabad,Super Naturals,250,2.9,80,Tarnaka Nacharam & Malkajigiri,74,Bengali
435400,Uppal - Hyderabad,Hyderabad,Shakesphere,250,2.9,80,Tarnaka Nacharam & Malkajigiri,72,Bengali
434241,Camp,Pune,Chatori Dilli,250,2.9,80,Camp,41,Fast Food
432316,Paldi & Ambawadi,Ahmedabad,Jay Ambe Fast Food And Restaurant,250,2.9,80,Paldi & Ambawadi,35,Fast Food
428701,Vadapalani,Chennai,Juice Box,250,2.9,80,Vadapalani,78,Bengali
424107,Prahlad Nagar,Ahmedabad,Spicebox,250,2.9,80,Satellite,54,Indian
415543,Marol Sakinaka,Mumbai,Afra Falooda Darbar,250,2.9,80,Marol Sakinaka,54,Bengali
407703,Piplod,Surat,Italian Roots,250,2.9,80,Piplod,69,Italian
406542,Vastrapur,Ahmedabad,Akkad Bakkad Bombay Boo,250,2.9,80,Vastrapur,49,Fast Food
402234,Naranpura,Ahmedabad,All In One  Food Point,250,2.9,80,Naranpura,52,Snacks
396263,Ghatlodia,Ahmedabad,Masala Darbar Restaurant,250,2.9,80,Ghatlodia,51,Indian
387861,Scruz Bandra East,Mumbai,Ruchika Food Sweets And Snacks Corner,250,2.9,80,Scruz Bandra East,39,Indian
385585,Triplicane,Chennai,Aradhana,250,2.9,80,Royapettah,48,Indian
382691,Camp,Pune,Gourmet Ice Cream Cakes By Baskin Robbins,250,2.9,80,Camp,36,Desserts
380230,Burrabazar,Kolkata,Break-Inn Cafe,250,2.9,80,Burrabazar,42,Snacks
377729,Athwa,Surat,Shree Chamunda Rajasthani Dalbati,250,2.9,80,Athwa,45,Indian
375499,Patel Nagar,Surat,Svagruh Bhojan,250,2.9,80,Varachha,60,Fast Food
371659,T. Nagar,Chennai,Dosai With A Twist,250,2.9,80,T Nagar,72,Indian
321967,Rohini,Delhi,Cake.Com,250,2.9,80,Rohini,37,Desserts
314717,Taltala,Kolkata,Giani'S,250,2.9,80,Central Kolkata,53,Desserts
313030,Koramangala,Bangalore,Milkshake Memories By Gudbud,250,2.9,80,Koramangala,57,Bengali
294181,Choolaimedu,Chennai,Rice And Curry,250,2.9,80,Choolaimedu,73,Indian
293909,Choolaimedu,Chennai,3 V'S Bistro,250,2.9,80,Choolaimedu,76,Pizzas
293863,Kilpauk,Chennai,Desi-Fied,250,2.9,80,Nungambakkam,44,Italian
292289,Alwarpet,Chennai,Gogo Desi,250,2.9,80,Alwarpet,68,Indian
289974,Andheri East,Mumbai,Fast Food Corner - Tejal'S Kitchen,250,2.9,80,Powai,56,Fast Food
264137,Ameerpet,Hyderabad,Scoops Ameerpet,250,2.9,80,Ameerpet,65,Desserts
250461,Barabazar Market,Kolkata,Satvik,250,2.9,80,Burrabazar,52,Indian
249968,Sector 11 Rohini,Delhi,Dhruv'S Kitchen,250,2.9,80,Rohini,58,Indian
242720,Mylapore,Chennai,Mani Sri Saastha Kitchen,250,2.9,80,Mylapore,70,Indian
223313,Andheri East,Mumbai,Dil Se Dalia,250,2.9,80,Pream Nagar Sakivihar Road,60,Fast Food
203770,Satellite,Ahmedabad,7 Days,250,2.9,80,Prahlad Nagar,48,Snacks
177233,Athwa,Surat,Go Italy,250,2.9,80,City Light,45,Italian
162296,Kothrud,Pune,Pizza Express,250,2.9,80,Kothrud,50,Fast Food
137826,Begumpet,Hyderabad,Sind Bakery,250,2.9,80,Begumpet,62,Snacks
134066,Erandwane,Pune,Shakezone,250,2.9,80,Kothrud,52,Bengali
89982,Kilpauk,Chennai,Rajasthan Chat House,250,2.9,80,Ayanavaram,54,Fast Food
89835,Egmore,Chennai,Jus Bites,250,2.9,80,G1 Wellington Estate,40,Desserts
75315,Nana Varachha,Surat,Dr Pizza & Foods,250,2.9,80,Nr. Maharana Pratap Garden,59,Fast Food
75141,Koregaon Park,Pune,The Mousse Coupe,250,2.9,80,Kalyani Nagar,54,Desserts
73027,Adajan Gam,Surat,The Veg Factory,250,2.9,80,Raj Victoria Pal,58,Italian
69901,Shivaji Nagar,Bangalore,Robin Brown Ice Cream,250,2.9,80,Central Bangalore,52,Desserts
59970,Paldi,Ahmedabad,Pizza Zone,250,2.9,80,Paldi,46,Pizzas
44372,Ambawadi,Ahmedabad,Real Paprika,250,2.9,80,Amabawadi,36,Pizzas
44174,Agarkar Nagar,Pune,Uncle Kitchen,250,2.9,80,Camp,40,Fast Food
31827,Bhowanipore,Kolkata,Crazzy Momo,250,2.9,80,Near Saha Nagar Park,68,Tandoor
26474,Tollygunge,Kolkata,Xis O Krim,250,2.9,80,Near Lords More Be Bonnie,87,Desserts
19476,Anand Nagar,Pune,The Juicy Hub,250,2.9,80,Riddhi Siddhi Society,70,Bengali
14176,Shivajinagar,Pune,Mahabaleshwar Berry Bash,250,2.9,80,Fc Road,39,Desserts
8471,Bidhannagar,Kolkata,Kwality Swirls,250,2.9,80,Newtownchakpachuriya,76,Desserts
463157,Naranpura,Ahmedabad,Brewers The Coffee Bar,250,2.9,80,Naranpura,45,Italian
461321,Kurla,Mumbai,Fresh Breakfast,250,2.9,80,Kurla,35,Indian
460415,Ghatkopar Ck Mum,Mumbai,Chaayos Meri Wali Chai,250,2.9,80,Ghatkopar Ck Mum,37,Snacks
457805,Purasawalkam,Chennai,Leenas Kitchen,250,2.9,80,Purasawalkam,50,Snacks
457566,Shivaji Nagar,Pune,Al Mizan Biryani House,250,2.9,80,Shivaji Nagar,47,Biryani
455352,Powai,Mumbai,Rolling Rolls,250,2.9,80,Powai,54,Snacks
454193,Vadapalani,Chennai,Hotel Nava Rusi,250,2.9,80,Vadapalani,81,Indian
453640,Sarthana,Surat,Modi S Punjabi Tadka,250,2.9,80,Sarthana,63,Punjabi
453591,Navrangpura,Ahmedabad,My Sugarpot,250,2.9,80,Navrangpura,37,Bengali
453553,Bibwewadi,Pune,Tea Time Paratha House,250,2.9,80,Bibwewadi,74,Indian
453249,Lake Town,Kolkata,The Food Tower,250,2.9,80,Lake Town,74,Indian
452629,Kurla,Mumbai,Getawhey - Healthy Ice Creams,250,2.9,80,Kurla,44,Desserts
452599,Himayath Nagar,Hyderabad,Bhagyalaxmi Dhaba,250,2.9,80,Himayath Nagar,36,Indian
452320,Sanitytestarea,Kolkata,Caffe Crema,250,2.9,80,New Area,79,Bengali
451641,Vadapalani,Chennai,Arabian Paradise,250,2.9,80,Vadapalani,77,Arabian
451454,Matunga Wadala,Mumbai,Donut Hub,250,2.9,80,Matunga Wadala,49,Desserts
448830,Banjara Hills,Hyderabad,Filful Shawarma,250,2.9,80,Banjara Hills,78,Snacks
447954,South Kolkata,Kolkata,Immunno Kitchen,250,2.9,80,South Kolkata,70,Seafood
447258,Koramangala,Bangalore,Pizza Club 1987,250,2.9,80,Koramangala,78,Pizzas
446976,Kothrud,Pune,Cafe Ocean 11,250,2.9,80,Kothrud,55,Fast Food
446175,Bibwewadi,Pune,Bhayankar Burgers,250,2.9,80,Bibwewadi,64,Fast Food
446023,Perambur,Chennai,S.R.Kathar Biryani,250,2.9,80,Perambur,62,Indian
445522,Indiranagar,Bangalore,69 Dacker'S Lane,250,2.9,80,Indiranagar,61,Bengali
444359,Hyderguda Old Mla Home,Hyderabad,American Bakers Bakers & Confectioners,250,2.9,80,Hyderguda,36,Fast Food
444039,South Kolkata,Kolkata,Snack It,250,2.9,80,South Kolkata,87,Indian
443068,Kothapet & Dilsukhnagar,Hyderabad,Chitti In Town Robot Restaurant,250,2.9,80,Kothapet & Dilsukhnagar,61,Indian
442757,South Kolkata,Kolkata,Sophi'S Tea Kettle,250,2.9,80,South Kolkata,69,Bengali
442561,Chembur,Mumbai,Getawhey - Healthy Ice Creams,250,2.9,80,Chembur,53,Desserts
442246,T Nagar,Chennai,Crunchy Munchy Chats,250,2.9,80,T Nagar,66,Fast Food
441406,Sanitytestarea,Kolkata,Biryani Kingdom,250,2.9,80,New Area,58,Indian
440376,Salt Lake,Kolkata,Cafeteria House,250,2.9,80,Salt Lake,77,Pizzas
440202,Sinhgad Road,Pune,The Shawarma Bar And Grills,250,2.9,80,Vadgoan Budruk,77,Arabian
438945,Nsp,Delhi,Nirmal Vada Pav,250,2.9,80,Nsp,53,Fast Food
438825,Paschim Vihar,Delhi,Moms Kitchen,250,2.9,80,Paschim Vihar,56,Indian
438779,Tolichowki,Hyderabad,Khiljis Castle,250,2.9,80,Tolichowki,78,Arabian
438252,Rohini Sector 7,Delhi,Protein Singh,250,2.9,80,Rohini Sector 7,47,Fast Food
438064,Tolichowki,Hyderabad,Treat On The Street,250,2.9,80,Tolichowki,75,Pizzas
437147,Koramangala,Bangalore,Mozon Burger,250,2.9,80,Koramangala,57,Fast Food
434548,Marol Sakinaka,Mumbai,Unnati Kitchen,250,2.9,80,Marol Sakinaka,53,Indian
434384,Kothrud,Pune,Deewan-E-Biryani - Kothrud,250,2.9,80,Kothrud,59,Biryani
433557,Matunga Wadala,Mumbai,Simran Punjabi Food,250,2.9,80,Matunga Wadala,56,Punjabi
432009,Somajiguda & Khairtabad,Hyderabad,Baker'S Valley Cake House,250,2.9,80,Somajiguda & Khairtabad,46,Pizzas
430179,Prahlad Nagar,Ahmedabad,One Bite,250,2.9,80,Prahlad Nagar,52,Fast Food
429659,Lake Town,Kolkata,The Shiraaz,250,2.9,80,Lake Town,71,Indian
428208,Jadavpur,Kolkata,Go 69 Pizza,250,2.9,80,Jadavpur,86,Pizzas
428154,Shivaji Nagar,Pune,Noto - Healthy Ice Cream,250,2.9,80,Shivaji Nagar,44,Desserts
427724,Piplod,Surat,Dreamery By Getawhey,250,2.9,80,Piplod,61,Desserts
423689,Asif Nagar,Hyderabad,Falak Restaurant And Banquet Hall,250,2.9,80,Asif Nagar,49,Biryani
423507,Old Washermanpet,Chennai,Pandi Briyani Hotel,250,2.9,80,Royapuram,61,Biryani
421659,Banjara Hills,Hyderabad,Mf Biryani And Shawarma,250,2.9,80,Banjara Hills,69,Biryani
421614,Himayath Nagar,Hyderabad,Patiala On The Rocks,250,2.9,80,Himayath Nagar,33,Bengali
421488,Salt Lake,Kolkata,Lord Of The Fries,250,2.9,80,Salt Lake,75,Snacks
420864,Banjara Hills,Hyderabad,Hero Sandwiches,250,2.9,80,Banjara Hills,68,Fast Food
417977,George Town,Chennai,C.F.C Hyderabad Dum Biryani & Fast Food,250,2.9,80,George Town,53,Biryani
417750,Ghatlodia,Ahmedabad,Spaniard Pizzeria,250,2.9,80,Ghatlodia,53,Pizzas
417379,Swargate,Pune,Deep Blue Sea,250,2.9,80,Swargate,47,Fast Food
417051,Tangra,Kolkata,Paradise Kitchen,250,2.9,80,Tangra,68,Fast Food
417041,Kakurgachi,Kolkata,Red Bubble Cafe By Purple Foods,250,2.9,80,Kakurgachi,50,Bengali
415778,Perambur,Chennai,Pizza Lounge,250,2.9,80,Perambur,63,Fast Food
415685,Burrabazar,Kolkata,Pizza Kingz,250,2.9,80,Burrabazar,40,Pizzas
415020,Royapettah,Chennai,Rotticious,250,2.9,80,Royapettah,53,Fast Food
412275,Charminar,Hyderabad,Cravings,250,2.9,80,Charminar,58,Fast Food
410603,Banjara Hills,Hyderabad,Nizami Shawarma,250,2.9,80,Banjara Hills,65,Arabian
409626,Salt Lake,Kolkata,Punjabi Dhabay,250,2.9,80,Salt Lake,61,Indian
407691,Annanagar,Chennai,Cake Fairy,250,2.9,80,Annanagar,62,Snacks
407688,South Kolkata,Kolkata,Chata Chati,250,2.9,80,South Kolkata,70,Snacks
407346,Tarnaka Nacharam & Malkajigiri,Hyderabad,Punjabi Tadka,250,2.9,80,Tarnaka Nacharam & Malkajigiri,77,Indian
407004,Kothapet & Dilsukhnagar,Hyderabad,Reddy Vari Biryani,250,2.9,80,Kothapet & Dilsukhnagar,72,Indian
406801,Powai,Mumbai,Pizza Lover,250,2.9,80,Powai,58,Pizzas
402355,Camp,Pune,Agatya Thali,250,2.9,80,Camp,33,Biryani
399428,Ruby Area,Kolkata,Mrs. Messy,250,2.9,80,Ruby Area,70,Indian
399291,Lake Town,Kolkata,Domingos Pizza,250,2.9,80,Lake Town,82,Pizzas
397037,Scruz Bandra East,Mumbai,Saavis Magic Kitchen,250,2.9,80,Scruz Bandra East,50,Indian
391606,Ghatkopar Vikhroli,Mumbai,Khwaja Garib Nawaz,250,2.9,80,Ghatkopar Vikhroli,57,Arabian
390645,Kurla,Mumbai,Cafe Sahil,250,2.9,80,Kurla,39,Indian
389139,Central Bangalore,Bangalore,India Chai Lounge,250,2.9,80,Central Bangalore,47,Fast Food
385154,Salt Lake,Kolkata,Snacks Gali,250,2.9,80,Salt Lake,84,Fast Food
385127,Salt Lake,Kolkata,Appetizers Snacks,250,2.9,80,Salt Lake,78,Italian
385094,Salt Lake,Kolkata,Snackoo Time,250,2.9,80,Salt Lake,87,Fast Food
384890,Salt Lake,Kolkata,Sandwich Wale,250,2.9,80,Salt Lake,81,Fast Food
384773,Salt Lake,Kolkata,Hot And Fresh Fried Chicken,250,2.9,80,Salt Lake,83,Fast Food
384770,Salt Lake,Kolkata,Krazzy Fried Chicken,250,2.9,80,Salt Lake,78,Indian
384767,Salt Lake,Kolkata,Masala Fried Chicken,250,2.9,80,Salt Lake,81,Fast Food
384632,Salt Lake,Kolkata,Waffle Treats,250,2.9,80,Salt Lake,77,Desserts
384631,Salt Lake,Kolkata,Sandwich Gali,250,2.9,80,Salt Lake,80,Fast Food
384242,Shivaji Nagar,Pune,Kannu Ki Chai,250,2.9,80,Shivaji Nagar,36,Bengali
381343,Nallakunta & Vidyanagar,Hyderabad,Tasty Inn Hyderabadi Biryani,250,2.9,80,Nallakunta & Vidyanagar,43,Biryani
381334,Kurla,Mumbai,Papa Pizza,250,2.9,80,Juhu,39,Indian
379046,Basavanagudi,Bangalore,House Of Belgian,250,2.9,80,Basavanagudi,59,Desserts
377818,Koramangala,Bangalore,Ruchi Virundu,250,2.9,80,Koramangala,61,Biryani
375485,Mylapore,Chennai,Thirsty Inc.,250,2.9,80,Mylapore,71,Bengali
374028,Jayanagar,Bangalore,The Cafe Bar - Jayanagar,250,2.9,80,Jayanagar,54,Bengali
370573,Baguiati,Kolkata,A Little Happiness,250,2.9,80,Lake Town,94,Indian
364735,Lake Town,Kolkata,The Food Story,250,2.9,80,Lake Town,81,Snacks
364054,Navrangpura,Ahmedabad,Frankie On Fire,250,2.9,80,Navrangpura,38,Fast Food
359822,Isanpur,Ahmedabad,Apunka Addaa,250,2.9,80,Isanpur,49,Snacks
359625,Powai,Mumbai,Rollicious,250,2.9,80,Powai,57,Fast Food
357552,Viman Nagar,Pune,Griddle By Sos,250,2.9,80,Viman Nagar,79,American
357476,Rohini,Delhi,Dilli 6 Biryani,250,2.9,80,Rohini,44,Indian
357471,Rohini,Delhi,Purani Dilli Biryani,250,2.9,80,Rohini,36,Indian
356741,Himayath Nagar,Hyderabad,That Pizza Place,250,2.9,80,Himayatnagar,36,Pizzas
352270,Cossipore,Kolkata,Cake Walas,250,2.9,80,Dum Dum,82,Snacks
351222,Rohini,Delhi,Biryani Chaska,250,2.9,80,Rohini,47,Italian
350537,Rohini,Delhi,Hyderabadi Biryani Zaika,250,2.9,80,Rohini,44,Biryani
348534,Sangvi,Pune,Izletes Pizza,250,2.9,80,New Sangvi,70,Pizzas
348443,Swargate,Pune,The Momo Co.,250,2.9,80,Swargate,51,Tandoor
348324,Kodihalli,Bangalore,Andhra Home Biriyani,250,2.9,80,Indiranagar,70,Biryani
347875,Kalighat,Kolkata,Curry & Crust- Tandoori Pizza,250,2.9,80,South Kolkata,76,Pizzas
346778,Rohini,Delhi,Biryani Hi Biryani,250,2.9,80,Rohini,44,Indian
346307,South Dumdum,Kolkata,Haji Taj Biriyani,250,2.9,80,Chinar Park,90,Biryani
346224,Rohini,Delhi,Zaikedaar Biryani,250,2.9,80,Rohini,45,Fast Food
341620,Nehrunagar,Ahmedabad,Paltan'S By The Tiffinwales,250,2.9,80,Vastrapur Area,49,Indian
340297,West Mambalam,Chennai,The Indie Frost,250,2.9,80,West Mambalam,81,Bengali
333980,Naranpura,Ahmedabad,Bake And Grill,250,2.9,80,Ghatlodia,61,Indian
318287,Shivaji Nagar,Bangalore,Romeo Lassi Shop,250,2.9,80,Chandni Chowk Rd Shivaji Nagar,38,Bengali
318238,Shivaji Nagar,Bangalore,Al Pizza Corner,250,2.9,80,Chandni Chowk Rd Shivaji Nagar,44,Pizzas
315723,Shivajinagar,Pune,Meal In Box,250,2.9,80,Karvenagar,50,Bengali
313178,Adajan,Surat,Punjabi Dragon,250,2.9,80,Adajan,55,Punjabi
303933,Ashok Nagar,Bangalore,Abc Kolkata Kitchen,250,2.9,80,Ashok Nagar,45,Indian
295104,Baguihati,Kolkata,Cheesy Blast,250,2.9,80,Kestopur Khal,76,Fast Food
289133,Rohini,Delhi,Uncle Butter Omelette,250,2.9,80,Rohini,61,Snacks
287342,Tollygunge,Kolkata,Tolly Cafe,250,2.9,80,South Kolkata,87,Bengali
287238,Bidhannagar,Kolkata,Khana To Banti Hai,250,2.9,80,Salt Lake,83,Snacks
279873,Banashankari,Bangalore,Waffle Head,250,2.9,80,Jayanagar,48,Desserts
268138,Marol Sakinaka,Mumbai,Cafe Ayaan,250,2.9,80,Kurla,49,Indian
259101,Mmda Colony,Chennai,Sandwich Master,250,2.9,80,Kazhipattur,68,Indian
255080,Aundh,Pune,Wahh China,250,2.9,80,Aundh,69,Indian
251375,Gariahat,Kolkata,Jiya Snacks,250,2.9,80,South Kolkata,73,Indian
234811,Scruz Bandra East,Mumbai,Ulta Tawa,250,2.9,80,Scruz Bandra East,52,Indian
218475,Frazer Town,Bangalore,Hotel Zam Zam,250,2.9,80,Geddalahalli,64,Biryani
210638,Dapodi,Pune,Lf 91 Cafe And Restaurant,250,2.9,80,Sangvi,74,Indian
194562,Koti,Hyderabad,Mccafe By Mcdonald'S,250,2.9,80,Abits Mpm Mall,35,Bengali
194552,Khatodra Wadi,Surat,Mccafe By Mcdonald'S,250,2.9,80,Reliance Mall,34,Bengali
192381,Ellisbridge,Ahmedabad,Mccafe By Mcdonald'S,250,2.9,80,Cg Road,40,Bengali
192367,Santacruz East,Mumbai,Mccafe By Mcdonald'S,250,2.9,80,Kalina Artista,36,Bengali
192305,Shivajinagar,Pune,Mccafe By Mcdonald'S,250,2.9,80,Jm Road,38,Bengali
192291,Jogupalya,Bangalore,Mccafe By Mcdonald'S,250,2.9,80,Lido Mall,52,Bengali
191577,Saki Naka,Mumbai,The Bombay Chopstic,250,2.9,80,Kurla,35,Indian
179515,Kurla West,Mumbai,Aniruddha'S,250,2.9,80,Kurla,42,Indian
175481,Asalpha,Mumbai,Top Chinese Fast  Food,250,2.9,80,Mohili Village Nair Wadi Sakinaka Mumbai,54,Indian
169803,Annanagar,Chennai,Milda Naturals,250,2.9,80,Ayanavaram,52,Desserts
168509,Sector 51,Delhi,Shakes And Chinese,250,2.9,80,Sector-7,45,Indian
168353,Guttahalli,Bangalore,London Dairy,250,2.9,80,Malleshwaram,50,Desserts
167437,Ashok Nagar,Bangalore,Zoroy Luxury Chocolates,250,2.9,80,Central Bangalore,36,Desserts
164250,Park Circus,Kolkata,Universal Cafe,250,2.9,80,Park Circus City Kolkata,61,Fast Food
147485,Purasaiwakkam,Chennai,Kaapi House,250,2.9,80,Secretariat Colony,56,Bengali
127798,Ballygunge,Kolkata,Julie'S Kitchen,250,2.9,80,Central Kolkata,67,Indian
125150,Begampura,Surat,Raj Fast Food,250,2.9,80,Zampa Bazar,45,Indian
118380,Ballygunge,Kolkata,Sfc Food Funda,250,2.9,80,Tiljala,68,Fast Food
110135,Wanwadi,Pune,Cafe Good Day,250,2.9,80,Wanowrie,66,Fast Food
106927,Ejipura,Bangalore,Lazeez Ambur Dum Biryani,250,2.9,80,Koramangala 4Th Block,59,Biryani
86087,Jodhpur Village,Ahmedabad,Xocolat Chocolatiers Cafe & Bakery,250,2.9,80,Satellite,47,Desserts
71328,Varachha,Surat,Jeevandhara Hotels,250,2.9,80,Opp Rajhans Point,44,Punjabi
61196,Bibwewadi,Pune,Biryani Kebabs & Co,250,2.9,80,Sahkarnagar,52,Biryani
55746,Purasaiwakkam,Chennai,The Cake World,250,2.9,80,Purasawalkam,49,Snacks
54972,George Town,Chennai,Hotel Kalyana Bhavan,250,2.9,80,Parrys Corner,50,Biryani
49355,Tangra,Kolkata,Quality Fast Food,250,2.9,80,Near Tangra Telephone Exchange,63,Indian
40297,Kankurgachi,Kolkata,Soul Cafe,250,2.9,80,Beside Apollo Hospital,60,Italian
26517,Ruby Area  Kasba  East Kolkata Township,Kolkata,Street Cafe,250,2.9,80,East Kolkata Township,85,American
24058,Kolkata,Kolkata,Just Baked,250,2.9,80,Near Birla High School,54,Desserts
456478,Chandkheda,Ahmedabad,Sahi Suraj Singh,250,2.9,80,Chandkheda,72,Chinese
456340,Laldarwaja,Ahmedabad,K.P Snacks And Food,250,2.9,80,Laldarwaja,40,Chinese
454349,Chembur,Mumbai,Mr Chinese,250,2.9,80,Chembur,50,Chinese
448419,Ameerpet,Hyderabad,Vishnu Priya Udipi Tiffins & Meals,250,2.9,80,Ameerpet,66,Chinese
447956,Mehdipatnam,Hyderabad,Tasty Byte,250,2.9,80,Mehdipatnam,61,Chinese
441531,Rohini,Delhi,Chulha Chowka,250,2.9,80,Rohini,67,Chinese
412597,Indiranagar,Bangalore,Babaji Bites,250,2.9,80,Indiranagar,59,Chinese
407889,Vastrapur,Ahmedabad,Chow Chow Asian Kitchen,250,2.9,80,Vastrapur,49,Chinese
293906,Choolaimedu,Chennai,Bistro Mylapore,250,2.9,80,Choolaimedu,75,Chinese
220162,Rohini,Delhi,The Pizza Point,250,2.9,80,Pocket A Sector 1,33,Chinese
464760,Purasawalkam,Chennai,A1 Food World,250,2.9,80,Purasawalkam,46,Chinese
460155,Marol Sakinaka,Mumbai,Chow Chow India,250,2.9,80,Marol Sakinaka,41,Chinese
458491,Mehdipatnam,Hyderabad,Ajooba Food Court,250,2.9,80,Mehdipatnam,53,Chinese
456230,Nsp,Delhi,China Gate Fast Food,250,2.9,80,Nsp,63,Chinese
455121,Kondhwa,Pune,Chinese \Rstation,250,2.9,80,Kondhwa,75,Chinese
455066,Kurla,Mumbai,Manora Chinese And Fast Food,250,2.9,80,Kurla,37,Chinese
454265,Dumdum,Kolkata,Mehfil,250,2.9,80,Dumdum,84,Chinese
454179,Santoshnagar & Saidabad,Hyderabad,Saleem Phekus,250,2.9,80,Santoshnagar & Saidabad,37,Chinese
453413,Baner,Pune,Nashta Am Pm,250,2.9,80,Baner,72,Chinese
451927,Vishrantwadi,Pune,Yash Chinese Center,250,2.9,80,Vishrantwadi,58,Chinese
449646,Egmore,Chennai,Taj Mugalai Since 1981,250,2.9,80,Egmore,36,Chinese
448442,Himayath Nagar,Hyderabad,Golden Bistro,250,2.9,80,Himayath Nagar,40,Chinese
447736,Alipore,Kolkata,Inch By The Lane,250,2.9,80,Alipore,88,Chinese
447678,Sion Bhakti Park,Mumbai,Bombay Tadka House,250,2.9,80,Sion Bhakti Park,52,Chinese
447348,Burrabazar,Kolkata,Sipsmart Cloud Kitchen,250,2.9,80,Burrabazar,51,Chinese
447343,Ashok Nagar,Hyderabad,C Kitchen,250,2.9,80,Ashok Nagar,40,Chinese
445923,Central Kolkata,Kolkata,J.K. Muskan Rool Jaiswal Corner,250,2.9,80,Central Kolkata,48,Chinese
445639,Kothapet & Dilsukhnagar,Hyderabad,Hunger'S Hub Fastfood,250,2.9,80,Kothapet & Dilsukhnagar,38,Chinese
441558,Shivaji Nagar,Pune,Fall In Love,250,2.9,80,Shivaji Nagar,48,Chinese
441413,Sanitytestarea,Kolkata,Yo Chinese,250,2.9,80,New Area,58,Chinese
441408,Perambur,Chennai,Hot Bowl Cafe,250,2.9,80,Perambur,69,Chinese
439669,Lake Town,Kolkata,The Vorpet Resto,250,2.9,80,Lake Town,88,Chinese
427121,Himayath Nagar,Hyderabad,Panda Momos,250,2.9,80,Himayath Nagar,39,Chinese
424758,South Kolkata,Kolkata,English Bazar Express,250,2.9,80,South Kolkata,75,Chinese
424618,Jadavpur,Kolkata,The Nightingale,250,2.9,80,Jadavpur,91,Chinese
415487,Vastrapur,Ahmedabad,Page One,250,2.9,80,Vastrapur,54,Chinese
411929,Villivakkam,Chennai,Syeds Biriyani And Fast Food,250,2.9,80,Villivakkam,71,Chinese
404791,Kurla,Mumbai,Sai Kiran Indian And Chinese Food,250,2.9,80,Kurla,40,Chinese
401975,Basavanagudi,Bangalore,Chichas,250,2.9,80,Basavanagudi,49,Chinese
401340,Andheri East,Mumbai,Hotel Sunita,250,2.9,80,Andheri East,59,Chinese
401069,Kothapet & Dilsukhnagar,Hyderabad,Destino Re Defined,250,2.9,80,Kothapet & Dilsukhnagar,49,Chinese
397634,Santoshpur,Kolkata,Hot And Fresh Foodies,250,2.9,80,Santoshpur,95,Chinese
391778,Nallakunta & Vidyanagar,Hyderabad,Chinese Fast Food,250,2.9,80,Nallakunta & Vidyanagar,37,Chinese
381333,Juhu,Mumbai,Vista Fast Food,250,2.9,80,Juhu,39,Chinese
381312,Kurla,Mumbai,Bhot Hard Chinese,250,2.9,80,Juhu,40,Chinese
381298,Kurla,Mumbai,Chinese Adda,250,2.9,80,Juhu,44,Chinese
381296,Juhu,Mumbai,99 Chinese,250,2.9,80,Juhu,38,Chinese
374840,Kurla,Mumbai,Hotel Rudra,250,2.9,80,Kurla,36,Chinese
372527,Kothrud,Pune,Meeraki Chinese,250,2.9,80,Kothrud,60,Chinese
371701,Rohini,Delhi,Atrangi Food Cafe,250,2.9,80,Rohini,49,Chinese
342570,Ghatkopar West,Mumbai,A-1 Chinese Corner,250,2.9,80,Ghatkopar Vikhroli,55,Chinese
342007,Rohini,Delhi,Biryani Chowk,250,2.9,80,Rohini,46,Chinese
338807,Memnagar,Ahmedabad,The Wok Tales,250,2.9,80,Vastrapur,62,Chinese
338804,Memnagar,Ahmedabad,Meals Of India,250,2.9,80,Vastrapur,52,Chinese
335883,Paharganj,Delhi,Red Dragon,250,2.9,80,Sector-3,39,Chinese
334941,Ellisbridge,Ahmedabad,Chinese Adda,250,2.9,80,Navrangpura,40,Chinese
321912,Vishnu Garden,Delhi,Paratha Universe,250,2.9,80,Rajouri Garden,70,Chinese
264577,Sector 11 Rohini,Delhi,Uncle'S Junkyard,250,2.9,80,Rohini,60,Chinese
255891,Salt Lake,Kolkata,Food Point,250,2.9,80,Salt Lake,61,Chinese
241844,Powai,Mumbai,Desi Chinese Adda,250,2.9,80,Andheri East,49,Chinese
240964,Kothrud,Pune,Let'S Order Chinese,250,2.9,80,Kothrud,67,Chinese
236980,Powai,Mumbai,The Manchurian Factory,250,2.9,80,Powai,48,Chinese
221697,Barabazar Market,Kolkata,Nice Fried Chicken,250,2.9,80,Burrabazar,50,Chinese
206503,Rohini,Delhi,Rohini Rasoi,250,2.9,80,Rohini,38,Chinese
194761,Santacruz East,Mumbai,Hub Chinese,250,2.9,80,Scruz Bandra East,33,Chinese
170132,Rohini,Delhi,Biryani Kingdom,250,2.9,80,Sector 7 Rohini,40,Chinese
167252,Sovabazar,Kolkata,Blossoms,250,2.9,80,Abhedananda Road Ward No.16,50,Chinese
140151,Adajan,Surat,Hot Sauce Chinese,250,2.9,80,Adajan Patiya,48,Chinese
136701,Rohini,Delhi,Binger'S Tandoori Momos,250,2.9,80,Shiva Road Above Tuli Property,45,Chinese
114463,Begampura,Surat,Pizza & Plus,250,2.9,80,Begampura,44,Chinese
109119,Bidhannagar,Kolkata,Empty Stomach,250,2.9,80,Sector 4 Salt Lake,64,Chinese
434672,Royapettah,Chennai,Chettinese,300,2.9,80,Royapettah,57,Chinese
432169,Adajan,Surat,Jakaas Pizza Zone,300,2.9,80,Adajan,59,Chinese
416212,Vastrapur,Ahmedabad,Vanilla Sky,300,2.9,80,Vastrapur,51,Chinese
403318,Paldi & Ambawadi,Ahmedabad,Amazing Snacks,300,2.9,80,Paldi & Ambawadi,49,Chinese
398062,Basavanagudi,Bangalore,Manchurian Corner,300,2.9,80,Basavanagudi,53,Chinese
382404,Indiranagar,Bangalore,Shanghai Social,300,2.9,80,Indiranagar,70,Chinese
284758,Santacruz East,Mumbai,Oriental Pure Veg,300,2.9,80,Scruz Bandra East,44,Chinese
166186,Nana Varachha,Surat,Laxmi Chinese,300,2.9,80,Simada Gam,61,Chinese
82374,Yerawada,Pune,Nine Square,300,2.9,80,Koregaon Park,63,Chinese
51737,Swargate,Pune,Gokul Chinese,300,2.9,80,Tilak Road,44,Chinese
466013,Central Kolkata,Kolkata,D' Ley Chinese Fast Food,300,2.9,80,Central Kolkata,44,Chinese
465030,Marol Sakinaka,Mumbai,Sufi Darbar Restaurant,300,2.9,80,Marol Sakinaka,52,Chinese
462444,Rohini,Delhi,Mealizer,300,2.9,80,Rohini,36,Chinese
460912,George Town,Chennai,Salam Biryani,300,2.9,80,George Town,45,Chinese
459832,Nsp,Delhi,Chef Nation,300,2.9,80,Nsp,50,Chinese
458764,Kestopur,Kolkata,Chef Special,300,2.9,80,Kestopur,79,Chinese
457322,Dumdum,Kolkata,Appayan,300,2.9,80,Dumdum,76,Chinese
456915,Kothapet & Dilsukhnagar,Hyderabad,Aradhya Chinese Fast Food Center,300,2.9,80,Kothapet & Dilsukhnagar,61,Chinese
456806,Lake Town,Kolkata,Aaharadi,300,2.9,80,Lake Town,75,Chinese
455493,Athwa,Surat,Beijing Chicken Lollipop,300,2.9,80,Athwa,37,Chinese
454875,Perambur,Chennai,The Royal Restaurant,300,2.9,80,Perambur,69,Chinese
453804,Powai,Mumbai,Samaira Caterers,300,2.9,80,Powai,52,Chinese
452292,Sion Bhakti Park,Mumbai,Shubham Fast Food,300,2.9,80,Sion Bhakti Park,54,Chinese
451331,Naroda,Ahmedabad,Chicken Express,300,2.9,80,Naroda,58,Chinese
451194,Kothapet & Dilsukhnagar,Hyderabad,Al-Madina Chinese Fast Food And Arabian Shawarma,300,2.9,80,Kothapet & Dilsukhnagar,32,Chinese
450212,Park Circus,Kolkata,Amigo'S Corner,300,2.9,80,New Area,72,Chinese
449312,Viman Nagar,Pune,Sizzling Wok,300,2.9,80,Viman Nagar,67,Chinese
447808,Scruz Bandra East,Mumbai,City Wok Express,300,2.9,80,Scruz Bandra East,43,Chinese
447743,Scruz Bandra East,Mumbai,Mehfil,300,2.9,80,Scruz Bandra East,48,Chinese
447118,Powai,Mumbai,The Great Indian Appetizers,300,2.9,80,Powai,57,Chinese
446548,Alipore,Kolkata,Cloud26,300,2.9,80,Alipore,77,Chinese
445973,Kurla,Mumbai,Benji'S Darbar,300,2.9,80,Kurla,46,Chinese
445215,Scruz Bandra East,Mumbai,Chinese Palace,300,2.9,80,Scruz Bandra East,43,Chinese
445068,Scruz Bandra East,Mumbai,Bombay Chinese,300,2.9,80,Scruz Bandra East,43,Chinese
445065,Gautam Buddha Nagar,Mumbai,Bammaye Chinese,300,2.9,80,Scruz Bandra East,38,Chinese
444508,Villivakkam,Chennai,Mithran Fast Food,300,2.9,80,Villivakkam,74,Chinese
444474,T Nagar,Chennai,Momos,300,2.9,80,T Nagar,69,Chinese
444346,Central Bangalore,Bangalore,Umpire Chicken County,300,2.9,80,Central Bangalore,50,Chinese
443800,Basavanagudi,Bangalore,Red Chilies,300,2.9,80,Basavanagudi,58,Chinese
443102,Kothapet & Dilsukhnagar,Hyderabad,Fries.Com,300,2.9,80,Kothapet & Dilsukhnagar,68,Chinese
441510,Warje,Pune,Wok Hong,300,2.9,80,Warje,64,Chinese
441224,Andheri East,Mumbai,The Masterpiece,300,2.9,80,Andheri East,51,Chinese
441206,Indiranagar,Bangalore,Cafe Imroze,300,2.9,80,Indiranagar,62,Chinese
440032,Arumbakkam,Chennai,Kk Biriyani,300,2.9,80,Arumbakkam,78,Chinese
439626,Scruz Bandra East,Mumbai,China Palace,300,2.9,80,Scruz Bandra East,37,Chinese
439381,Central Bangalore,Bangalore,Hotel Green Tara,300,2.9,80,Central Bangalore,36,Chinese
438070,Adajan,Surat,Samosazz,300,2.9,80,Adajan,58,Chinese
437531,Annanagar,Chennai,Inji And Soy Multi Cuisine Restaurant,300,2.9,80,Annanagar,70,Chinese
437521,Magarpatta,Pune,Knight Riders,300,2.9,80,Magarpatta,74,Chinese
437330,Rohini,Delhi,Yum-Shum Chinese,300,2.9,80,Rohini,57,Chinese
437170,Central Kolkata,Kolkata,Eaterniaa,300,2.9,80,Central Kolkata,56,Chinese
436960,Chembur,Mumbai,Chembur Cafe & Hotel,300,2.9,80,Chembur,49,Chinese
434905,Ruby Park,Kolkata,Meraki Kitchen,300,2.9,80,Ruby Area,76,Chinese
434278,Salt Lake,Kolkata,Pinch Of Spice,300,2.9,80,Salt Lake,61,Chinese
434187,Central Kolkata,Kolkata,Spicy Alley,300,2.9,80,Central Kolkata,46,Chinese
432761,Scruz Bandra East,Mumbai,Quality Fast Foods,300,2.9,80,Scruz Bandra East,39,Chinese
432202,Central Bangalore,Bangalore,Punjabi Momos,300,2.9,80,Central Bangalore,46,Chinese
429772,Paschim Vihar,Delhi,Sam Special All Chinese Food,300,2.9,80,Paschim Vihar,57,Chinese
429262,Kurla,Mumbai,Chilli Bean,300,2.9,80,Kurla,54,Chinese
426476,Manohar Pukur Road,Kolkata,Flavourable,300,2.9,80,Manohar Pukur Road,70,Chinese
425283,Dhankawadi,Pune,The Chinese Window,300,2.9,80,Dhankawadi,77,Chinese
425161,Chandkheda,Ahmedabad,Rolls And Rolls And More,300,2.9,80,Chandkheda,77,Chinese
424271,Kurla,Mumbai,Kohlis Kitchen,300,2.9,80,Kurla,41,Chinese
423329,Majestic,Bangalore,Hotel New Prashanth Naati Style,300,2.9,80,Majestic,49,Chinese
423180,Kothrud,Pune,Rap N Roll,300,2.9,80,Kothrud,58,Chinese
421443,Scruz Bandra East,Mumbai,Meals On Fire,300,2.9,80,Scruz Bandra East,55,Chinese
419240,Jadavpur,Kolkata,Malacca Strait,300,2.9,80,Jadavpur,78,Chinese
416617,South Kolkata,Kolkata,Simply Chinese,300,2.9,80,South Kolkata,65,Chinese
415623,Ameerpet,Hyderabad,Coastal Chops,300,2.9,80,Ameerpet,75,Chinese
414443,Rohini,Delhi,The Kababs & Curry,300,2.9,80,Rohini,56,Chinese
413956,Salt Lake,Kolkata,Hangry Baba,300,2.9,80,Salt Lake,67,Chinese
413563,Santacruz East,Mumbai,China Garden Restaurant,300,2.9,80,Mumbra,40,Chinese
411903,Swargate,Pune,Annapurna Catering And Service Provider,300,2.9,80,Swargate,50,Chinese
411349,Perambur,Chennai,Lets Eat,300,2.9,80,Perambur,58,Chinese
410033,Central Kolkata,Kolkata,The Sandbox Cafe,300,2.9,80,Central Kolkata,71,Chinese
409027,Scruz Bandra East,Mumbai,Bombay Chang,300,2.9,80,Scruz Bandra East,58,Chinese
408916,Borough,Kolkata,Momo Daju,300,2.9,80,Golpark,85,Chinese
407961,Dumdum,Kolkata,Rimjhim Cafe,300,2.9,80,Dumdum,70,Chinese
407902,Kondhwa,Pune,Royal Darbar,300,2.9,80,Kondhwa,80,Chinese
407673,Ruby Area,Kolkata,O Asia,300,2.9,80,Ruby Area,76,Chinese
406321,Rohini,Delhi,Snac Zilla,300,2.9,80,Rohini,47,Chinese
406239,Laldarwaja,Ahmedabad,Afood Aholic,300,2.9,80,Laldarwaja,48,Chinese
404761,Arumbakkam,Chennai,Jack N Jill Foods,300,2.9,80,Arumbakkam,62,Chinese
404737,Kidderpore,Kolkata,Red Chilli Restaurant,300,2.9,80,Kidderpore,97,Chinese
404275,Salt Lake,Kolkata,Thali'S,300,2.9,80,Salt Lake,85,Chinese
400905,Kothrud,Pune,Lucky Chinese,300,2.9,80,Kothrud,71,Chinese
397567,Annanagar,Chennai,Le Roll Factorie,300,2.9,80,Annanagar,69,Chinese
391989,Navrangpura,Ahmedabad,Cherries - Silver Heights,300,2.9,80,Navrangpura,40,Chinese
390140,Central Kolkata,Kolkata,Mehfill,300,2.9,80,Central Kolkata,71,Chinese
389637,Kestopur,Kolkata,D Chef Kitchen,300,2.9,80,Kestopur,83,Chinese
384598,Kodambakkam,Chennai,Max Restaurant,300,2.9,80,Kodambakkam,68,Chinese
382194,Kodambakkam,Chennai,Tommys Kitchen,300,2.9,80,Kodumbakkam,65,Chinese
381318,Piplod,Surat,Iconic Food Victory,300,2.9,80,Piplod,65,Chinese
380710,Alipore,Kolkata,Utsaav,300,2.9,80,Alipore,91,Chinese
379909,Chembur,Mumbai,Momo'S Mealbox,300,2.9,80,Chembur,52,Chinese
378150,South Kolkata,Kolkata,Fiery Drumstick,300,2.9,80,South Kolkata,72,Chinese
377857,Kirti Nagar,Delhi,Foodiz Dhaba,300,2.9,80,Kirti Nagar,73,Chinese
375657,Vadapalani,Chennai,Yummioza Chinese Restaurant,300,2.9,80,Vadapalani,80,Chinese
375219,Entally,Kolkata,Om Snacks Center,300,2.9,80,Central Kolkata,53,Chinese
373563,Kalyani Nagar,Pune,Ori Story - Chinese & Oriental,300,2.9,80,Kalyani Nagar,70,Chinese
373312,Jodhpur Park,Kolkata,Wok For Life,300,2.9,80,Jadavpur,94,Chinese
372027,Tangra,Kolkata,Golden Platter,300,2.9,80,Burrabazar,65,Chinese
366441,Teynampet,Chennai,Krunchees,300,2.9,80,Alwarpet,73,Chinese
362286,Rohini,Delhi,Chopper'S Stop,300,2.9,80,Rohini,51,Chinese
362274,Rohini,Delhi,Fat Chinese Chef,300,2.9,80,Rohini,52,Chinese
361654,Rohini,Delhi,Shanghai Chillie'S,300,2.9,80,Rohini,45,Chinese
350672,Vasanth Nagar,Bangalore,Paivihar,300,2.9,80,Central Bangalore,38,Chinese
349967,Rohini,Delhi,Hot & Spicy Restaurant,300,2.9,80,Rohini,49,Chinese
347479,Rohini,Delhi,Happy Hours(Hr),300,2.9,80,Rohini,54,Chinese
340206,Santacruz East,Mumbai,Jollybee Fast Food,300,2.9,80,Scruz Bandra East,40,Chinese
337825,Sion,Mumbai,Bing Bong,300,2.9,80,Matunga Wadala,57,Chinese
337820,Basavanagudi,Bangalore,The Soup Project,300,2.9,80,Basavanagudi,55,Chinese
335812,Rohini,Delhi,Little London,300,2.9,80,Rohini,40,Chinese
335651,Koramangala,Bangalore,Wok & Talk,300,2.9,80,Koramangala,61,Chinese
334022,Chetla,Kolkata,Vinayak Kitchen,300,2.9,80,Alipore,76,Chinese
333992,Sion,Mumbai,Hop In,300,2.9,80,Koliwada Sion,54,Chinese
320101,Haltu,Kolkata,The Gravylicious,300,2.9,80,Santoshpur,89,Chinese
313075,Old Washermanpet,Chennai,Swizo,300,2.9,80,Royapuram,57,Chinese
310253,Koramangala,Bangalore,Globo Combo,300,2.9,80,Koramangala,58,Chinese
284759,Santacruz East,Mumbai,Asian Golden Fish,300,2.9,80,Scruz Bandra East,37,Chinese
284757,Santacruz East,Mumbai,Only Chicken Asian Fusion,300,2.9,80,Scruz Bandra East,42,Chinese
257991,Wanowrie,Pune,Shawarma & Wraps,300,2.9,80,Wanowrie,66,Chinese
256371,Dumdum,Kolkata,China Box,300,2.9,80,Kc Ghosh Road,82,Chinese
253683,Aundh,Pune,Yummy China,300,2.9,80,Aundh,69,Chinese
253671,Aundh,Pune,Lost Heaven,300,2.9,80,Aundh,73,Chinese
253669,Aundh,Pune,Chinese Whinese,300,2.9,80,Aundh,76,Chinese
225911,Purasaiwakkam,Chennai,The Great Wall Of China,300,2.9,80,Purasawalkam - The Great Wall Of China,44,Chinese
224476,Vadgaon Budruk,Pune,Hotel Al Madeena,300,2.9,80,Narhe,83,Chinese
218353,Karve Nagar,Pune,Biryani King,300,2.9,80,Wakad,64,Chinese
211444,Santacruz East,Mumbai,Famous Chinese,300,2.9,80,Scruz Bandra East,35,Chinese
205183,Kurla,Mumbai,"Mumbai	Eats",300,2.9,80,Kurla,42,Chinese
191901,Scruz Bandra East,Mumbai,Akash Chinese,300,2.9,80,Scruz Bandra East,37,Chinese
191596,Scruz Bandra East,Mumbai,King Chinese,300,2.9,80,Scruz Bandra East,39,Chinese
191430,Santacruz East,Mumbai,Tip Top Chinese,300,2.9,80,Scruz Bandra East,36,Chinese
191132,Scruz Bandra East,Mumbai,Variety Chinese,300,2.9,80,Scruz Bandra East,41,Chinese
186294,Shivajinagar,Pune,Noodles & Co,300,2.9,80,Shivaji Nagar,37,Chinese
142880,Moti Nagar,Delhi,Budget Bite,300,2.9,80,Kirti Nagar,74,Chinese
122249,Kondhwa,Pune,Lucky Chinese And Snacks Centre,300,2.9,80,Shivnery Nagar,82,Chinese
19172,Koramangala,Bangalore,30 Square,300,2.9,80,Khb Colony 5Th Block,64,Chinese
10285,Rohini,Delhi,Bombay Indianese Treat,300,2.9,80,Prashant Vihar,61,Chinese
2839,Ashok Nagar,Bangalore,C Sharp Kitchen,300,2.9,80,Church Street,33,Chinese
454889,Vijayanagar,Bangalore,Suvarna Veg Restaurant,300,2.9,80,Vijayanagar,64,Indian
453436,Arumbakkam,Chennai,Highway Inn Smart,300,2.9,80,Arumbakkam,73,Indian
451351,Piplod,Surat,Sai Raj Paratha,300,2.9,80,Piplod,58,Indian
451121,Vastral,Ahmedabad,Annapurna Kitchen,300,2.9,80,Vastral,72,Indian
450920,Karvenagar,Pune,Khandesh To Pune,300,2.9,80,Kothrud,64,Indian
446052,Marol Sakinaka,Mumbai,Sai Gopi Pure Veg,300,2.9,80,Marol Sakinaka,43,Indian
430805,Rohini,Delhi,Sizzling Grillz,300,2.9,80,Rohini,62,Indian
255976,Chembur,Mumbai,Poetry By Love & Cheesecake,800,4.7,100,Chembur,54,Snacks
254861,Baner,Pune,Biryani By Kilo,700,4.2,100,Baner,83,Biryani
251577,Adikmet,Hyderabad,Euphoria,800,4.7,100,Himayath Nagar,27,Desserts
249354,Navsari Bazaar,Surat,Biryani Junction,155,3,100,Athwa,32,Indian
239413,Indiranagar,Bangalore,Just Shawarma,180,3.9,100,Indiranagar,53,Arabian
238697,Perambur,Chennai,Master Oru Tea,80,3.8,100,Perambur,52,Indian
197513,Matunga,Mumbai,Coffee By Di Bella,800,4.6,100,Matunga Wadala,57,Snacks
182610,Thousand Lights,Chennai,Sante Spa Cuisine,1300,4.6,100,Nungambakkam,47,Italian
180758,Kapodra Patiya,Surat,Kaka Ni Bhajipav & Fastfood,120,4.1,100,Chikuwadi,51,Fast Food
151578,Aundh,Pune,Burger Craft,1000,4.5,100,Aundh,66,Fast Food
140101,Saki Naka,Mumbai,Jamie'S Pizzeria By Jamie Oliver,800,3.9,100,Kurla,54,Pizzas
130502,Nungambakkam,Chennai,Nolita,1200,4.1,100,Nungambakkam,51,Italian
119895,Powai,Mumbai,Fisherman'S Cove - Taste On Palate,800,4,100,Andheri East,56,Seafood
82818,Abids,Hyderabad,Lavish Corner,120,3.9,100,Chapel Road,29,Chinese
79855,Taltala,Kolkata,Grill Sandwich And Juice,100,4.1,100,Sabji More,43,Fast Food
70570,Powai Area,Mumbai,Shalimar,700,4.1,100,Marol,57,Indian
65569,Shahpur,Ahmedabad,New Bombay Biryani,160,3.8,100,Shahpur,39,Biryani
65221,Powai Area,Mumbai,The Barn Grill,900,4.5,100,Powai Area,61,American
65184,Bidhannagar,Kolkata,Sonar Tori,800,4.1,100,Bidhannagar,66,Bengali
65039,Bhadra,Ahmedabad,Paramount Restaurant,750,4.1,100,Bhadra,38,Indian
64956,Camp,Pune,Mahesh Lunch Home,900,4.2,100,Camp Area,34,Seafood
64772,Lal Darwaja,Ahmedabad,Hotel Zk,700,3.8,100,Relief Road,46,Indian
60323,Vastrapur,Ahmedabad,Brothers Brand,550,4.2,100,Vastrapur,47,Indian
57426,Bhowanipore,Kolkata,Mavericks Cafe,450,4,100,Opposite Icy Fusion,76,Italian
57224,Chembur,Mumbai,Grandmama'S Cafe,900,4.2,100,Chembur,47,American
56233,Koramangala,Bangalore,Khawa Karpo,178,4.6,100,Koramangala,53,Chinese
55795,Tilak Nagar,Delhi,Chili'S American Grill & Bar,900,4.2,100,Pacific Mall Tagore Garden,76,American
54668,George Town,Chennai,Cool Biz,100,4,100,Parrys,38,Bengali
53503,Ashok Nagar,Bangalore,Brik Oven,1000,4.5,100,Church Street,35,Pizzas
52604,Chennai,Chennai,Pizza Cottage,450,4.1,100,Royapuram,48,Pizzas
49078,Pulikeshi Nagar,Bangalore,Lazio Steaks & More,800,4.5,100,Frazer Town,54,Snacks
48742,Chembur,Mumbai,230 Celsius,1,4.1,100,Tilak Nagar,60,Italian
47587,Bodakdev,Ahmedabad,Curries,850,4.1,100,Bodakdev,47,Indian
47446,Malleshwaram,Bangalore,Tasty Paradise,330,3.9,100,Seshadipuram,52,Andhra
45838,Bandra Area,Mumbai,Kitchen Garden By Suzette,1100,4.6,100,Bandra Area,60,Snacks
45037,Gulbai Tekra,Ahmedabad,Mocha,700,4.2,100,Cg Road,38,Indian
44238,Ashok Nagar,Bangalore,The Rice Bowl,450,4.2,100,Lavelle Road,36,Chinese
41172,Bandra Area,Mumbai,Elementaria Bakery & Cafe,800,4.5,100,Bandra Area,35,Snacks
40803,Kurla West,Mumbai,Delhi Zaika,800,4,100,Kurla,34,Indian
37733,Vastrapur,Ahmedabad,Sweet Truth - Cake And Desserts,450,4.2,100,Hotel Shahi Palace,44,Desserts
37618,Jodhpur Park,Kolkata,Abar Baithak,550,4.5,100,Jodhpur Park,81,Fast Food
35971,Ellisbridge,Ahmedabad,Foodinn - Fine Dine,800,4,100,Ashram Road,31,Indian
33038,Baner,Pune,The Greedy Man Pizzeria,1000,4.1,100,Baner,71,Italian
31970,Himayatnagar,Hyderabad,Mandilicious,450,3.9,100,Himayath Nagar,32,Arabian
25844,Koregaon Park,Pune,Sassy Teaspoon,800,4.6,100,Koregaon Park,47,Desserts
24030,Bidhannagar,Kolkata,The Orient,1000,4.2,100,City Center 1 Mall,68,Chinese
21404,Indiranagar,Bangalore,Dhaba Estd 1986 Delhi,900,4.2,100,12Th Main,58,Biryani
21238,Thousand Lights,Chennai,Dhaba Estd 1986 Delhi,900,4.2,100,Ispahani Center,52,Biryani
18837,T. Nagar,Chennai,Zuka,800,4.5,100,Tnagar,64,Desserts
18107,Bentinck St.,Kolkata,Bhojohori Manna,900,4.1,100,Beside K.C. Das,42,Bengali
17907,Egmore,Chennai,Abid'S,700,4.5,100,Spurtank Road,35,Arabian
16561,Purasaiwakkam,Chennai,Tibbs Frankie,100,3.8,100,Purasawalkam,34,Fast Food
16022,New Nallakunta,Hyderabad,New Astoria Restaurant,450,3.8,100,Rtc Cross Road,34,Chinese
15837,Bandra Area,Mumbai,Pizzaexpress,1000,4.2,100,Bandra Area,43,Pizzas
13008,Anna Nagar,Chennai,Pantry D'Or,850,4.2,100,6Th Avenue Main Road,65,Italian
10951,Mumbai,Mumbai,Hanuman Restaurant,700,4.5,100,Near Cinemax,45,Fast Food
10601,Ballygunge,Kolkata,6 Ballygunge Place Ballygunge,1000,4.5,100,Ballygunge,71,Bengali
10525,Ballygunge,Kolkata,The Wall,1300,4.1,100,Southern Avenue,75,Chinese
9911,Ashok Nagar,Bangalore,Fresh Pressery Cafe,1000,4.2,100,Cbd,33,Italian
9781,Bhowanipore,Kolkata,Bikers Cafe,1100,4.2,100,Near Forum Mall,65,Italian
9014,West Marredpally,Hyderabad,Triple A Bakery,100,3.9,100,West Marredpally Road,70,Italian
6345,Teynampet,Chennai,Amaravathi,650,4.2,100,Cathedral Road,53,Indian
5255,Ballygunge,Kolkata,Mainland China,850,4.5,100,Ballygunge,64,Chinese
4739,Sivanchetti Gardens,Bangalore,The Grill House - Steaks & Sizzlers,1100,4.2,100,Kensington Point,52,American
2832,Ashok Nagar,Bangalore,Lakeview Milkbar,450,4.1,100,Mg Road,31,Desserts
1874,Indiranagar,Bangalore,Mamagoto,900,4.2,100,Mamagoto,59,Chinese
1848,Banjara Hills,Hyderabad,Chef Inam'S Steak House,1200,4.2,100,Sri Ram Nagar Colony Banjara Hills,69,Snacks
435577,Paldi & Ambawadi,Ahmedabad,Grill On Fire,149,3.5,20,Paldi & Ambawadi,35,Desserts
432043,Varachha,Surat,La Milano Pizzeria,198,4.4,20,Varachha,59,Pizzas
423071,Navrangpura,Ahmedabad,Kailash Bhel Pakodi Centre,100,4.2,20,Navrangpura,40,Indian
422674,Jayanagar,Bangalore,Brown Burger Co Jayanagar,199,4.4,20,Jayanagar,54,Fast Food
420764,Chembur,Mumbai,Verma Refreshments,100,4.2,20,Chembur,41,Fast Food
411774,Indiranagar,Bangalore,Delhi Chaat House,225,3.6,20,Indiranagar,60,Snacks
407058,Camp,Pune,Mayas Kitchen,199,4.2,20,Camp,47,Indian
394400,Chandkheda,Ahmedabad,Tasteez Food,100,4.2,20,Chandkheda,71,Indian
380520,Basavanagudi,Bangalore,Yelneer Katte,130,3.4,20,Basavanagudi,55,Bengali
374574,Ghatkopar East,Mumbai,Seven Spices Fast Food,100,4.2,20,Ghatkopar Vikhroli,48,Snacks
355352,Paschim Vihar,Delhi,Grameen Kulfi,120,4.3,20,Paschim Vihar,34,Desserts
329598,Tiljala,Kolkata,Phuchka King,100,3,20,Ruby Area,79,Snacks
312213,Bidhannagar,Kolkata,Port 15,1000,4.2,20,Salt Lake,64,Chinese
295493,Vastrapur,Ahmedabad,Cake Jsk Live Cake,600,3.2,20,Gurukul Rod,54,Snacks
290397,Nana Varachha,Surat,Icecream House,80,3.4,20,Varachha,52,Desserts
267734,Memnagar,Ahmedabad,Lassi Ghar,100,4.1,20,Vastrapur,46,Bengali
244078,Gokhalenagar,Pune,Ganpat Sweets,100,4.6,20,Shivaji Nagar,45,Indian
243711,Modi Colony,Pune,Cafe Chokolade,120,4.7,20,Chokolade Camp Gst,30,Desserts
235505,Ellisbridge,Ahmedabad,Puffizza,700,4.2,20,Navrangpura,32,Pizzas
228308,Old Malakpet,Hyderabad,Kekiz Cake Shop,100,3.6,20,Malakpet,39,Snacks
204368,Vijayanagar,Bangalore,Durga Chats Club Road,100,3.6,20,Vijayanagar,54,Snacks
203053,Katargam,Surat,Dairy Don,120,4.5,20,Laxmi Enclave,50,Bengali
136720,Saidabad,Hyderabad,Lassi Shop-Is Sadan Cross Road,100,4.1,20,Santoshnagar & Saidabad,41,Desserts
133839,Adajan Patiya,Surat,Taiyar Pan Center,50,4.6,20,Adajan Patiya,37,Desserts
126067,Navrangpura,Ahmedabad,Shree Krishna Cold Drinks & Dairy Farm,100,4.1,20,Panjrapole Cross Road,31,Desserts
118906,Parvat Patiya,Surat,Kutchi King,100,3.4,20,Opp Dr World,40,Fast Food
118742,Isanpur,Ahmedabad,Kutchi Karnavati,100,3.5,20,Isanpur,43,Fast Food
105296,Gopipura,Surat,Jai Shankar Lassi,100,4.3,20,Nr Gujarat Mitra Press Chowk,31,Bengali
96206,Parvati Paytha,Pune,Kalpana Bhel,100,4.1,20,Dashabhuja Ganpati Marg,46,Fast Food
90053,Usmanpura,Ahmedabad,Sanman Hotel,450,4.1,20,Ashram Road,36,Indian
79247,Gopipura,Surat,A One Cold Drinks Center,100,3.9,20,Chowk Bazar,39,Bengali
74116,Mangawadi,Pune,Arun Ice Creams,100,4.8,20,Dhankawadi,64,Desserts
68019,Navrangpura,Ahmedabad,Foodie'S Call,100,4.3,20,Navrangpura,45,Snacks
65415,Athwa,Surat,The Dough Company,330,4,20,Parle Point,34,Snacks
65286,Lal Darwaja,Ahmedabad,Kalapi,600,4.2,20,Lal Darwaja,36,Indian
64416,Paldi,Ahmedabad,Rp'S Pizzeria,550,4,20,Paldi & Ambawadi,36,Italian
61249,Rohini,Delhi,Jain Kulfi (Vikas Jain'S),100,4.1,20,Sector-16,51,Desserts
60509,Saki Naka,Mumbai,Curry Twist,1000,4.3,20,Sakinaka,47,Indian
55710,Paldi,Ahmedabad,Ladli Fast Food,0,3.5,20,Paldi,34,Fast Food
51680,Bodakdev,Ahmedabad,Cafe De Italiano,650,4,20,Sindhubhavan Marg,48,Snacks
49843,Ashok Nagar,Bangalore,Ibaco,800,4.7,20,Opp. To Brigade Towers,38,Desserts
48568,Basavanagudi,Bangalore,Chai Mane,100,3.7,20,Basavanagudi,47,Fast Food
47824,Himayatnagar,Hyderabad,Bombay Kulfis,100,4.4,20,Himayatnagar,29,Desserts
46125,Bidhannagar,Kolkata,Plush 28,1200,4.4,20,Near Tank No.4,63,Indian
34618,T. Nagar,Chennai,Famous Jigarthanda,100,4.3,20,Motilal Street,71,Desserts
21751,Gokhalenagar,Pune,Tales & Spirits,600,4.1,20,Shivaji Housing Society,49,Italian
20517,B.B.D. Bagh,Kolkata,Piccadilly Square,800,4.4,20,Above Lg Showroom,44,Italian
18977,Ashok Nagar,Bangalore,Pabrai'S Fresh & Naturelle Ice Creams,180,4.4,20,Ashok Nagar,36,Desserts
10785,Sion,Mumbai,Seven Seven,650,3.9,20,Near Sies College,51,Italian
3635,Somajiguda,Hyderabad,Ice N Spice (Hotel Inner Circle),450,4.1,20,Raj Bhavan Road,55,Indian
3438,Basavanagudi,Bangalore,Harshi Super Sandwich,100,3.7,20,East Anjaneya Temple Road,55,Snacks
446812,Vardhman Premium Mall,Delhi,Biryani By Kilo,700,4.8,20,Rohini,53,Biryani
444253,Ameerpet,Hyderabad,Sricanth Dhaba,280,3.2,20,Ameerpet,69,Indian
437304,Nallakunta & Vidyanagar,Hyderabad,Snack House,180,4.9,20,Nallakunta & Vidyanagar,39,Fast Food
436273,Annanagar,Chennai,Cholan Mess,800,4.1,20,Annanagar,70,Indian
434368,Chinar Park,Kolkata,Babumosai,299,3.9,20,Chinar Park,84,Indian
430886,Indiranagar,Bangalore,Hungry Panda - Deliciously Chinese,600,3.2,20,Indiranagar,63,Chinese
428760,T Nagar,Chennai,Wings Factory,398,3.9,20,T Nagar,71,Chinese
423727,Jayanagar,Bangalore,Mimi Takeout By Taiki,850,4.4,20,Jayanagar,63,Chinese
408920,Rajouri Garden,Delhi,Pizza Guyz By Hudson Chopsticks,700,4.5,20,Rajouri Garden,79,Pizzas
408721,Nungambakkam,Chennai,Hotel Sri Guru,280,4.2,20,Nungambakkam,53,Indian
406018,Central Bangalore,Bangalore,Bullet Biryani,280,4.4,20,Central Bangalore,38,Biryani
403458,Koregaon Park,Pune,Kuai Kitchen,1000,4.2,20,Koregaon Park,60,Chinese
399514,Chembur,Mumbai,Yogi'S Kitchen,1000,4.5,20,Chembur,52,Indian
395202,Central Bangalore,Bangalore,Mcdonald'S Gourmet Burger Collection,600,4.1,20,Kasturba Road,32,American
390321,Andheri East,Mumbai,Nagpal Fish Fry,600,4,20,Andheri East,54,Chinese
389596,Nungambakkam,Chennai,Thoothukudi Macroon,100,4.1,20,Nungambakkam,53,Snacks
388994,Burrabazar,Kolkata,Tripti Snacks Bar,240,4.5,20,Shyambazar Five Point Crossing,51,Chinese
387722,Jadavpur,Kolkata,The Pie Chart,600,4.6,20,Jadavpur,82,Snacks
385572,Marol Sakinaka,Mumbai,Hotel Nityanand,800,3.7,20,Marol Sakinaka,38,Indian
384251,Kurla,Mumbai,Wok Nation,600,4.1,20,Kurla,40,Indian
380189,Basavanagudi,Bangalore,The Cake House,280,4.3,20,Basavanagudi,54,Indian
379796,Kothapet & Dilsukhnagar,Hyderabad,Five Star And Koli Hut,120,4.7,20,Kothapet & Dilsukhnagar,54,Indian
377312,Sinhgad Road,Pune,Culture Biryani And Grill,280,4.6,20,Sinhgad Road,82,Indian
377305,Santoshnagar & Saidabad,Hyderabad,Shawarma Station,289,3.1,20,Santoshnagar & Saidabad,58,Arabian
377204,Salt Lake,Kolkata,Afraa Lounge,1500,4.2,20,Salt Lake,69,Chinese
376908,Matunga Wadala,Mumbai,Shri Balaji Snacks Center,100,3.9,20,Matunga Wadala,63,Indian
375783,Deccan Gymkhana,Pune,Greedy Momos,100,4,20,Shivaji Nagar,36,Chinese
375637,Ballygunge,Kolkata,House Of Dimsums,650,3.8,20,Central Kolkata,76,Chinese
374351,Central Bangalore,Bangalore,Haagen Dazs,600,4.4,20,Phoenix Arcade,32,Desserts
372603,Ramesh Nagar,Delhi,The Dineroom,450,4.6,20,Club Road,73,Chinese
370682,Vesu,Surat,1441 Pizzeria,800,3.7,20,Piplod,63,Italian
370235,Navrangpura,Ahmedabad,The Blue Oven,600,4.2,20,Navrangpura,35,Pizzas
369795,Cox Town,Bangalore,Snack A Way By Itc Master Chef,450,4,20,Gate 4 Jeevanahalli Main Rd,62,Fast Food
366707,Ghatkopar West,Mumbai,Taj Darbar Indian And  Chinese Restaurant,199,3.7,20,Ghatkopar Vikhroli,37,Indian
364600,Kothapet,Hyderabad,Ae-Spice Villa,380,3,20,Kothapet & Dilsukhnagar,68,Indian
363011,Anna Nagar,Chennai,Habibi,900,4.1,20,Annanagar,72,Arabian
362366,Kilpauk,Chennai,Desii Firangi,280,4.1,20,Kilpauk,46,Chinese
357721,Bkc,Mumbai,Diablo Pizza,600,4.9,20,Scruz Bandra East,46,Italian
357647,Bkc,Mumbai,New Yorker,900,4.8,20,Scruz Bandra East,45,Italian
357553,Bandra East,Mumbai,Diamond Market Pizza Jp,600,5,20,Scruz Bandra East,43,Italian
356173,Andheri East,Mumbai,Nosh & Beyond,1000,4.7,20,Marol Sakinaka,51,Snacks
353212,Kilpauk,Chennai,Chinese Panda,450,3.7,20,Annanagar,55,Chinese
347256,Ashok Nagar,Bangalore,Toscano'S Crafted Cakes And Desserts,600,4.5,20,Central Bangalore,34,Desserts
346560,Baner,Pune,Prawn Hub,800,3.8,20,Baner,70,Seafood
346118,Kodungaiyur,Chennai,Arasan Bakery & Ice Cream,100,4.5,20,Perambur,65,Snacks
346034,Navrangpura,Ahmedabad,Iceberg Organic Icecreams,180,3.2,20,Navrangpura,30,Desserts
345838,Entally,Kolkata,The Tasty Bites @99,99,4.1,20,Central Kolkata,54,Fast Food
343696,Nanpura,Surat,Chhaswala,100,4.3,20,Athugarstreetnanpura,30,Bengali
339150,Ashok Nagar,Bangalore,The Ritz-Carlton - Ganache,1000,3.5,20,Central Bangalore,55,Indian
336100,Shenoy Nagar,Chennai,Chaihood,100,4.4,20,Annanagar,53,Snacks
335000,Andheri East,Mumbai,Itc Hotels - Biryani & Pulao Collection,1000,4.2,20,Powai Area,59,Biryani
325637,Jayanagar,Bangalore,Via Milano,800,4.5,20,Jayanagar,46,Pizzas
309024,T. Nagar,Chennai,Main Street - The Residency Towers,1200,4.2,20,T Nagar,78,Indian
308245,Lake Town,Kolkata,Bengal Dhaba,1100,4,20,Lake Town,66,Indian
306935,Bidhannagar,Kolkata,7 Days,600,3.9,20,Salt Lake,72,Indian
305154,Andheri East,Mumbai,The White Barn,750,4.4,20,Andheri East,58,American
305084,Redhills,Hyderabad,Biryani Tales -By Rayalaseema Ruchulu,399,3.7,20,Banjara Hills,39,Biryani
302536,Bidhannagar,Kolkata,Five Mad Men,1000,4.2,20,Sector V Salt Lake,75,Italian
300026,Koti,Hyderabad,Kolhapuri Thaska,100,3.9,20,Jambagh,42,Indian
296289,Shivajinagar,Pune,Spice Kitchen  Jw Marriott Pune,1000,4.3,20,Senapati Bapat Road,56,Indian
281885,Ashok Nagar,Bangalore,Itc Gardenia - Flavours,1000,4.2,20,Central Bangalore,49,Indian
278558,Ashok Nagar,Bangalore,The Ritz-Carlton - The Market,1000,4.1,20,Central Bangalore,52,Indian
278551,Rajajinagar,Bangalore,Kava - Fairfield By Marriott Rajajinagar,700,3.3,20,Basaveshwaranagar,65,Indian
275376,Paschim Vihar,Delhi,Delhi Cart & Bakers By Radisson Blu,1000,4.1,20,Paschim Vihar,58,Biryani
273277,Park Street Area,Kolkata,Ilish Truly Bong Restaurant,1100,3.7,20,Central Kolkata,56,Indian
272303,Gariahat,Kolkata,Tribe,800,4.5,20,South Kolkata,74,American
265679,Anand Nagar,Pune,Riva Gourmet Under The Sky,600,4.4,20,Sinhgad Road,65,Indian
263989,Narolgam,Ahmedabad,Zk Restaurant,450,3.8,20,Isanpur,51,Chinese
260220,Vastrapur,Ahmedabad,Fitfuel & Co,600,3.8,20,Vastrapur,51,Indian
258700,Chembur,Mumbai,The Bombay Churros,800,3.6,20,Seawoodsnavi Mumbai,38,Desserts
256853,Adajan,Surat,Twisted Cake,270,4.6,20,Adajan,59,Desserts
256608,Indiranagar,Bangalore,1131 Bar+Kitchen,1200,3.9,20,Indiranagar,60,Indian
252213,Koramangala,Bangalore,Lassi Corner,199,3.3,20,Koramangala,53,Bengali
246410,Chembur,Mumbai,Mughal Darbar,700,2.8,20,Chembur,56,Chinese
245496,Powai,Mumbai,Abhi'S Kitchen,450,4,20,Powai,66,Indian
243852,Paschim Vihar,Delhi,The Basil Box,1000,4,20,Paschim Vihar,56,Italian
243213,Kavadiguda,Hyderabad,Tempteas,100,3.4,20,Nallakunta & Vidyanagar,40,Bengali
240865,Lakdikapul,Hyderabad,Arabella House Of Arabic & Lebanese Cuisine,1000,3.7,20,Banjara Hills,53,Indian
238549,Rohini,Delhi,Nine 11,800,4.1,20,Rohini,50,Indian
227535,Kothrud,Pune,Cake Paradise,450,3.5,20,Shastri Nagar Kothrud,60,Desserts
216980,Vadapalani,Chennai,Masala Street,50,3.5,20,Vadapalani,85,Chinese
202723,Wanowrie,Pune,Noble Bake Food,100,4,20,Wanowrie,64,Snacks
191633,Athwa,Surat,Royal Fastfood,220,3.5,20,New Textile Market,32,Chinese
172464,Thousand Lights,Chennai,Stix  By Hyatt Regency Chennai,1200,3.8,20,Teynampet,80,Chinese
162326,Koregaon Park,Pune,Super Burgers,450,3.8,20,Koregoan Park,64,Fast Food
151079,New Magdalla,Surat,Zhingalala,900,4.1,20,Luxuria Dumas Road,62,Seafood
143664,Banjara Hills,Hyderabad,Ocean'S Basket,1500,3.8,20,Banjara Hills,74,Seafood
140524,Raja Annamalai Puram,Chennai,Radio Room,1200,4.2,20,Mrc Nagar,83,Indian
136524,Old Malakpet,Hyderabad,Lassi Shop - Malakpet,100,3.5,20,Kothapet & Dilsukhnagar,37,Desserts
131394,Thousand Lights,Chennai,Blind Ch3Mistry,600,4.1,20,Nungambakkam,51,Italian
131042,Koregaon Park,Pune,Grandmama'S Cafe,900,3.7,20,Koregaon Park,58,American
127143,Koregaon Park,Pune,Yonies Pizza,550,4.6,20,Koregaon Park,65,Pizzas
123889,Ashok Nagar,Bangalore,Frosty Crumble,450,4.9,20,Residency Road,36,Desserts
118454,Azad Nagar,Bangalore,Hotel Bilal Biriyani Centre,180,3.9,20,Basavanagudi,58,Biryani
110791,Punjagutta,Hyderabad,By The Bay,1200,3.7,20,Khairatabad,57,Indian
98257,Chembur,Mumbai,Pot Pourri,1000,4.1,20,Chembur,59,Italian
92151,Sadashiv Peth,Pune,Cafe Durga,100,4.2,20,Swargate,47,Fast Food
80398,Anna Nagar,Chennai,Rosewater,800,4.2,20,Anna Nagar East,73,Indian
79595,Alwarpet,Chennai,Hutong,800,3.5,20,Alwarpet,69,Chinese
73924,Koramangala,Bangalore,Sonar Bangla,256,3.7,20,Koramangala,59,Bengali
71359,Adajan,Surat,Level 5 Terrace Resturant,600,4.3,20,Opp Star Bazaar,53,Punjabi
68512,Ulsoor,Bangalore,The Cafe By Foodhall,1000,4,20,1Mg,50,Fast Food
65183,Elgin,Kolkata,Mintelaa,1000,3.9,20,Opposite Icici Bank,63,Indian
60731,Andheri East,Mumbai,Nayak'S Restaurant,550,3.9,20,Chakala,56,Indian
58195,Ashok Nagar,Bangalore,Amadora Gourmet Ice Cream & Sorbet,450,4.5,20,Ub City,33,Desserts
56066,Chembur,Mumbai,Sanjay Restaurant,450,4,20,Chembur,47,Indian
54917,Bandra Area,Mumbai,All Elements,800,4.4,20,Khar,65,Pizzas
54728,Bandra West,Mumbai,The Serial Griller - Burgers Plus,450,3.9,20,Khar,55,American
50319,Ahmedabad,Ahmedabad,Fish Express,450,4.6,20,Sarkhej,47,Indian
49332,Vastrapur,Ahmedabad,Caffix The Tech Cafe,450,4.6,20,Vastrapur,48,Chinese
48446,Bhowanipore,Kolkata,Green Palace,600,4.3,20,Near Indian Bank - Bhawanipur Branch,75,Chinese
48339,Ulsoor,Bangalore,Royce' Chocolate,750,4.9,20,Foodhall,48,Desserts
41741,Poongavanapuram,Chennai,Lassi Shop,100,3.9,20,Periamet,30,Bengali
40942,Kalighat,Kolkata,Sare Chuattar,450,4.2,20,Near Sarat Bose Road Post Office,71,Bengali
39550,Taltala,Kolkata,Moulin Rouge,800,4.4,20,Near Park Hotel,62,Italian
39164,Bidhannagar,Kolkata,Awesome,600,4.4,20,Near Sugar And Spice,65,Chinese
38633,Ulsoor,Bangalore,Cafe Felix,1000,4,20,Trinity Circle,50,American
37116,Ellisbridge,Ahmedabad,Tandoorworkz,450,2.8,20,Navrangpura,34,Indian
35873,Shaniwar Peth,Pune,Sweet Truth - Cake And Desserts,450,4.5,20,Shaniwar Peth,29,Snacks
35521,Santacruz East,Mumbai,Sweet Truth - Cake And Desserts,450,3.9,20,Kalina,41,Desserts
31974,Sivanchetti Gardens,Bangalore,Monsoon,700,4.5,20,M.G Road,50,Andhra
30731,Seshadripuram,Bangalore,24/7 - The Lalit Ashok Bangalore,600,3.7,20,Malleshwaram,55,American
28358,Taltala,Kolkata,Jimmy'S Restaurant,1200,4.4,20,Near Simpark Mall,52,Chinese
25288,Koramangala,Bangalore,Cafe Medley,450,3.6,20,5Th Block,65,Desserts
24461,Khar West,Mumbai,Chef Kong,650,4,20,Khar West  Mumbai,54,Chinese
23090,Kankurgachi,Kolkata,Hoppipola,1500,4.2,20,Maniktala Main Road,61,Fast Food
18846,Anna Nagar,Chennai,Parambriym,600,4.2,20,Anna Nagar West,63,Biryani
17106,Bhowanipore,Kolkata,Tgi Fridays,1000,4.2,20,Forum Shoping Mall,67,American
16296,Gopalapuram,Chennai,Sera - The Tapas Bar & Restaurant,1000,4.1,20,Gopalapuram,60,Chinese
15923,Choolaimedu,Chennai,Cafe Chef'S Paradise,450,4.2,20,Choolaimedu,67,Italian
15706,Park Street Area,Kolkata,Oasis,900,4.3,20,Near Park Hotel,61,Indian
14920,Mylapore,Chennai,Pedreno'S,1000,4.1,20,Rk Salai,60,Italian
11858,Ballygunge,Kolkata,The Corner Courtyard,1100,3.6,20,Sarat Bose Road Near Hazra,73,Italian
10730,Banjara Hills,Hyderabad,Radisson Blu Plaza Delivery,1200,3.7,20,Road No 6,82,Chinese
9502,T. Nagar,Chennai,10 Downing Street,1000,4,20,T- Nagar,77,Indian
9127,Nungambakkam,Chennai,Eatza Pizza,600,4.1,20,Nugambakkam,58,Italian
4956,Andheri East,Mumbai,Rj Spice,450,4.1,20,Jb Nagar  Andheri East,55,Chinese
405967,Isanpur,Ahmedabad,Puffing - The Live Puff,80,4.7,50,Isanpur,49,Indian
388668,Burrabazar,Kolkata,Ganguram-Lal Bazar,100,4.4,50,Burrabazar,42,Indian
351123,Bandra East,Mumbai,Grameen Kulfi,120,4.4,50,Hsg Society,38,Desserts
341232,Ellisbridge,Ahmedabad,London Yard Pizza,700,4,50,Paldi & Ambawadi,30,Pizzas
237103,Bhowanipore,Kolkata,The Flaming Bowl,1000,4.1,50,Bhawanipore,67,Chinese
224293,Vastrapur,Ahmedabad,Cake Eggless,600,4.4,50,Navrangpura,44,Desserts
220829,Thousand Lights,Chennai,Old Mercara,650,4.4,50,Royapettah,45,Desserts
180509,Andheri East,Mumbai,Smoodies,140,4.2,50,Powai,52,Snacks
151287,Sri Durga Enclave,Hyderabad,Bhoomi Foods,65,4.4,50,Kothapet & Dilsukhnagar,62,Indian
128438,Mylapore,Chennai,Green Crush,85,4.6,50,Cit Colony,59,Bengali
119585,Ganj Peth,Pune,Milan Pure Veg Restaurant,220,4.4,50,Bhavani Peth,34,Indian
107695,Jayanagar,Bangalore,Tea Villa Cafe,1000,4.2,50,Jayanagar,50,Chinese
105280,Pal Gam,Surat,The Galaxy Revolving Restaurant,800,4.3,50,Pal,58,Fast Food
99734,Hirabaugh,Surat,Chakabhai Bhelwala,100,4.1,50,Hirabaug,52,Fast Food
71104,Majura Gate,Surat,Sasumaa'S,360,4,50,Nr Old Rto,30,Gujarati
68838,Raja Annamalai Puram,Chennai,Lassi Cream-Mrc Nagar,100,4.2,50,Mrc Nagar,69,Desserts
63597,Ghatkopar East,Mumbai,Bouganvilla,1500,4.4,50,Ghatkopar East,51,Italian
53832,Kankaria,Ahmedabad,Dinner Point Restaurant,550,4.4,50,Maninagar,35,Indian
53128,Paldi,Ahmedabad,Bon Homie,700,4.1,50,Paldi,34,Punjabi
52035,Naranpura,Ahmedabad,Evening Post,650,4.2,50,Naranpura,46,Indian
50493,Ghatkopar East,Mumbai,Pizzas Etc,600,4.3,50,Ghatkopar East,48,Italian
49767,Kachiguda,Hyderabad,Ibaco,800,4.2,50,Barkatpura,28,Desserts
47507,Sudhama Nagar,Bangalore,Bombay Kulfi,100,3.9,50,Sudhamnagar,38,Desserts
42733,Koramangala,Bangalore,Makers Of Milkshakes,260,4.2,50,2Nd Cross Rd,56,Bengali
30312,Kodihalli,Bangalore,Smoodies,140,4.2,50,Indira Nagar,60,Snacks
26680,Egmore,Chennai,Milkyway,100,4.3,50,Ethiraj Salai,31,Desserts
25129,Kalighat,Kolkata,Wabi Sabi,800,4.5,50,Near Sarat Bose Road Post Office,75,Indian
21459,Ballygunge,Kolkata,Crave Foodworks,1200,4.3,50,Gariahat,76,Italian
2856,Ashok Nagar,Bangalore,Green Theory,1000,4.3,50,Residency Road,39,Italian
234,Koramangala,Bangalore,Uday Sweets,100,3.9,50,5Th Block,49,Fast Food
446670,Uppal,Hyderabad,Pista House Tea,100,4.2,50,Uppal,63,Bengali
441841,Chembur,Mumbai,Ranjeet Da Dhaba,600,4.3,50,Chembur,59,Indian
433120,Marol Sakinaka,Mumbai,Francesco'S Pizzeria,1000,4.6,50,Marol Sakinaka,50,Pizzas
433058,Powai Area,Mumbai,Nino Burgers,700,4.5,50,Marol Sakinaka,54,American
425950,Indiranagar,Bangalore,Bheemavarma'S Biryani,600,4.2,50,Indiranagar,59,Biryani
424731,Indiranagar,Bangalore,Mahesh Lunch Home,1000,4.1,50,Indiranagar,62,Indian
423232,Salt Lake,Kolkata,Shanghai Flavours Of China Town,1000,3.8,50,Salt Lake,78,Chinese
420232,Malleshwaram,Bangalore,Karnataka Bhel House,100,4.2,50,Malleshwaram,54,Snacks
411550,Central Bangalore,Bangalore,Ciro'S Pizzeria,1000,4,50,Central Bangalore,37,Pizzas
402809,Rajouri Garden,Delhi,Nomad Pizza- Traveller Series,700,4.2,50,Rajouri Garden,74,Pizzas
397573,Ruby Area,Kolkata,Wah Phuchka,100,4.7,50,Ruby Area,74,Fast Food
396127,Topsia,Kolkata,The Pizza Palace,450,4.5,50,Central Kolkata,69,Chinese
395169,Shivaji Nagar,Pune,Mcdonald'S Gourmet Burger Collection,600,3.9,50,Jm Road,36,American
392342,Charminar,Hyderabad,Ms Mandi And Shawarma,240,4.1,50,Charminar,39,Indian
392056,Salt Lake,Kolkata,Swadsutra,299,3.8,50,Salt Lake,80,Indian
387500,Banjara Hills,Hyderabad,Shahi Rasoi Multicuisine Family Restaurant,750,4.1,50,Hamayun Nagar Near Nmdc,50,Biryani
386898,Himayath Nagar,Hyderabad,Ayezas Kitchen,260,3.9,50,Himayath Nagar,58,Indian
385607,George Town,Chennai,Turban Mughal Restaurant,700,4.4,50,George Town,58,Biryani
379915,Ruby Area,Kolkata,Abar Khabo One,100,4.6,50,Ruby Area,74,Indian
377315,Kalyani Nagar,Pune,Rocomamas,1000,4.2,50,Kalyani Nagar,59,American
375593,Gulbai Tekra,Ahmedabad,The American Eatery | Superdonuts,600,4.5,50,Navrangpura,35,American
374173,Nungambakkam,Chennai,Burmese Cafe,280,3.9,50,Nungambakkam,49,Indian
372329,Chembur,Mumbai,Ivy Restaurant,1500,4.7,50,Kurla,47,Chinese
365431,Khairtabad,Hyderabad,Vijaya Mirchi Point,100,4,50,Somajiguda & Khairtabad,49,Fast Food
361536,Santacruz East,Mumbai,Tuki,600,4.3,50,Scruz Bandra East,36,Chinese
358883,Dum Dum,Kolkata,New Haji Kolkata Biryani House,100,3.7,50,Dumdum,71,Biryani
358622,Ashok Nagar,Bangalore,Rcb Bar & Cafe,750,4.3,50,Central Bangalore,46,Indian
355867,Punjabi Bagh,Delhi,Wonder Bao,800,4.1,50,Punjabi Bagh,71,Chinese
354536,Basheer Bagh,Hyderabad,Shahi Zaiqa,750,4.2,50,Himayath Nagar,35,Biryani
351183,Indiranagar,Bangalore,Responsible Biryani,450,4.2,50,Hal 2Nd Stage,55,Biryani
348725,Pitam Pura,Delhi,Chinese By Nature,100,3.2,50,Nsp,53,Chinese
325655,Koramangala,Bangalore,Nizam'S Kitchens,450,4.1,50,Koramangala,59,Biryani
324205,Beleghata,Kolkata,Sweet Truth - Cake And Desserts,450,4.6,50,Beliaghata,51,Snacks
323040,Anna Nagar,Chennai,Ram'S Tea House,100,4.6,50,Annanagar,69,Bengali
322555,Teynampet,Chennai,Fabelle Chocolates - Itc Welcomhotel,600,4.6,50,Cathedral Road,59,Snacks
304576,Powai Area,Mumbai,Fabelle Chocolates - Itc Maratha,600,4.5,50,Powai Area,57,Snacks
303558,Chembur,Mumbai,Kailash Canteen,180,4.3,50,Chembur,47,Indian
295537,Jayanagar,Bangalore,4Th Tea Block,100,4.6,50,Jayanagar,47,Bengali
292874,Khokhra,Ahmedabad,Hotel Sher E Punjab,450,4.1,50,Maninagar,46,Indian
284671,Powai Area,Mumbai,China Gate (Mahakali - Andheri East),1200,4.3,50,Powai Area,70,Chinese
281710,Ashok Nagar,Bangalore,Jw Kitchen - Jw Marriott,1000,4.1,50,Central Bangalore,40,Indian
281155,Rajajinagar,Bangalore,South Spicy Bites Xpress,299,4.2,50,Basaveshwaranagar,55,Biryani
269113,Pulikeshi Nagar,Bangalore,The Grill And Cheese Cafe,450,4.3,50,Frazer Town,52,Snacks
256059,Vikhroli West,Mumbai,The South Pavilion,600,4.4,50,Ghatkopar Vikhroli,56,Bengali
252386,Antop Hill,Mumbai,The Shawarma And Momo Factory,120,3.9,50,Matunga Wadala,51,Fast Food
233852,Bidhannagar,Kolkata,Haveli,1200,4,50,Salt Lake,73,Indian
233054,Abids,Hyderabad,Sweet Truth - Cake And Desserts,450,3.9,50,Abids,37,Desserts
224430,Purasaiwakkam,Chennai,Sweet Truth - Cake And Desserts,450,4.2,50,Purasaiwakkam,47,Desserts
222499,Pulikeshi Nagar,Bangalore,Cane Fresh,50,4.4,50,Coles Road,39,Indian
164766,Bandra Area,Mumbai,Cincin,900,4.4,50,Bandra Area,47,Pizzas
153074,Malleshwaram,Bangalore,A-1 Biriyani Combo 75,260,3.5,50,Yeshwanthpura,62,Biryani
146069,Mohammed Wadi,Pune,Largo Pizzeria,600,3.6,50,Kondhwa,72,Pizzas
140465,Express Avenue Mall,Chennai,Jonah'S Bistro,600,4.5,50,Express Avenue,54,Italian
121689,Santacruz East,Mumbai,Santosh Lunch Home,450,4.2,50,Scruz Bandra East,40,Indian
109787,Ashok Nagar,Bangalore,Chianti,1250,4.7,50,Ramanashree Arcade,46,Italian
102263,T. Nagar,Chennai,Shawarma Kadai,180,4.1,50,Habibullah Road Tirumalai Pillai Road,62,Arabian
99494,Kondhwa,Pune,Grub Jars,700,4,50,Hadapsar,78,Fast Food
90900,Andheri East,Mumbai,Afra Mughlai Darbar,450,4.5,50,Marol,54,Indian
89691,Anna Nagar,Chennai,Cheesy Juicy Burgers,450,3.9,50,Anna Nagar,60,Fast Food
87975,Ballygunge,Kolkata,Fusion Fantasea,800,4.2,50,Southern Avenue,77,Chinese
78684,Bandra East,Mumbai,Flavors Of China,850,4.2,50,Gc Colony,50,Chinese
72236,Teynampet,Chennai,Cafe Cakebee,700,4.3,50,Alwarpet,63,Snacks
70574,Sion Bhakti Park,Mumbai,Hotel Sagar,600,4.3,50,Sion,45,Indian
66936,Banjara Hills,Hyderabad,Cafe Graffiti Pizzeria,450,3.9,50,Rd Number 12,61,Fast Food
58990,Chembur,Mumbai,Blend N Brew,800,4.3,50,Chembur,49,Indian
55334,Teynampet,Chennai,The Summer House Eatery,1000,4.3,50,Alwarpet,59,Italian
54801,Raja Annamalai Puram,Chennai,Broken Bridge Cafe,1100,4.5,50,Alwarpet,79,Indian
53934,Purasaiwakkam,Chennai,Ibaco,800,4.7,50,Purasaiwalkam,35,Desserts
51263,Ambawadi,Ahmedabad,Harshu'S Late Night Munchies,450,4.2,50,Satellite,44,Fast Food
51119,Khokhra,Ahmedabad,Masala Kitchen,450,4.2,50,Mani Nagar,54,Indian
50363,Ellisbridge,Ahmedabad,Tomato'S,1200,4.4,50,C G Road,49,Indian
50356,Navrangpura,Ahmedabad,Mirch Masala,700,4.2,50,C G Road,38,Indian
48076,Koramangala,Bangalore,Lot Like Crepes,600,4.4,50,Koramangala 7Th Block,56,Desserts
47602,Bodakdev,Ahmedabad,Angithi By Mirch Masala,1100,4.3,50,Bodakdev,47,Indian
45846,Asalpha,Mumbai,Swagat,650,4.3,50,Sakinaka,47,Indian
42603,Khar West,Mumbai,Aradhana Coastal Delight,750,4.4,50,Khar,58,Seafood
42337,Raja Annamalai Puram,Chennai,Fromage,1000,4.3,50,Mrc Nagar,77,Italian
40184,Bodakdev,Ahmedabad,M.A.D By Tomato'S,1200,4.4,50,Bodakdev,47,Indian
39620,Vastrapur,Ahmedabad,No Mad Baker - The Pizzeria,600,4,50,Vastrapur,50,Pizzas
39549,Park Street Area,Kolkata,Waldorf,700,3.8,50,Near Bengal Club,61,Chinese
37121,Ramdev Nagar,Ahmedabad,Mainland China,900,4.3,50,Gulmohar Park,46,Chinese
35433,T. Nagar,Chennai,Momo,100,4.1,50,T Nagar,60,Chinese
34312,T. Nagar,Chennai,Chin Chin - The Residency,1900,4.3,50,T. Nagar,72,Chinese
33121,Thousand Lights,Chennai,Amethyst,1000,4.6,50,Royapettah,53,Italian
28913,Saki Naka,Mumbai,Sbarro - New York Pizza,600,3.4,50,Pheonix Market City,53,Italian
25164,Powai,Mumbai,Sitaram Restaurant,450,4.4,50,Chandivali Farm Road,47,Indian
25158,Santacruz West,Mumbai,Hot Seekh,220,4.1,50,Opposite Gulam Nabi Manzil,52,Tandoor
25133,Kalighat,Kolkata,Biryanishk By The Biryani Company,700,4.1,50,Near Mudiali,77,Indian
24730,Kalighat,Kolkata,Pappadam Coastal Delicacies,750,4.3,50,Near Mudiali Club,79,Chinese
23342,Chembur,Mumbai,Via Bombay (Jewel Of Chembur),1000,4.3,50,Near Natraj Cinema,55,Indian
21966,Somajiguda,Hyderabad,Verandah-The Park Hyderabad,550,4,50,Raj Bhavan Road,58,Indian
20526,Sector 3 Rohini,Delhi,Sahni Fish Corner,700,4.2,50,Sector-8,33,Indian
19518,Bhowanipore,Kolkata,Deli Cravings,650,4.2,50,Near Chrome Hotel,66,Italian
19197,Ballygunge,Kolkata,China Whites,1000,4.1,50,Near Prapti,73,Indian
18086,Kondhwa,Pune,Pizzarella,800,4,50,Near Cloud 9 Kondhwa,78,Italian
16506,Alwarpet,Chennai,Chap Chay - The Raintree,1200,4.4,50,Anna Salai,72,Chinese
16328,Shobhabazar,Kolkata,C/O. Bangali,700,4.2,50,Near 4 Point Crossing,57,Indian
12401,Ashok Nagar,Bangalore,Portland Steak House,1500,4.1,50,Off Mg Road,45,American
11941,Chembur,Mumbai,The Golden Wok,1200,4.2,50,Sion Trombay Road,48,Chinese
9113,Thousand Lights,Chennai,Tuscana Pizzeria,1200,4.1,50,Nugambakkam,60,Italian
7204,Bidhannagar,Kolkata, Conclave At Afraa,850,3.9,50,Salt Lake City Centre,75,Italian
5596,Vasanth Nagar,Bangalore,Dolci Desserts,600,4.5,50,Cunnigham Road,40,Desserts
4600,Bidhannagar,Kolkata,Le Coffee Creme,600,3.9,50,Sector 1,68,Chinese
395927,Hatibagan,Kolkata,Nic Natural Ice Creams,120,4.8,500,Arabinda Sarani,37,Desserts
327847,Navrangpura,Ahmedabad,Nic Natural Ice Creams,120,4.6,500,Navrangpura,30,Desserts
316581,Nanpura,Surat,Nic Natural Ice Creams,120,4.7,500,Athwa Gate Cirlce,28,Desserts
260510,Pitam Pura,Delhi,Kwality Walls Frozen Dessert & Ice Cream Shop,100,4.6,500,Nsp,29,Desserts
216061,Ghatkopar East,Mumbai,Laxman'S Om Vada Pav,100,4.4,500,Ghatkopar Vikhroli,52,Fast Food
155212,West Mambalam,Chennai,Lassi Shop,99,4.2,500,Ashok Nagar T. Nagar,67,Desserts
146490,Chamrajpet,Bangalore,Karnataka Bhel House,100,4.4,500,Chamrajpet,37,Snacks
91930,Ellisbridge,Ahmedabad,Swati Snacks,900,4.5,500,Ellis Bridge,28,Indian
59016,Camp,Pune,Garden Vada Pav Centre,100,4.4,500,Camp,33,Fast Food
55949,Kankaria,Ahmedabad,Purohit Restaurant,450,4.3,500,Mani Nagar,36,Indian
46321,Andheri East,Mumbai,Amar Juice Centre,550,4.2,500,Marol,43,Indian
25556,Andheri East,Mumbai,Amar Juice Centre,450,4.3,500,Chakala,50,Fast Food
17620,Park Street Area,Kolkata,Arun Tea Stall,100,4.4,500,Near Saturday Club Back Gate,42,Fast Food
8902,Thousand Lights,Chennai,Krispy Kreme,170,4.5,500,Express Avenue Mall,47,Desserts
8746,Bhowanipore,Kolkata,Chai Break - Allenby Rd,800,4.2,500,Allenby Road,57,Indian
7953,Lake Town,Kolkata,Sharma Snacks - Lake Town,100,4.3,500,Near Jaya Cinema Hall,61,Snacks
416830,Rajouri Garden Extension,Delhi,Louis Burger,600,4.2,500,Rajouri Garden Extension,74,American
412840,Jayanagar,Bangalore,Natraj Chole Bhature,299,4.2,500,Jayanagar,46,Indian
353591,Banjara Hills,Hyderabad,Mandi @36,1000,4.1,500,Banjara Hills,56,Arabian
346473,Rajouri Garden,Delhi,Burgerama,600,4.3,500,Rajouri Garden,70,American
346051,Thousand Lights,Chennai,Trattoria By Toscano,800,4.4,500,Nungambakkam,51,Italian
342643,Ashok Nagar,Bangalore,The Pizza Bakery,700,4.4,500,Central Bangalore,36,Italian
324202,Beleghata,Kolkata,Oven Story Pizza,600,4.1,500,Beliaghata,58,Pizzas
320194,Alwarpet,Chennai,Lola'S Pizzeria,1200,4.6,500,Alwarpet,71,Pizzas
313926,Himayatnagar,Hyderabad,Samosa Singh,100,4,500,Jawahar Nagar,37,Fast Food
296084,Himayatnagar,Hyderabad,Haiking Chinese Restaurant,1000,4.3,500,Himayath Nagar,35,Chinese
258539,Banjara Hills,Hyderabad,Nanking C.R - Estd 1957,600,4.3,500,Banjara Hills,75,Indian
248171,Anna Nagar,Chennai,Yaa Mohaideen Biryani,600,3.9,500,Annanagar,63,Biryani
233052,Abids,Hyderabad,Oven Story Pizza,600,3.9,500,Abids,37,Pizzas
219201,Indiranagar,Bangalore,Bangalore Mandarin,800,4.3,500,Indiranagar,51,Chinese
175292,Shahpore,Surat,Khapsa House,100,4.1,500,Shahpore,38,Fast Food
117871,Ashok Nagar,Bangalore,Green Onion Chinese,450,4.4,500,Residency Roadmg Road,33,Chinese
107648,Basheer Bagh,Hyderabad,Ghrelin - Cafe And Patisserie,450,4.3,500,Sri Siva Rama Towers,36,Desserts
96619,Saki Naka,Mumbai,Sudarshan Veg Restaurant,700,4.4,500,Sakinaka,39,Indian
64758,Khanpur,Ahmedabad,Simran,650,4,500,Bhadra,40,Indian
55192,Taltala,Kolkata,Kareem'S - Park Street,1100,4.3,500,Near Hotel Heera International,54,Biryani
45103,Taltala,Kolkata,Kfc,450,4.4,500,Humayun Place,48,American
32775,Chembur,Mumbai,Pizza Caprina,600,4,500,Chembur,47,Pizzas
32258,Entally,Kolkata,Cit Cafe,600,4.3,500,Opp Merry Land Nursing Home,57,Chinese
29534,Malleswaram,Bangalore,Chung Wah,700,4,500,Vyalikawal,49,Chinese
28897,Sion,Mumbai,Sbarro - New York Pizza,600,3.7,500,D.J. Road,46,Italian
23496,Choolaimedu,Chennai,Cake Max,100,4.2,500,Arumbakkam,65,Snacks
22642,Indiranagar,Bangalore,Nando'S,450,4.3,500,Hal 2Nd Stage,53,Fast Food
22490,Sector 3 Rohini,Delhi,Pikwik Since 1991,600,4.1,500,Rohini,34,Indian
20058,Sadashiv Peth,Pune,Sp'S Biryani House,600,4.2,500,Tilak Road,37,Biryani
19000,Anna Nagar,Chennai,Cafe Arabica,700,4.4,500,Anna Nagarr,60,Italian
17466,Ramesh Nagar,Delhi,Nando'S,450,4.1,500,North West Avenue Road,69,Fast Food
16394,Banjara Hills,Hyderabad,Exotica,1000,4.5,500,Nbt Nagar,65,Indian
13713,Thousand Lights,Chennai,Little Italy,1200,4.3,500,Wallace Garden,48,Pizzas
12434,Mumbai,Mumbai,J.J Jalebi,100,3.6,500,Lbs Marg,25,Desserts
11316,Anna Nagar,Chennai,Mainland China,850,4.3,500,5Th Avenue,72,Chinese
10275,Anna Nagar,Chennai,Kim Ling,800,4.4,500,Teja Tower,64,Chinese
9786,East Kolkata Township,Kolkata,Royal Jade,450,4.5,500,Near Siemens,76,Chinese
9058,Thousand Lights,Chennai,Sandy'S,700,4.3,500,Wallace Garden,54,Desserts
8766,Ashok Nagar,Bangalore,Beijing Bites,450,4.2,500,Richmond Road,33,Chinese
5297,Deccan Gymkhana,Pune,Le Plaisir,1000,4.5,500,Prabhat Road Deccan,40,Italian
5172,Bandra Area,Mumbai,Theobroma,800,4.7,500,Bandra Area,40,Desserts
3279,Powai Area,Mumbai,5 Spice,1100,4.2,500,Powai Area,53,Chinese
2776,Adarsh Nagar,Hyderabad,Ohri'S Eatmor,600,4.2,500,New Mla Quarters,37,Desserts
1844,Punjagutta,Hyderabad,Chinese Pavilion,850,4.3,500,Nagarjuna Circle,64,Chinese
244883,Kothapet,Hyderabad,Nic Natural Ice Creams,120,4.5,1000,Magic Spoons Enterprises,46,Desserts
130766,Kasba,Kolkata,Sharma Snacks,100,4.2,1000,Ruby,66,Bengali
128643,Domlur,Bangalore,Kota Kachori And Falahaar,15,4.1,1000,Domlur,50,Snacks
117881,Nungambakkam,Chennai,Karachi Bakery And Cafe,600,4.4,1000,Nugambakkam,48,Snacks
108986,Narayanguda,Hyderabad,Nic Natural Ice Creams,120,4.5,1000,Kmit,23,Desserts
72350,Ganganagar,Bangalore,Vishnu Garden,251,4.4,1000,R.T. Nagar,53,Chinese
71036,Varachha,Surat,Taj Mahal Restaurant,160,3.5,1000,Opp Railway Station,42,Punjabi
69997,Shankarapura,Bangalore,Slv Corner Restaurant,450,4.3,1000,Vanivilas Road,47,Chinese
56227,Kalighat,Kolkata,Maharaj,100,4.5,1000,Desapriya Park,59,Snacks
47493,3Rd Block Jayanagar,Bangalore,Hari Super Sandwich,100,4,1000,3Rd Block,42,Fast Food
414777,Tolichowki,Hyderabad,Andhra Gunpowder,280,4.4,1000,Tolichowki,45,Andhra
399904,Sion Koliwada,Mumbai,Hardeep Punjab,600,4.3,1000,Matunga Wadala,57,Indian
391816,Bandra Area,Mumbai,Louis Burger,600,4.3,1000,Trade Centre,35,American
339565,Dhakuria,Kolkata,Biryani By Kilo,600,4.1,1000,South Kolkata,87,Biryani
303357,Santacruz East,Mumbai,Deliciae By Bunty Mahajan,1200,4.6,1000,Bandra_Premium,51,Snacks
115093,Lake Town,Kolkata,Oudh 1590,1000,4.3,1000,Kalindi,71,Biryani
92384,Indiranagar,Bangalore,Ambur Star Briyani Since 1890,600,4.3,1000,Stage 2,48,Biryani
80517,Pulikeshi Nagar,Bangalore,Savoury,800,4.4,1000,Frazer Town,48,Biryani
72264,Chembur,Mumbai,Raj Restaurant,700,4.3,1000,Chembur,54,Indian
41100,Ashok Nagar,Bangalore,Nagarjuna,600,4.4,1000,Residency Road,32,Andhra
33457,Purasaiwakkam,Chennai,Buhari,600,3.8,1000,Purasawalkam - Buhari,34,Biryani
33456,Selimpur,Kolkata,Tandoor Park,600,4.4,1000,Opp Domino'S Pizza,79,Indian
30034,Sivanchetti Gardens,Bangalore,Mani'S Dum Biryani,499,4.3,1000,Haudin Road,40,Biryani
29711,Kolkata,Kolkata,Chinese Wall,100,4.2,1000,Near Bank Of India (Atm) Hatibagan,43,Chinese
25222,Koramangala,Bangalore,China Pearl,1100,4.5,1000,6Th Block,64,Chinese
23490,Machuabazar,Kolkata,Royal Spoon,100,4.1,1000,Near Hedua Park,43,Chinese
16344,Tangra,Kolkata,Beijing,1200,4.2,1000,China Town,62,Chinese
16341,Tangra,Kolkata,Kim Ling,600,4.3,1000,China Town,63,Chinese
10731,Near 7 Point Crossing,Kolkata,Arsalan Park Circus,700,4.3,1000,Near 7 Point Crossing,51,Biryani
5107,Agarkar Nagar,Pune,Blue Nile,1000,4.2,1000,Bund Garden Road,31,Biryani
3369,Ashok Nagar,Bangalore,Truffles,450,4.5,1000,St. Marks Road,29,American
2796,Himayatnagar,Hyderabad,Bluefox,800,4.1,1000,Himayath Nagar Road,36,Biryani
2348,Kalasiguda,Hyderabad,Bluefox,800,4.2,1000,Sd Road,68,Chinese
1050,Jayanagar,Bangalore,Nagarjuna Chimney,800,4.2,1000,3Rd Block,48,Seafood
257989,Alipore,Kolkata,Haji Biryani House,280,2.9,20,Alipore,74,Biryani
237245,Saki Naka,Mumbai,Pure Veg Chinese,300,2.9,20,Marol Sakinaka,51,Chinese
191431,Santacruz East,Mumbai,Uncle Chinese,300,2.9,100,Scruz Bandra East,37,Chinese
47583,Chembur,Mumbai,Lazeez Desi Tadka,500,2.9,50,Chembur,54,Indian
453469,Vadapalani,Chennai,A1 Chips West Mambalam(T Nagar),190,2.9,80,Vadapalani,77,Indian
450550,Marol Sakinaka,Mumbai,Shubh Sagar (Kanchi Sagar Foodlet),151,2.9,80,Marol Sakinaka,48,Indian
440904,Central Kolkata,Kolkata,Williams Kitchen,1400,2.9,80,Central Kolkata,57,Indian
426422,Annanagar,Chennai,Delara,800,2.9,80,Annanagar,65,Indian
392402,Kothrud,Pune,Mamta Dining Hall,260,2.9,80,Kothrud,49,Indian
373794,Basavanagudi,Bangalore,Bangarapet Bhel House,110,2.9,80,Basavanagudi,54,Indian
62038,Navrangpura,Ahmedabad,Kunal Restaurant,650,2.9,80,Ashram Road,33,Indian
53268,Paldi,Ahmedabad,Alpine Restaurant & Banquet,800,2.9,80,Ellis Bridge,32,Indian
458731,Kothrud,Pune,Potbhar Biryani House,380,2.9,80,Kothrud,56,Indian
456261,Lake Market,Kolkata,L'Instant Cafe,650,2.9,80,Lake Market,71,Indian
454101,Nallakunta & Vidyanagar,Hyderabad,Food Studio,220,2.9,80,Nallakunta & Vidyanagar,62,Indian
453532,Dumdum,Kolkata,Noni Ramish Nataraj Restaurant,540,2.9,80,Dumdum,66,Indian
445334,Swargate,Pune,Aarz Restaurant,240,2.9,80,Swargate,32,Indian
444841,Jadavpur,Kolkata,Toastie And Tonic,280,2.9,80,Jadavpur,82,Indian
441148,Perambur,Chennai,Mystiq Foods,1200,2.9,80,Perambur,56,Indian
440968,Sion Bhakti Park,Mumbai,Food Lee'S Family Restaurant,360,2.9,80,Sion Bhakti Park,56,Indian
440721,Uppal,Hyderabad,Kfc Krishna Food Court,180,2.9,80,Uppal,50,Indian
439539,Ashok Vihar,Delhi,Mom'S Kitchen,249,2.9,80,Ashok Vihar,69,Indian
438746,Central Bangalore,Bangalore,Ambarsaria Street,450,2.9,80,Central Bangalore,39,Indian
437196,Central Kolkata,Kolkata,Shere Punjab Kolaghat,650,2.9,80,Central Kolkata,60,Indian
434713,Adajan,Surat,Jalaram Pavbhaji Center,280,2.9,80,Adajan,50,Indian
432852,Kothrud,Pune,Feast India Co.,1000,2.9,80,Kothrud,53,Indian
431712,Vastrapur,Ahmedabad,One Fine Dine The Cloud Kitchen,280,2.9,80,Vastrapur,52,Indian
430484,Rohini,Delhi,Karims Rohini,700,2.9,80,Rohini,45,Indian
427395,Indiranagar,Bangalore,Coastal Home Food,249,2.9,80,Indiranagar,65,Indian
422300,Matunga Wadala,Mumbai,Wah Maratha,199,2.9,80,Matunga Wadala,57,Indian
419784,Perambur,Chennai,Chennai Fast Food,160,2.9,80,Perambur,58,Indian
411816,Salt Lake,Kolkata,Poached Onion,700,2.9,80,Salt Lake,73,Indian
408696,Charminar,Hyderabad,Tajis Food Court,2,2.9,80,Charminar,68,Indian
407880,Kondhwa,Pune,Burgerella,800,2.9,80,Kondhwa,87,Indian
406412,Bibwewadi,Pune,Hotel Mawalaj,550,2.9,80,Bibwewadi,76,Indian
397812,Annanagar,Chennai,Mlr Restaurant,450,2.9,80,Annanagar,61,Indian
396558,Viman Nagar,Pune,House Of Wadapav,199,2.9,80,Viman Nagar,80,Indian
396555,Viman Nagar,Pune,Shazys Food Services,299,2.9,80,Viman Nagar,75,Indian
387560,Naranpura,Ahmedabad,Fry Frenchie,149,2.9,80,Naranpura,51,Indian
387279,Kothapet & Dilsukhnagar,Hyderabad,New Shahi Naan,49,2.9,80,Kothapet & Dilsukhnagar,34,Indian
382430,Chembur,Mumbai,Rajhans Dining ( Ornament ),700,2.9,80,Chembur,57,Indian
378112,Kilpauk,Chennai,Kites Pure Veg Restaurant,280,2.9,80,Kilpauk,51,Indian
369079,Saki Naka,Mumbai,Indo Chinese Korner,800,2.9,80,Sakinaka Junction,44,Indian
368565,Kodambakkam,Chennai,Stone Age Bbq'S,450,2.9,80,Kodambakkam,76,Indian
356334,Sion,Mumbai,Sip N Dine Bar And Restaurant,700,2.9,80,Matunga Wadala,55,Indian
354562,Aundh,Pune,Billy'S Brewstirs,1000,2.9,80,Aundh,72,Indian
353529,Narayan Peth,Pune,The Sea Secret,1000,2.9,80,Shivaji Nagar,50,Indian
352834,Bidhannagar,Kolkata,Container Kebab By Baba Rafi,550,2.9,80,Salt Lake,67,Indian
348533,Andheri East,Mumbai,Caravan Serai,1000,2.9,80,Andheri East,63,Indian
345475,Powai,Mumbai,Fresh Needs,80,2.9,80,Powai,52,Indian
337687,Ashok Nagar,Bangalore,Tree Tops Bar & Kitchen,800,2.9,80,Central Bangalore,38,Indian
316650,Santacruz East,Mumbai,The Big Owl,750,2.9,80,Scruz Bandra East,41,Indian
312567,Bhowanipore,Kolkata,Eighty Eight Plus Cafe,450,2.9,80,Bhowanipore Land Mark -Hdfc Bank P.C Chandra Jewellersbhowanipore,63,Indian
310261,Khairtabad,Hyderabad,Express Cafe By Holiday Inn Express,800,2.9,80,Somajiguda,67,Indian
296737,Indiranagar,Bangalore,Bohemians,1200,2.9,80,Indiranagar,63,Indian
295399,Teynampet,Chennai,Welcomhotel Chennai - Flavours,1000,2.9,80,Catherdal Road,68,Indian
294369,Shahpur,Ahmedabad,Punjabi De Paranthe,399,2.9,80,Laldarwaja,59,Indian
284374,Gandhi Nagar,Bangalore,Lush - Renaissance Bengaluru Race Course Hotel By Marriott.,800,2.9,80,Majestic,55,Indian
283560,Nana Varachha,Surat,Mr P Egg World,199,2.9,80,Sarthana,61,Indian
281602,Erandwane,Pune,Harvest Club,700,2.9,80,Shivaji Nagar,53,Indian
271064,Bentinck St.,Kolkata,Alfresco - The Lalit Great Eastern,1100,2.9,80,Esplanade,57,Indian
241496,Aundh,Pune,Zaffraan Indian Kitchen,450,2.9,80,Aundh,76,Indian
80142,Saki Naka,Mumbai,Butter Chicken Factory,1100,2.9,80,Kurla West,47,Indian
76775,Chembur,Mumbai,Vasanti Vilas,450,2.9,80,Chembur,50,Indian
53659,Bidhannagar,Kolkata,Pour House,1200,2.9,80,Near Pantaloons Sec V,80,Indian
47697,Bidhannagar,Kolkata,Orko'Ss Restaurant & Lounge Bar,1200,2.9,80,City Centre 1,76,Indian
39547,Central Kolkata,Kolkata,Floriana,800,2.9,80,Near Bengal Club,60,Indian
34313,T. Nagar,Chennai,The Right Place - The Residency,1000,2.9,80,T. Nagar,71,Indian
33520,Bidhannagar,Kolkata,Flambe - Hotel The Sojourn,800,2.9,80,Near Amri Hospital,69,Indian
17901,Near City Centre 1 Petrol Pump,Kolkata,De Sovrani,800,2.9,80,Near City Centre 1 Petrol Pump,64,Indian
13578,Bidhannagar,Kolkata,The Sonnet,1200,2.9,80,Near Isl Hospital,67,Indian
462943,Central Bangalore,Bangalore,Bangarpet Chats,110,2.9,80,Central Bangalore,37,Snacks
460867,Scruz Bandra East,Mumbai,The Dessert Cake,700,2.9,80,Scruz Bandra East,46,Snacks
459173,Varachha,Surat,Shaker'S Galleria,360,2.9,80,Varachha,58,Bengali
456635,George Town,Chennai,Dadi'S Kitchen,297,2.9,80,George Town,36,Snacks
455469,Ameerpet,Hyderabad,T-Ruchi,2,2.9,80,Ameerpet,64,Snacks
452988,Kurla,Mumbai,The Tasty Cake,450,2.9,80,Kurla,35,Snacks
452827,Kilpauk,Chennai,Dp Special,340,2.9,80,Kilpauk,45,Snacks
452147,Chembur,Mumbai,Sindh Pani Puri House (Original),180,2.9,80,Chembur,48,Fast Food
451616,South Kolkata,Kolkata,Cremewich,260,2.9,80,South Kolkata,68,Desserts
450819,Kurla,Mumbai,Aj'S Bistro,800,2.9,80,Kurla,37,Fast Food
449730,Tolichowki,Hyderabad,Sam Icecreame And Chat Center,120,2.9,80,Tolichowki,75,Bengali
446011,Navrangpura,Ahmedabad,Sunshine Cafe,50,2.9,80,Navrangpura,44,Fast Food
445277,Perambur,Chennai,Tea Time-Kodungaiyur,20,2.9,80,Perambur,67,Bengali
443937,Purasawalkam,Chennai,Topped Off,450,2.9,80,Purasawalkam,40,Chinese
442807,Jillelaguda,Hyderabad,Chai Amruth,110,2.9,80,Vanasthalipuram,64,Bengali
442164,Varachha,Surat,William Johns Pizza Varachha,502,2.9,80,Varachha,62,Pizzas
441276,Navrangpura,Ahmedabad,Mahakali Burger,130,2.9,80,Navrangpura,35,American
439628,Brigade Road,Bangalore,Lubov Patisserie By Frozen Bottle,2000,2.9,80,Brigade Road,36,Snacks
438909,Annanagar,Chennai,Spotlight Cafe,50,2.9,80,Annanagar,66,Fast Food
438008,Central Bangalore,Bangalore,Lakshmi Super Sandwich,149,2.9,80,Central Bangalore,36,Pizzas
437160,Swargate,Pune,Niwara Cafe And Snacks,518,2.9,80,Swargate,47,Fast Food
436423,Perambur,Chennai,Sanjana Foods And Snacks,45,2.9,80,Perambur,57,Snacks
436223,Jayanagar,Bangalore,Stegi,1200,2.9,80,Jayanagar,50,Italian
436147,Station Road Ghatkopar West,Mumbai,7Th Heaven,105,2.9,80,Ghatkopar Vikhroli,52,Snacks
436133,Salt Lake,Kolkata,Aquajava Plush,800,2.9,80,Salt Lake,66,Bengali
435811,Baguiati,Kolkata,Riddhi Siddhi Snacks,120,2.9,80,Chinar Park,90,Snacks
434648,Chembur,Mumbai,Krishna Corner,220,2.9,80,Chembur,38,Bengali
433674,Bangur,Kolkata,Island Of Creams,98,2.9,80,Lake Town,80,Desserts
429738,Kothapet & Dilsukhnagar,Hyderabad,Quality Cakes,299,2.9,80,Kothapet & Dilsukhnagar,63,Snacks
426114,Kothapet & Dilsukhnagar,Hyderabad,Cakes07,199,2.9,80,Kothapet & Dilsukhnagar,57,Snacks
425118,Sarthana,Surat,Waterbomb Pani-Puri Shop,155,2.9,80,Sarthana,67,Snacks
423208,Malleshwaram,Bangalore,Bangarpete Chats,199,2.9,80,Malleshwaram,64,Snacks
416101,Laldarwaja,Ahmedabad,Frankie On Fire Raipur,240,2.9,80,Laldarwaja,47,Fast Food
410891,Basavanagudi,Bangalore,Smoky And Snacky,180,2.9,80,Basavanagudi,49,Chinese
406947,Scruz Bandra East,Mumbai,A -1 Panipuri Center,60,2.9,80,Scruz Bandra East,46,Snacks
406926,Paldi & Ambawadi,Ahmedabad,Sale & Pepe Pizzeria Neapolitan,700,2.9,80,Paldi & Ambawadi,38,Italian
406713,Kondhwa,Pune,Lavaza Restaurant,225,2.9,80,Kondhwa,73,Fast Food
403038,Royapuram,Chennai,Grameen Kulfi,120,2.9,80,Bc Press Road,52,Desserts
400600,Matunga Wadala,Mumbai,The Batter Cake House,950,2.9,80,Matunga Wadala,45,Snacks
394204,Basavanagudi,Bangalore,Friendly Neighbourhood Pizza-Man Vv Puram,260,2.9,80,Basavanagudi,47,Pizzas
391694,Frazer Town,Bangalore,Maheshwari Chaats Centre,99,2.9,80,Frazer Town,49,Snacks
389482,Charminar,Hyderabad,Fancy Ice Cream,40,2.9,80,Charminar,44,Desserts
388314,Maninagar,Ahmedabad,Pjs Flavours Cafe,450,2.9,80,Maninagar,46,Snacks
376584,Usmanpura,Ahmedabad,Mukesh Nagar Cholafali Center,120,2.9,80,Prahlad Nagar,37,Fast Food
332460,Ashok Nagar,Bangalore,Happy Buddha,450,2.9,80,Central Bangalore,46,Chinese
306955,Nana Varachha,Surat,Moonlight Creamery,60,2.9,80,Shyamdham Chowk,55,Desserts
242154,Ashok Nagar,Bangalore,Quattro,1000,2.9,80,Richmond Town,46,Italian
216894,Tri Nagar,Delhi,M.K. Chinese Food,450,2.9,80,Ashok Vihar,72,Chinese
189872,Athwa,Surat,Lovely Pavbhaji & Dosa,110,2.9,80,Ruwala Tekra Bhagal,46,Fast Food
176243,Paschim Vihar,Delhi,The Cake Mistri,450,2.9,80,Bhera Enclave Paschim Vihar New Delhi,57,Snacks
117548,Old Wadaj,Ahmedabad,Ashray,550,2.9,80,Subhash Bridge,49,Chinese
106424,Ayanavaram,Chennai,Siva'S Foodie Paradise,99,2.9,80,Ayanavaram,55,Fast Food
82094,Sector 10 Rohini,Delhi,Dine House By Eleven Course,1650,2.9,80,Pitampura,53,Chinese
79815,Athwa,Surat,Supreme Restaurant & Fastfood,220,2.9,80,Ring Road,38,Punjabi
79232,Vishal Nagar,Surat,Aa One Coco,120,2.9,80,Avalon Business Hub,61,Bengali
68893,Ghatkopar West,Mumbai,Tkx - The Khana Xpress,700,2.9,80,Ghatkopar East,46,Bengali
65696,Vip Road,Surat,Pizza Da Dhaba,220,2.9,80,Vesu,49,Italian
52667,Santacruz East,Mumbai,Bake N Nuts,450,2.9,80,Santacruz East,51,Desserts
46548,Maninagar,Ahmedabad,Charlie,149,2.9,80,Jawahar Chowk,49,Pizzas
40730,Chembur,Mumbai,Bina'S Fresh Batch Homemade Ice Cream,900,2.9,80,Chembur,42,Desserts
34431,Scruz Bandra East,Mumbai,Foodeementals,450,2.9,80,Santacruz East,48,Desserts
15419,Elgin,Kolkata,Paprika,700,2.9,80,Near Sushila Birla Girls School,63,Italian
464989,Himayath Nagar,Hyderabad,Silver Spoon,160,2.9,80,Himayath Nagar,37,Snacks
464563,Purasawalkam,Chennai,King Queen Pizza,249,2.9,80,Purasawalkam,60,Snacks
463185,Swargate,Pune,Mh 12 Biryani House,450,2.9,80,Swargate,37,Biryani
462935,Central Bangalore,Bangalore,Ujwal Family Bar And Restaurant,800,2.9,80,Central Bangalore,40,Chinese
462218,Chembur,Mumbai,Festa Della Pizza,750,2.9,80,Chembur,48,Italian
459317,Kilpauk,Chennai,Lassi N Shakes,160,2.9,80,Kilpauk,44,American
459010,Himayath Nagar,Hyderabad,Look At Me,338,2.9,80,Himayath Nagar,33,Pizzas
458110,Banjara Hills,Hyderabad,Punjab National Hotel,800,2.9,80,Banjara Hills,77,Punjabi
457540,Dumdum,Kolkata,Madhu'S Biryani,260,2.9,80,Dumdum,70,Biryani
456035,Kasba,Kolkata,Cake Wizard,700,2.9,80,New Area,76,Snacks
455443,Keshav Puram,Delhi,Mama Chicken,450,2.9,80,Keshav Puram,72,Chinese
454692,Central Bangalore,Bangalore,Bb Bucket Biryani,700,2.9,80,Central Bangalore,36,Biryani
454385,South Kolkata,Kolkata,Snack On Sushi,1000,2.9,80,South Kolkata,78,Chinese
453679,Mylapore,Chennai,Creamy Cake Pops,800,2.9,80,Mylapore,67,Snacks
452853,Banjara Hills,Hyderabad,Bijing Chef,180,2.9,80,Banjara Hills,57,Chinese
452752,Kothapet & Dilsukhnagar,Hyderabad,Vaishnavi Tiffins Meals Fast Food,360,2.9,80,Kothapet & Dilsukhnagar,49,Chinese
452169,Isanpur,Ahmedabad,Tandoor Chicken,70,2.9,80,Isanpur,76,Tandoor
451738,Sinhgad Road,Pune,Kalandini Chinese,220,2.9,80,Sinhgad Road,70,Chinese
451592,Nsp,Delhi,The Tribbiani'S Pizzeria,450,2.9,80,Nsp,59,Pizzas
451276,Aundh,Pune,Cafe Sky,420,2.9,80,Aundh,36,Chinese
450971,Perambur,Chennai,Red E Drop Zone,1000,2.9,80,Perambur,54,Chinese
450935, Begumpet,Hyderabad,The Hide Away Cafe,480,2.9,80,Begumpet,67,Chinese
450524,Koregaon Park,Pune,Food Pride,40,2.9,80,Koregaon Park,48,Fast Food
450029,Malleshwaram,Bangalore,Hokart - Sri Vinayaka Chats,120,2.9,80,Malleshwaram,59,Snacks
449962,Indiranagar,Bangalore,Cafe Grey By Dongle & Co,450,2.9,80,Indiranagar,63,Bengali
449569,Charminar,Hyderabad,Bilaad Eatery,275,2.9,80,Charminar,53,Pizzas
448977,Vastrapur,Ahmedabad,Entanglement,450,2.9,80,Vastrapur,49,Pizzas
448613,Perambur,Chennai,The Shawarma Makers,220,2.9,80,Perambur,72,Arabian
447789,Central Kolkata,Kolkata,High Life,700,2.9,80,Central Kolkata,70,Chinese
447674,Sion Bhakti Park,Mumbai,Mehfil Cafe,320,2.9,80,Sion Bhakti Park,52,Italian
447673,Sion Bhakti Park,Mumbai,Anna Cafes,260,2.9,80,Sion Bhakti Park,52,Italian
447671,Sion Bhakti Park,Mumbai,Swadd Momos,220,2.9,80,Sion Bhakti Park,52,Chinese
447670,Sion Bhakti Park,Mumbai,Eat Repeat,260,2.9,80,Sion Bhakti Park,52,Fast Food
446654,Himayath Nagar,Hyderabad,Monster Pizza,140,2.9,80,Himayath Nagar,35,Pizzas
446204,Sion Bhakti Park,Mumbai,Apeksha Tea And Snacks,140,2.9,80,Sion Bhakti Park,52,Fast Food
446178,Nallakunta & Vidyanagar,Hyderabad,Wow! Samosa,105,2.9,80,Nallakunta & Vidyanagar,36,Snacks
445636,Koregaon Park,Pune,Let'S Hangout@001,1000,2.9,80,Koregaon Park,46,Chinese
444195,Central Bangalore,Bangalore,Hotel Geo,650,2.9,80,Central Bangalore,36,Chinese
443938,Swargate,Pune,Wok N Roll,1,2.9,80,Swargate,39,Chinese
443922,Mylapore,Chennai,City Square Cafeteria,280,2.9,80,Mylapore,58,Fast Food
443862,Arumbakkam,Chennai,Sri Sai Foods,10,2.9,80,Arumbakkam,67,Fast Food
443578,Santoshnagar & Saidabad,Hyderabad,Foodiez Hub,140,2.9,80,Santoshnagar & Saidabad,35,Chinese
443409,Marol Sakinaka,Mumbai,Indigo Italiano Project,1000,2.9,80,Marol Sakinaka,50,Pizzas
443385,South Kolkata,Kolkata,La Maison Des Delices Patisserie & Bistro,1000,2.9,80,South Kolkata,75,Snacks
442492,Shenoy Nagar,Chennai,Pizza Crush,499,2.9,80,Shenoy Nagar,63,Italian
442292,Shivaji Nagar,Pune,The Pizza Box,299,2.9,80,Shivaji Nagar,44,Italian
442251,Kalyani Nagar,Pune,London Dairy,280,2.9,80,Kalyani Nagar,51,Desserts
440829,Shivaji Nagar,Pune,The Momo'S Point,140,2.9,80,Shivaji Nagar,33,Chinese
440447,Purasawalkam,Chennai,Kalyana Virundhu Biryani,620,2.9,80,Pattalm,44,Biryani
439841,Nungambakkam,Chennai,Impasta,1200,2.9,80,Nungambakkam,49,Italian
439603,Uppal,Hyderabad,Biryani Zone,280,2.9,80,Uppal,69,Biryani
437682,Perambur,Chennai,The Phoenix Kitchenz,399,2.9,80,Perambur,71,Pizzas
437311,Nallakunta & Vidyanagar,Hyderabad,Momo Monk,180,2.9,80,Nallakunta & Vidyanagar,39,Chinese
437283,Nallakunta & Vidyanagar,Hyderabad,Arbab Kitchen,280,2.9,80,Nallakunta & Vidyanagar,45,Biryani
436518,Nallakunta & Vidyanagar,Hyderabad,Rhm Bakers,199,2.9,80,Nallakunta & Vidyanagar,54,Snacks
435085,Chembur,Mumbai,Spice Laundry,280,2.9,80,Chembur,54,Chinese
435034,Kothrud,Pune,A1 Olympia,260,2.9,80,Kothrud,55,Fast Food
434781,Rohini,Delhi,Taste Of Nawaabs,650,2.9,80,Rohini,53,Biryani
434724,Chembur,Mumbai,The Mother Touch,280,2.9,80,Chembur,73,Chinese
433263,Alipore,Kolkata,Priya Tiffin Center,30,2.9,80,Alipore,79,Snacks
432993,Arumbakkam,Chennai,Jai Food Zone,110,2.9,80,Arumbakkam,70,Snacks
430996,Mehdipatnam,Hyderabad,Walima Ki Dawat,700,2.9,80,Mehdipatnam,61,Biryani
429844,Nallakunta & Vidyanagar,Hyderabad,Makhani Pizzeria,450,2.9,80,Nallakunta & Vidyanagar,40,Pizzas
429823,Nallakunta & Vidyanagar,Hyderabad,The Cheese Lovers,280,2.9,80,Nallakunta & Vidyanagar,43,Pizzas
428704,Kothapet & Dilsukhnagar,Hyderabad,As Bakers,1400,2.9,80,Kothapet & Dilsukhnagar,69,Snacks
426915,Andheri East,Mumbai,Delhi King,355,2.9,80,Andheri East,54,Fast Food
426818,Sion,Mumbai,New Neelam Restaurant And Bar,196,2.9,80,Matunga Wadala,48,Chinese
426223,Alipore,Kolkata,Taza Home Made Food,299,2.9,80,Alipore,76,Chinese
426106,Perambur,Chennai,Mr.Burger,280,2.9,80,Perambur,59,Pizzas
425060,Kurla,Mumbai,Afghan Darbar Chinese Corner,240,2.9,80,Kurla,45,Chinese
424420,Annanagar,Chennai,Narsuvai Biryani,275,2.9,80,Annanagar,76,Biryani
424158,Cunningham Road,Bangalore,Trippy Goat Cafe & Wine,1500,2.9,80,Cunningham Road,51,Bengali
423553,Marol Sakinaka,Mumbai,Polka Pop,120,2.9,80,Marol Sakinaka,57,Bengali
422895,Central Bangalore,Bangalore,Rcb Cafe,700,2.9,80,Central Bangalore,47,Snacks
422079,Banjara Hills,Hyderabad,Momos Momos,220,2.9,80,Banjara Hills,75,Fast Food
421784,Royapettah,Chennai,Bateel,1000,2.9,80,Royapettah,52,Desserts
419354,Arumbakkam,Chennai,Single Tea Machi,120,2.9,80,Arumbakkam,84,Fast Food
418311,Central Kolkata,Kolkata,Biryani Hub,199,2.9,80,Central Kolkata,76,Biryani
416315,Dumdum,Kolkata,Taste House,280,2.9,80,Dumdum,69,Chinese
416043,Marol Sakinaka,Mumbai,Dola Kitchen And Bar,850,2.9,80,Marol Sakinaka,45,Chinese
415913,T Nagar,Chennai,Kalil Rahman Biryani Kadai,280,2.9,80,West Cit Nagar,83,Biryani
414963,Dumdum,Kolkata,Paris Bakery,280,2.9,80,Dumdum,82,Snacks
413860,Charminar,Hyderabad,Tameems Shawarma,270,2.9,80,Charminar,61,Arabian
413769,Kothapet & Dilsukhnagar,Hyderabad,Bakers S Street,450,2.9,80,Kothapet & Dilsukhnagar,58,Fast Food
413727,Ultadanga,Kolkata,The Cake Craft,700,2.9,80,Murari Pukur Ultadanga,65,Snacks
413611,Kothapet & Dilsukhnagar,Hyderabad,Gully Lounge,493,2.9,80,Kothapet & Dilsukhnagar,67,Chinese
412271,Koregaon Park,Pune,Trattoria By Toscano,1200,2.9,80,South Main Road. Sanas Corner,59,Italian
411770,Paschim Vihar,Delhi,Chines Hot Hub,199,2.9,80,Paschim Vihar,52,Chinese
408661,Rohini,Delhi,The Kathi Rolls Point,390,2.9,80,Rohini,72,Snacks
408270,Jayanagar,Bangalore,Secretspot Cafe,199,2.9,80,Jayanagar,57,Pizzas
407248,Rohini,Delhi,Puratan Restaurant,1000,2.9,80,Rohini,57,Chinese
407191,Royapettah,Chennai,Flameh Shawarma,220,2.9,80,Royapettah,53,Arabian
404220,Vadapalani,Chennai,Sri Balaji Foods And Snacks,180,2.9,80,West Mambalam,82,Snacks
400849,Lake Town,Kolkata,Sandwizz,199,2.9,80,Lake Town,98,Fast Food
398873,Purasawalkam,Chennai,Tropical Fast Food,280,2.9,80,Purasawalkam,40,Chinese
398652,Central Bangalore,Bangalore,Knight Bite,280,2.9,80,Central Bangalore,51,American
398440,Santoshnagar & Saidabad,Hyderabad,Ssv Foods,180,2.9,80,Santoshnagar & Saidabad,53,Snacks
396746,Shantinagar,Bangalore,Sweet Truth - Cake And Desserts,450,2.9,80,Residency Road,45,Desserts
396534,Viman Nagar,Pune,Breakfast Bee,199,2.9,80,Viman Nagar,81,Chinese
393595,Paschim Vihar,Delhi,Cupcakes By Radisson Blu,1000,2.9,80,Paschim Vihar,61,Desserts
393594,Paschim Vihar,Delhi,Tea Lounge By Radisson Blu,1000,2.9,80,Paschim Vihar,56,Desserts
393593,Paschim Vihar,Delhi,Oro By Radisson Blu,1000,2.9,80,Paschim Vihar,58,Desserts
393592,Paschim Vihar,Delhi,Indyaki By Radisson Blu,1000,2.9,80,Paschim Vihar,58,Desserts
393591,Paschim Vihar,Delhi,Level 2 By Radisson Blu,1000,2.9,80,Paschim Vihar,56,Desserts
393402,Koramangala,Bangalore,Friends Euro Restaurant,599,2.9,80,Koramangala,65,Chinese
391430,Powai,Mumbai,Idlis And More,140,2.9,80,Powai,53,Snacks
391421,Marol Sakinaka,Mumbai,Cafe Marol (Since 1975),700,2.9,80,Marol Sakinaka,56,Chinese
389882,Uppal,Hyderabad,Sv Food Court,149,2.9,80,Uppal,67,Chinese
389517,Nallakunta & Vidyanagar,Hyderabad,Arabian Mandi House,420,2.9,80,Nallakunta & Vidyanagar,48,Arabian
389441,Koramangala,Bangalore,The Tasty Planet,70,2.9,80,Koramangala,48,Bengali
389261,Kothrud,Pune,Wassup Pizza,199,2.9,80,Kothrud,65,Pizzas
388866,Koramangala,Bangalore,Cafe Reset,900,2.9,80,Koramangala,62,Snacks
388141,Uppal,Hyderabad,Cafe De Gardenia,360,2.9,80,Uppal,74,Chinese
387091,Charminar,Hyderabad,The Mahboob Biryani,1500,2.9,80,Charminar,38,Biryani
385006,Lake Town,Kolkata,Kolkata Pizza,159,2.9,80,Lake Town,91,Pizzas
380118,Lake Town,Kolkata,Cookie2Nite,120,2.9,80,Lake Town,77,Desserts
379616,Marol Sakinaka,Mumbai,New Shalimar Cold Drink House,120,2.9,80,Marol Sakinaka,44,Desserts
375967,Bkc,Mumbai,Olive Pizzeria,800,2.9,80,Scruz Bandra East,48,Pizzas
373731,Central Bangalore,Bangalore,Grand Foodies Restaurant,220,2.9,80,Central Bangalore,46,Fast Food
371242,Santacruz East,Mumbai,China House Restaurant By Grand Hyatt Mumbai,1800,2.9,80,Santacruz East,56,Chinese
370034,T. Nagar,Chennai,The Smoothie Cult,160,2.9,80,T Nagar,74,Bengali
369058,Chembur,Mumbai,Toshin Chocolatier Patissier,1000,2.9,80,Kurla,39,Desserts
368980,Koregaon Park,Pune,Yummy Chinese Cafe,280,2.9,80,Kalyani Nagar,53,Chinese
364709,Warje,Pune,Live Fresh Cakes Desserts & Bakes,800,2.9,80,Warje,71,Snacks
355703,Bandra Area,Mumbai,Pizzza.In,800,2.9,80,Bandra West,67,Pizzas
355602,Karve Nagar,Pune,London Dairy,280,2.9,80,Kothrud,54,Desserts
355450,Chamrajpet,Bangalore,Kolkata Famous Kati Roll,99,2.9,80,Basavanagudi,52,Snacks
352528,Tangra,Kolkata,Fung Fa,900,2.9,80,Tangra,76,Chinese
352508,Ashok Nagar,Bangalore,Itc Hotels- Nutmeg The Cake Shop,1000,2.9,80,Central Bangalore,49,Desserts
345501,Gurukul,Ahmedabad,Food Adda,399,2.9,80,Opp. Galaxy Bazaar,55,Bengali
342124,Andheri East,Mumbai,Itc Hotels- Nutmeg The Cake Shop,1000,2.9,80,Powai Area,63,Desserts
341023,Nandanam,Chennai,The Butterfly Effect Cafe,700,2.9,80,T Nagar,80,Chinese
340703,Tollygunge,Kolkata,Angie'S Cafe,750,2.9,80,Jadavpur,93,Bengali
340032,Kankurgachi,Kolkata,Levanilla.In,700,2.9,80,Burrabazar,59,Snacks
335002,Ashok Nagar,Bangalore,Itc Hotels - Biryani & Pulao Collection,1000,2.9,80,Central Bangalore,55,Biryani
334998,Tangra,Kolkata,Itc Hotels - Biryani & Pulao Collection,1000,2.9,80,Banquet Gate Itc Sonar,89,Biryani
334185,Abids,Hyderabad,Sohanlal Tea Time,160,2.9,80,Somajiguda & Khairtabad,35,Bengali
332700,Erandwane,Pune,Retox,450,2.9,80,Kothrud,53,Chinese
332457,Ashok Nagar,Bangalore,Chung Wah Express,450,2.9,80,Central Bangalore,46,Chinese
328837,Vesu,Surat,Blue Vanilla Patisserie,450,2.9,80,Piplod,56,Desserts
323492,Paldi,Ahmedabad,Real Spice Pizzeria,450,2.9,80,Paldi & Ambawadi,34,Pizzas
322450,Kustia,Kolkata,Biryani 4U,450,2.9,80,Tangra,82,Fast Food
321082,Triplicane,Chennai,Sha Cafe,70,2.9,80,Royapettah,58,Bengali
320719,Jadavpur,Kolkata,Raj Tea Stall,50,2.9,80,Jadavpur,80,Chinese
313809,Kothapet,Hyderabad,Occasionkart.Com,800,2.9,80,Chaitanyapuri,52,Desserts
310906,Tollygunge,Kolkata,Fatty Mamma Chinese Restaurant,800,2.9,80,Russa Road,98,Chinese
305092,Redhills,Hyderabad,Oriental Tales - By Rayalaseema Ruchulu,399,2.9,80,Banjara Hills,60,Chinese
298694,Camp,Pune,Ibaco,800,2.9,80,Camp,35,Desserts
292357,Ellisbridge,Ahmedabad,The Great Kabab Factory By Radisson Blu,1200,2.9,80,Navrangpura,38,Biryani
292113,Mohammed Wadi,Pune,Caffe Ritazza,1000,2.9,80,Kondhwa,81,Italian
287941,Indiranagar,Bangalore,Roll-A-Pao,450,2.9,80,Indiranagar,61,Fast Food
283144,Athwa,Surat,Monginis,0,2.9,80,Udhyognagar,46,Desserts
279629,Karve Nagar,Pune,Solanki Ice Creams,120,2.9,80,Karve Nagar,67,Desserts
275167,Usmanpura,Ahmedabad,Tinello By Hyatt Regency,800,2.9,80,Usmanpura Ashram Road,53,Italian
265925,Khokhra,Ahmedabad,Map'S Meaty Paradise,450,2.9,80,Maninagar,56,Fast Food
258357,Dabholi,Surat,The Food Parcel Point,240,2.9,80,Dabholi Road,61,Chinese
255204,Adajan,Surat,The Dango Cake Shop,270,2.9,80,Adajan,65,Snacks
241079,Aundh,Pune,The Chinese Box,450,2.9,80,Aundh,73,Chinese
239083,Powai,Mumbai,Noodle Bar,550,2.9,80,Powai,58,Chinese
225737,Kothrud,Pune,S & B The Cake Factory,450,2.9,80,Shastri Nagar Kothrud,62,Desserts
215922,Pashan,Pune,Chizzlers,700,2.9,80,Baner,75,Chinese
197496,Abids,Hyderabad,Abids Bistro  Royalton Hotel,450,2.9,80,Abids & Koti,57,Chinese
190360,Gariahat,Kolkata,Purbani Restaurant & Hotel,450,2.9,80,South Kolkata,75,Chinese
123348,Ashok Nagar,Bangalore,The Flying Squirrel,450,2.9,80,Central Bangalore,40,Snacks
118807,Ashok Nagar,Bangalore,The Bar Stock Exchange,800,2.9,80,St. Marks Road,39,Chinese
104836,Bandra East,Mumbai,Devi Prasad,450,2.9,80,Opp. Colgate Ground,50,Chinese
104321,Tagore Garden Extension,Delhi,Empress Delhi,800,2.9,80,Rajouri Garden,78,Chinese
100185,New Magdalla,Surat,Cookie Man,140,2.9,80,Vr Mall Dumas Road,64,Snacks
90317,Kondhwa,Pune,Lazeez Fast Food,450,2.9,80,Kondhwa Khurd,70,Chinese
72959,Lal Darwaja,Ahmedabad,Green House - The House Of Mg,1500,2.9,80,Lal Darwaja,39,Gujarati
67148,Bandra Area,Mumbai,Celini - Grand Hyatt Mumbai,1800,2.9,80,Lobby Level Off Western Express Highway Vakola,61,Italian
64972,Banjara Hills,Hyderabad,24/7 Gallery Cafe - Hyatt Place Hyderabad,1500,2.9,80,Hyatt Place Road No 1 Banjara Hills,66,Italian
62557,Shivajinagar,Pune,Tgi Fridays,1000,2.9,80,The Pavilllion,59,American
60555,Ballygunge,Kolkata,Haze,800,2.9,80,Near Ushanath Sen Square Park,70,Italian
58568,Ashok Nagar,Bangalore,Sweet Chariot,50,2.9,80,Brigade Road,36,Desserts
57004,Anna Nagar,Chennai,Kings Kitchen,249,2.9,80,Annanagar,67,Chinese
43206,Ashok Nagar,Bangalore,Cafe Azzure,1000,2.9,80,Central Bangalore - Bangalore,47,American
39070,Andheri East,Mumbai,Top China Delight,550,2.9,80,Marol,57,Chinese
37122,Navrangpura,Ahmedabad,Yash'S Gbt,700,2.9,80,Gulbai Tekra,40,Fast Food
27265,Central Kolkata,Kolkata,Kebab-E-Que - The Astor Hotel,1000,2.9,80,Near Nightangle Hospital,68,Italian
15367,Chembur,Mumbai,Art House - The Fern Residency,800,2.9,80,Chembur,48,Chinese
3835,Deccan Gymkhana,Pune,The Chocolate Room,450,2.9,80,Fc Road,39,Desserts
2915,Vasanth Nagar,Bangalore,Watson'S,450,2.9,80,1St Main Road,53,Fast Food
452311,Navrangpura,Ahmedabad,Devaadi Hotel,600,2.9,80,Navrangpura,37,Indian
441631,Koregaon Park,Pune,Cake & More,600,2.9,80,Koregaon Park,52,Snacks
412557,Narhe,Pune,Ganga Pure Veg,600,2.9,80,Narhe,74,Indian
106021,Vesu,Surat,La Pizza Treno,600,2.9,80,Vesu,58,Italian
55068,Ellisbridge,Ahmedabad,Ambrosia Restaurant,600,2.9,80,Ellis Bridge,33,Indian
52262,Rohini,Delhi,Kutumb,600,2.9,80,Metro Park,46,Chinese
49336,Bodakdev,Ahmedabad,Tephra Lounge,600,2.9,80,Bodakdev,47,Snacks
48133,Navrangpura,Ahmedabad,Ek One Uno Pizza,600,2.9,80,Navrangpura,56,Pizzas
454746,Kondhwa,Pune,Cafe Al Muhsi,600,2.9,80,Kothrud,74,Snacks
453678,Nungambakkam,Chennai,Wok Of Life,600,2.9,80,Nungambakkam,50,Chinese
452795,Hatibagan,Kolkata,Damurs,600,2.9,80,Hatibagan,51,Indian
449361,Koregaon Park,Pune,Nagpur Saoji Black Curry,600,2.9,80,Koregaon Park,53,Indian
448732,Kurla,Mumbai,Tavakkal Hotel,600,2.9,80,Kurla,38,Chinese
447347,South Kolkata,Kolkata,Cafe Yonder,600,2.9,80,South Kolkata,69,Italian
441777,Ruby Area,Kolkata,Dastaan,600,2.9,80,Ruby Area,98,Indian
436361,Central Kolkata,Kolkata,Miracle Fusions,600,2.9,80,Central Kolkata,58,Pizzas
436226,Tolichowki,Hyderabad,Abu Faisal Restaurant Arabian Food,600,2.9,80,Tolichowki,72,Indian
434873,Central Bangalore,Bangalore,Holy Doh!,600,2.9,80,Central Bangalore,50,Pizzas
429384,Nallakunta & Vidyanagar,Hyderabad,Chichore Cafe,600,2.9,80,Nallakunta & Vidyanagar,51,Italian
421798,Warje,Pune,The Land Of Chenab,600,2.9,80,Warje,71,Indian
416568,Indiranagar,Bangalore,Hopshaus,600,2.9,80,Indiranagar,69,Pizzas
415086,Malleshwaram,Bangalore,Desserted,600,2.9,80,Malleshwaram,44,Bengali
410869,Pitampura,Delhi,Madhushala,600,2.9,80,Pitampura,60,Indian
409988,Behala,Kolkata,Swadist,600,2.9,80,Behala,90,Chinese
402881,Kothapet & Dilsukhnagar,Hyderabad,Urban Monk Fine Baking,600,2.9,80,Kothapet & Dilsukhnagar,73,Fast Food
392360,Burrabazar,Kolkata,Where To Go,600,2.9,80,Burrabazar,49,Tandoor
382862,Koramangala,Bangalore,The Local-Terrace Drinkery,600,2.9,80,Koramangala,64,American
382566,Salt Lake,Kolkata,Harpreet Auntie'S Thali Junction,600,2.9,80,Salt Lake,65,Indian
381535,Shivaji Nagar,Pune,Terrasinne Food Corp.Llp,600,2.9,80,Shivaji Nagar,51,Indian
380396,Punjabi Bagh,Delhi,Pranav Kabab,600,2.9,80,Punjabi Bagh,71,Indian
377445,Marol Sakinaka,Mumbai,Oishi Oishi By Persian Darbar,600,2.9,80,Marol Sakinaka,51,Chinese
374317,Marol Maroshi Road,Mumbai,General Tsos Kitchen,600,2.9,80,Sanabil Banquets Hall,52,Chinese
373280,Aundh,Pune,Rang De Basanti,600,2.9,80,Aundh,76,Indian
364812,Banjara Hills,Hyderabad,Blenders & Coolers,600,2.9,80,Banjara Hills,69,Bengali
364660,Banjara Hills,Hyderabad,Pange'S Pizza,600,2.9,80,Banjara Hills,68,Pizzas
364659,Banjara Hills,Hyderabad,Burger Dude'S,600,2.9,80,Banjara Hills,68,Fast Food
364658,Banjara Hills,Hyderabad,Chef'S Sandwich,600,2.9,80,Banjara Hills,67,Fast Food
359770,Golpark,Kolkata,Zold Cafe And Kitchen,600,2.9,80,South Kolkata,75,Pizzas
327003,Kilpauk,Chennai,Pacifica - Beverly Hotel,600,2.9,80,Rajarathinam Road,49,Chinese
320654,Memnagar,Ahmedabad,Combo 10,600,2.9,80,Vastrapur,53,Chinese
314323,Ashok Nagar,Bangalore,Eurotrip - European,600,2.9,80,Central Bangalore,45,Pizzas
312888,Tollygunge,Kolkata,Vegan Bistro,600,2.9,80,Tollygunge - Suruchi Sangha,89,Fast Food
304580,Ashok Nagar,Bangalore,Fabelle Chocolates - Itc Gardenia,600,2.9,80,Ashok Nagarbengaluru,34,Snacks
302256,Ashok Nagar,Bangalore,Bo Tai,600,2.9,80,Shanthala Nagar,36,Chinese
288878,Egmore,Chennai,Oasis - Radisson Blu Hotel,600,2.9,80,Egmore,53,Chinese
249538,Benson Town,Bangalore,Britalian Kitchen,600,2.9,80,Frazer Town,52,Biryani
248367,Chembur,Mumbai,Shawarma House,600,2.9,80,Chembur,54,Indian
246000,Chembur,Mumbai,Chopstick,600,2.9,80,Chembur,57,Chinese
228948,Chembur,Mumbai,Garnish,600,2.9,80,Chembur,52,Chinese
170891,Begampur,Delhi,Cake 24 7,600,2.9,80,Sector- 24,57,Snacks
111250,Indiranagar,Bangalore,Viceroy'S Sarathi,600,2.9,80,Krishna Temple Road,62,Chinese
106587,Ahmedabad,Ahmedabad,Mom'S Kitchen,600,2.9,80,Laldarawaja,44,Chinese
104409,Chembur,Mumbai,Sai Darshan,600,2.9,80,Chembur,50,Indian
100853,Jodhpur Park,Kolkata,The Tavern Cafe,600,2.9,80,Prince Anwar Shah Road,95,Italian
65758,Khanpur,Ahmedabad,Silver Leaf - Cama Hotel,600,2.9,80,Laldarawaja,48,Indian
59662,Thaltej,Ahmedabad,Silver Leaf,600,2.9,80,Acropolis Mall Thaltej,48,Indian
37298,Usmanpura,Ahmedabad,Cafe 1St Story,600,2.9,80,Ashram Road,50,Indian
23093,Ashok Nagar,Bangalore,Hoppipola,600,2.9,80,Church Street,34,Fast Food
18851,Bowbazar,Kolkata,Masala Wok Bar & Kitchen,600,2.9,80,Hind Inox,45,Indian
460163,Vastrapur,Ahmedabad,Sm Food,100,2.9,80,Vastrapur,48,American
459016,Athwa,Surat,Punjabi Masi Da Dhaba,100,2.9,80,Athwa,32,Punjabi
452640,Piplod,Surat,Zorko Brand Of Food Lovers,100,2.9,80,Piplod,62,Pizzas
452267,Laldarwaja,Ahmedabad,Rabdi King,100,2.9,80,Laldarwaja,39,Desserts
451110,Indiranagar,Bangalore,3 Mangos,100,2.9,80,Indiranagar,56,Bengali
450298,Salt Lake,Kolkata,Fraisier'S,100,2.9,80,Salt Lake,91,Snacks
450033,Alwarpet,Chennai,Surabi Organic,100,2.9,80,Alwarpet,63,Bengali
447173,Athwa,Surat,Shree Radhey Fastfood,100,2.9,80,Athwa,30,Chinese
445093,Marol Sakinaka,Mumbai,Bite Cafe,100,2.9,80,Marol Sakinaka,52,Chinese
444220,Vadapalani,Chennai,Myilai,100,2.9,80,Vadapalani,85,Bengali
443452,Shivaji Nagar,Pune,Prakash Snack Center,100,2.9,80,Shivaji Nagar,37,Fast Food
443246,Isanpur,Ahmedabad,Gujarat Juice Corner,100,2.9,80,Isanpur,52,Bengali
442632,Perambur,Chennai,Friends Karupatti Coffee,100,2.9,80,Perambur,56,Bengali
438005,R.T. Nagar,Bangalore,Chat And Cool Corner,100,2.9,80,R.T. Nagar,57,Fast Food
431477,Jadavpur,Kolkata,Tea Bar,100,2.9,80,Jadavpur,87,Bengali
422416,Chembur,Mumbai,Gupta Bhelpuri Stall,100,2.9,80,Chembur,46,Snacks
409412,Tolichowki,Hyderabad,Bombay Kulfis,100,2.9,80,Tolichowki,65,Desserts
408694,Wanowrie,Pune,Proper Pakoda,100,2.9,80,Wanowrie,62,Snacks
405165,Sinhgad Road,Pune,Caramellas Cake Shop Navi Peth,100,2.9,80,Sinhgad Road,33,Snacks
394541,Perambur,Chennai,A Plus Tea,100,2.9,80,Perambur,60,Bengali
386452,Vastrapur,Ahmedabad,Dilkhush Dabeli King,100,2.9,80,Opposite Satyam Mall,48,Snacks
382302,Naranpura,Ahmedabad,Tasteilla Snacks,100,2.9,80,Naranpura,53,Snacks
357948,Pitam Pura,Delhi,The Pizza Club,100,2.9,80,Nsp,55,Fast Food
356218,Kurla,Mumbai,Cake Junction,100,2.9,80,Kurla West,44,Snacks
356195,Kurla,Mumbai,Cake Point,100,2.9,80,Kurla West,44,Snacks
354757,Kurla,Mumbai,Cake Paradise,100,2.9,80,Kurla West,51,Indian
354754,Kurla,Mumbai,Cake Adda,100,2.9,80,Kurla West,45,Indian
354753,Kurla,Mumbai,Bonjour Cakes,100,2.9,80,Kurla West,42,Snacks
354746,Kurla,Mumbai,Cake Factory,100,2.9,80,Kurla West,42,Snacks
347235,Kurla,Mumbai,Cake Corner,100,2.9,80,Kurla West,41,Snacks
345540,Egmore,Chennai,Munchberry,100,2.9,80,Sindur Plaza,39,Snacks
343858,Kurla,Mumbai,Cake Corner & Bakery,100,2.9,80,Kurla West,44,Snacks
343567,Kuber Nagar,Ahmedabad,Cake Walas,100,2.9,80,Naroda,81,Snacks
343566,Kuber Nagar,Ahmedabad,Cake Adda,100,2.9,80,Naroda,80,Snacks
343565,Isanpur,Ahmedabad,Cake Corner,100,2.9,80,Isanpur,78,Desserts
342814,Kuber Nagar,Ahmedabad,Cake Adda,100,2.9,80,Naroda,80,Snacks
342744,Kuber Nagar,Ahmedabad,Cake Corner,100,2.9,80,Naroda,79,Snacks
342720,Naroda,Ahmedabad,Agarwal Cake & Bakery,100,2.9,80,Naroda,79,Snacks
342719,Naroda,Ahmedabad,Cake Point,100,2.9,80,Naroda,78,Snacks
264937,Ghatkopar East,Mumbai,Chat Chaska,100,2.9,80,Kurla,46,Snacks
257452,Kondhwa Budruk,Pune,Drunken Shake,100,2.9,80,Dhankawadi,74,Bengali
216561,Lake Town,Kolkata,Him Cream,100,2.9,80,Lake Town,77,Desserts
208017,Naranpura,Ahmedabad,Alma Of Aliments,100,2.9,80,Naranpura,52,Fast Food
201514,Kasba Peth,Pune,Chowpati Natural Kulfi,100,2.9,80,Camp,30,Desserts
194914,Ganga Dham,Pune,Rj'S Sandwich,100,2.9,80,Bibwewadi,67,Bengali
138998,Kodambakkam,Chennai,Mm Cafe Point,100,2.9,80,Arcot Road,80,Bengali
131671,Athwa,Surat,Dadi Maa Nu Khichu,100,2.9,80,B/H Chowpaty,39,Gujarati
85056,Nana Varachha,Surat,Monpara Fastfood & Coldrinks,100,2.9,80,Nr Chowpatty,61,Punjabi
67981,Valasaravakkam,Chennai,Lassiwala,100,2.9,80,Alwarthirunagar,75,Bengali
50933,Navrangpura,Ahmedabad,Shree Manmohan Kharek Center,100,2.9,80,Navrangpura,38,Snacks
44930,Bidhannagar,Kolkata,Momo'S Corner - Swimming Pool,100,2.9,80,Near Swimming Pool,69,Tandoor
9982,Shobhabazar,Kolkata,Cafe Splash,100,2.9,80,Near Lal Mandir,49,Fast Food
462917,Burrabazar,Kolkata,New Arsalaan'S Kitchen,100,2.9,80,Burrabazar,37,Indian
459153,Maninagar,Ahmedabad,New Karnavati Dabeli,100,2.9,80,Maninagar,47,Snacks
449000,Central Bangalore,Bangalore,Huda Bakery And Chats,100,2.9,80,Central Bangalore,44,Desserts
442870,Athwa,Surat,New Egg Zone,100,2.9,80,Athwa,30,Fast Food
441614,Lake Town,Kolkata,Mezban Biryani,100,2.9,80,Lake Town,83,Biryani
441609,Basavanagudi,Bangalore,Five Star Chicken Koli Hut,100,2.9,80,Basavanagudi,61,Fast Food
439934,Picnic Garden,Kolkata,Nishav'S Kitchen,100,2.9,80,Ruby Area,62,Chinese
438360,Salt Lake,Kolkata,Flesh N Bones,100,2.9,80,Salt Lake,62,Biryani
437476,Isanpur,Ahmedabad,Rocky Omelet King,100,2.9,80,Isanpur,62,Snacks
434478,Annanagar,Chennai,Chaya & Kadi,100,2.9,80,Annanagar,68,Indian
433929,Bibwewadi,Pune,S Kumar Wadewale  Satara Road,100,2.9,80,Bibwewadi,65,Snacks
433846,Kothrud,Pune,Umiya Kutchi Dabeli,100,2.9,80,Kothrud,51,Snacks
426891,Shivaji Nagar,Pune,The Golden Samosa,100,2.9,80,Shivaji Nagar,36,Snacks
426000,Swargate,Pune,Top N Town,100,2.9,80,Swargate,44,Desserts
423372,Mylapore,Chennai,The Magic Food Center,100,2.9,80,Mylapore,61,Fast Food
418076,Narhe,Pune,Ind Annamm,100,2.9,80,Narhe,89,Indian
409583,Koramangala,Bangalore,Goodness Bakery,100,2.9,80,Koramangala,64,Snacks
406023,Tolichowki Hps Kids School Opposite,Hyderabad,Healthy Food House,100,2.9,80,Tolichowki,83,Indian
400663,Khar West,Mumbai,Ohh My Fudge,100,2.9,80,Near Kharghymkhana,68,Desserts
394739,Chembur,Mumbai,New Annapurna Lunch Home,100,2.9,80,Chembur,48,Chinese
393157,Kothrud,Pune,Sapkal Foods,100,2.9,80,Kothrud,62,Indian
392211,Himayath Nagar,Hyderabad,Nice Day Baquares And Ice Creams,100,2.9,80,Himayath Nagar,38,Chinese
390394,George Town,Chennai,Frozen Cafe Juices & Ice Cream,100,2.9,80,George Town,58,Indian
388040,George Town,Chennai,Mathaji Ice Creams,100,2.9,80,George Town,56,Desserts
380686,Malleshwaram,Bangalore,Pastries Park,100,2.9,80,Malleshwaram,64,Snacks
373466,Basavanagudi,Bangalore,Chotu Motu Vadapavwala,100,2.9,80,Basavanagudi,50,Fast Food
372550,Narayan Peth,Pune,Akkags T.R Sharma Shegoan Kachori Center,100,2.9,80,Shivaji Nagar,37,Fast Food
362976,Karve Nagar,Pune,Kolhapuri Tadka Misal & Snacks Center,100,2.9,80,Kothrud,63,Snacks
356231,Annanagar East,Chennai,Davara Coffee,100,2.9,80,Annanagar,58,Indian
353967,Egmore,Chennai,Platez,100,2.9,80,Egmore,48,Indian
353871,Tondiarpet,Chennai,Daily Fresh Ice Creams,100,2.9,80,Royapuram,70,Desserts
342064,Basheer Bagh,Hyderabad,The Tea Tree,100,2.9,80,Himayath Nagar,36,Bengali
321801,Triplicane,Chennai,Cake Galatta,100,2.9,80,Royapettah,43,Desserts
318511,Narolgam,Ahmedabad,Karnavati Juice Center,100,2.9,80,Isanpur,59,Fast Food
309812,Andheri East,Mumbai,Welcome Restaurant,100,2.9,80,Powai,54,Chinese
306906,Perambur,Chennai,Sakthi A Hot Soup,100,2.9,80,Perambur,62,Indian
303775,Garodia Nagar,Mumbai,Mr. Baker,100,2.9,80,Ghatkopar East,51,Snacks
235693,Ahiritola,Kolkata,Mother Kitchen,100,2.9,80,Hatibagan,57,Indian
219476,Tagore Garden Extension,Delhi,Cake@99,100,2.9,80,Road No 28,73,Snacks
181120,Khairtabad,Hyderabad,The Pani Puri Monster,100,2.9,80,Anand Nagar,56,Indian
175293,Athwa,Surat,Shree Sainath Fast Food,100,2.9,80,City Light,46,Fast Food
170708,Parvat Patiya,Surat,Om Sairam Fastfood,100,2.9,80,Dumbhal,48,Fast Food
169086,Ayanavaram,Chennai,Oliver Garden Cater,100,2.9,80,Pudhunagar.Aynavaram.,58,Fast Food
44640,Teynampet,Chennai,Chit Chat,100,2.9,80,T Nagar,58,Desserts
461141,Nsp,Delhi,New Oye Punjabi,350,2.9,80,Nsp,55,Punjabi
456002,Powai,Mumbai,Twin Pizza'S,350,2.9,80,Powai,52,Pizzas
452339,Kurla,Mumbai,Cake Day 7,350,2.9,80,Kurla,39,Snacks
451063,Marol Sakinaka,Mumbai,Mothers Touch Kathiyawadi,350,2.9,80,Marol Sakinaka,63,Gujarati
440699,Vastral,Ahmedabad,Rebecca'S Cafe,350,2.9,80,Vastral,53,Fast Food
437870,Rohini,Delhi,Foodie Delight,350,2.9,80,Rohini,55,Indian
434639,Jayanagar,Bangalore,Ragoos Express,350,2.9,80,Jayanagar,55,Italian
401571,Salt Lake,Kolkata,Starlight,350,2.9,80,Salt Lake,72,Chinese
399910,Indiranagar,Bangalore,Ministry Of Ice Creams,350,2.9,80,Indiranagar,54,Desserts
391418,Marol Sakinaka,Mumbai,Chasity Cheesecake,350,2.9,80,Marol Sakinaka,57,Desserts
384217,Scruz Bandra East,Mumbai,Gourmet Ice Cream Cakes By Baskin Robbins,350,2.9,80,Opposite Mumbai University Main Gate,33,Desserts
197766,Memnagar,Ahmedabad,Belgian Waffles,350,2.9,80,Vastrapur,47,Fast Food
105985,Katargam,Surat,New Maharaja Restaurant,350,2.9,80,Katargam Darwaja,48,Fast Food
59431,Memnagar,Ahmedabad,Belgians Waffle,350,2.9,80,Naranpura,49,Desserts
42094,Vastrapur,Ahmedabad,Happy Rolls,350,2.9,80,Vastrapur,51,Fast Food
39066,Gandhi Nagar,Bangalore,Amulya Veg Restaurant,350,2.9,80,Gandhinagar,39,Chinese
464118,Adajan,Surat,Surti Egg House,350,2.9,80,Adajan,50,Indian
464082,Perambur,Chennai,Love To Eat,350,2.9,80,Perambur,51,Biryani
463939,Swargate,Pune,Deccan Express,350,2.9,80,Swargate,34,Chinese
459654,Naranpura,Ahmedabad,Kulhad Masti,350,2.9,80,Naranpura,51,Bengali
455488,Athwa,Surat,Biryani Hazir Ho,350,2.9,80,Athwa,38,Biryani
454348,Rohini,Delhi,Handi Biryani,350,2.9,80,Rohini,39,Biryani
454321,Rohini,Delhi,Handi Biryani Empire,350,2.9,80,Rohini,39,Biryani
454313,Rohini,Delhi,Handi Biryani Wala,350,2.9,80,Rohini,39,Biryani
454311,Rohini,Delhi,Handi Biryani Kingdom,350,2.9,80,Rohini,39,Biryani
454303,Rohini,Delhi,Lazeez Handi Biryani,350,2.9,80,Rohini,39,Biryani
453504,Chembur,Mumbai,Spycey Kitchen,350,2.9,80,Chembur,48,Indian
452723,Rohini,Delhi,Lajawab Biryani Corner,350,2.9,80,Rohini,39,Biryani
452624,Vastrapur,Ahmedabad,1000 Spicy,350,2.9,80,Vastrapur,46,Indian
452374,Himayath Nagar,Hyderabad,Dharu Snacks,350,2.9,80,Himayath Nagar,34,Indian
451978,Rohini,Delhi,Hyderabadi Biryani,350,2.9,80,Rohini,47,Biryani
451954,Salunkhe Vihar Road,Pune,Kebstha,350,2.9,80,Wanwadi,65,Indian
451515,Central Kolkata,Kolkata,Bharat Biryani,350,2.9,80,Central Kolkata,70,Biryani
451508,Rohini,Delhi,Dilli Meri Jaan,350,2.9,80,Rohini,45,Chinese
451188,Alipore,Kolkata,Salt N Spice,350,2.9,80,Alipore,65,Fast Food
449775,Villivakkam,Chennai,Pizza Stone,350,2.9,80,Villivakkam,70,Pizzas
449740,Rohini,Delhi,Shahi Chiken Corner,350,2.9,80,Rohini,60,Indian
447705,South Kolkata,Kolkata,All Day Breakfast,350,2.9,80,South Kolkata,77,Bengali
443877,Varachha,Surat,Badmash Biryani,350,2.9,80,Varachha,44,Biryani
443826,Banjara Hills,Hyderabad,Chulha Chowki,350,2.9,80,Banjara Hills,55,Indian
441674,Vadapalani,Chennai,Tn10 Shawarma And Shake Factory,350,2.9,80,Vadapalani,85,Bengali
441293,Magarpatta,Pune,Charmi Family Restaurant,350,2.9,80,Magarpatta,60,Chinese
440222,Koramangala,Bangalore,Papacream,350,2.9,80,Koramangala,59,Desserts
439965,Banjara Hills,Hyderabad,Bistro Bites,350,2.9,80,Banjara Hills,52,Fast Food
438413,Banjara Hills,Hyderabad,Shahi Mandi,350,2.9,80,Banjara Hills,39,Indian
438273,Sinhgad Road,Pune,Prachi Chinese,350,2.9,80,Sinhgad Road,49,Chinese
435825,Sion Bhakti Park,Mumbai,Dragon House,350,2.9,80,Sion Bhakti Park,64,Chinese
229687,Rohini,Delhi,The Crispy Bites,400,3.9,50,Rohini,52,Fast Food
140406,Athwa,Surat,Cake Bakebon- Live Cake,400,4.4,50,Parle Point,49,Desserts
128958,Old Washermanpet,Chennai,Shafi Sweets,400,4.3,50,Washermenpet,51,Snacks
88876,Navrangpura,Ahmedabad,Santushti - Shakes & More,400,4.2,50,Navrangpura,30,Desserts
85954,Mota Varachha,Surat,Laziz Pizza - Platinum Point,400,3.9,50,Sudama Chowk,66,Pizzas
84571,Maninagar,Ahmedabad,Hungry Birds,400,3.5,50,Near Bank Of Baroda,45,Indian
82798,Lal Darwaja,Ahmedabad,Bismillah,400,4,50,Laldarawaja,44,Desserts
81220,Vastrapur,Ahmedabad,Khana Khazana-Vastrapur,400,3.9,50,Vastrapur,46,Indian
81023,Chembur,Mumbai,Family Tree,400,3.7,50,Kurla,44,Indian
73861,Kothrud,Pune,Cafe Dreamland,400,3.8,50,Kothrud,48,Desserts
67724,Naktala,Kolkata,Azad Hind Dhaba,400,3.7,50,Naktala,41,Indian
59292,Ashok Nagar,Bangalore,Baskin Robbins,400,4.4,50,Triumph Towers,35,Desserts
20702,Erandwane,Pune,Supreme Snacks,400,4.2,50,Khilare Patil Road,47,Fast Food
8934,Royapettah,Chennai,Brunch,400,4.1,50,Mylapore,56,Snacks
448301,Vastrapur,Ahmedabad,Beijing Chicken Lollipops,400,4.4,50,Vastrapur,49,Chinese
441131,Camp,Pune,Merwans Cake Stop,400,4.1,50,Camp,40,Snacks
439141,Church Street,Bangalore,Biryani Blues,400,4.2,50,Central Bangalore,38,Biryani
437905,Rajouri Garden,Delhi,Wok On Fire,400,4.7,50,Rajouri Garden,76,Chinese
431996,Scruz Bandra East,Mumbai,Cafe Kokomo,400,5,50,Scruz Bandra East,46,Bengali
419306,Vastrapur,Ahmedabad,Hot Lee Chinese,400,4.6,50,Vastrapur,49,Chinese
405908,Indiranagar,Bangalore,Wowffles,400,4.1,50,Indira Nagar,57,Desserts
378154,Vastrapur,Ahmedabad,Smokin' Joe'S,400,3.8,50,Vastrapur,47,Italian
376436,Tagore Garden Extension,Delhi,Musafir By Imly,400,4,50,Rajouri Garden,73,Indian
374531,Ellisbridge,Ahmedabad,Jumboking Indian Burger,400,4,50,Navrangpura,29,Fast Food
361397,Sanjeeva Reddy Nagar,Hyderabad,Wowffles,400,3.7,50,Sr Nagar,79,Desserts
359061,Santacruz East,Mumbai,Hotel Mahesh Fine Dine,400,4.5,50,Scruz Bandra East,38,Indian
346301,Baranagar,Kolkata,Kalpanas Kitchen,400,4.2,50,North Dumdum,77,Indian
345023,Ghatkopar East,Mumbai,Birdy'S,400,4,50,Tilak Road,41,Desserts
342047,Chembur,Mumbai,Ayans House Of Kebab,400,4.1,50,Chembur,44,Chinese
339331,Powai,Mumbai,Panjabi Carkhana,400,3.4,50,Saki Naka,58,Indian
323595,Taltala,Kolkata,Anupama Cloud Kitchen,400,2.7,50,Entally Market,57,Indian
313650,Ghatkopar East,Mumbai,Itminaan Biryani - Dum Pukht,400,3.7,50,Ghatkopar (E),45,Biryani
311944,Punjabi Bagh,Delhi,Ancient Tawa,400,4.1,50,Punjabi Bagh,65,Indian
308680,Rohini,Delhi,Nine Dragon,400,3.7,50,Rohini,37,Chinese
304497,Himayatnagar,Hyderabad,Saara Veg,400,4.2,50,Himayath Nagar,36,Indian
249303,New Malakpet,Hyderabad,Melting Pot,400,3.7,50,Kothapet & Dilsukhnagar,43,Chinese
236435,Piplod,Surat,Starbucks Coffee,400,4.5,50,Dumas Road,53,Bengali
233053,Abids,Hyderabad,Firangi Bake,400,3.9,50,Abids,39,Italian
224429,Purasaiwakkam,Chennai,Firangi Bake,400,4.3,50,Purasaiwakkam,51,Italian
204330,Erandwane,Pune,Burger It Up,400,4.3,50,Kothrud,52,American
198342,Ponniammanmedu,Chennai,Red Chilly Kitchen,400,4,50,Perambur,71,Chinese
191798,Alwarpet,Chennai,Crust & Cheese Pizza,400,4.4,50,Alwarpet,72,Pizzas
162040,Kurla West,Mumbai,Cafe Sunlight,400,3.9,50,Kurla,33,Indian
143934,Sudhama Nagar,Bangalore,Hotel Revoli Inn,400,4,50,Shantinagar,38,Indian
140454,Saki Naka,Mumbai,Hunger Point,400,2.7,50,Marol Sakinaka,40,Fast Food
125148,New Rander Road,Surat,Super Tandoor,400,3.6,50,Rander,58,Fast Food
120638,Adajan,Surat,Sobis Diet Farm,400,4.8,50,Adajan Gam,52,Fast Food
119937,Kurla West,Mumbai,Royal Falooda,400,4,50,Kurla,31,Desserts
94908,Ghatkopar West,Mumbai,Decent Restaurant,400,3.8,50,Near Vikhroli Fire Station,54,Chinese
90842,Kalighat,Kolkata,Peep Inn,400,3.9,50,S.P. Mukherjee Road Southern Aveneu,74,Chinese
81725,Gopipura,Surat,Sagar Restaurant,400,3.4,50,New Textile Market,38,Tandoor
81574,Gopipura,Surat,Kasmiri Restaurant,400,3.6,50,Chowk Bazar,36,Chinese
74628,Vijayanagar,Bangalore,Swathi Greenland,400,4.4,50,Mc Layout,62,Chinese
65188,Taltala,Kolkata,Best Of Gupta'S,400,4.3,50,Beside Hotel Vip International,43,Indian
58070,Film Nagar,Hyderabad,Sofrehh Persian Bistro,400,4.1,50,Road Number 36,77,Fast Food
47696,Beleghata,Kolkata,Drumstick,400,4.2,50,Near Beliaghata Police Station,61,Indian
47137,Paschim Vihar,Delhi,Da Pizza Makers,400,3.4,50,Paschim Vihar,65,Pizzas
42439,Andheri East,Mumbai,Square Pizza,400,4.2,50,Marol,51,Pizzas
42265,Kurla,Mumbai,Sheetal Restaurant,400,4,50,Kurla,39,Indian
29851,Rohini,Delhi,Firangi Bake,400,4.1,50,Sector 8,46,Italian
28876,Bentinck St.,Kolkata,The Central Grub Club,400,4.4,50,Opp. Indian Airlines,38,Chinese
26814,Banashankari,Bangalore,Just Bake - Bakery Desserts Cakes & Confectioners,400,3.9,50,Hanumanthnagar,45,Desserts
26467,Bhowanipore,Kolkata,Asian Cloud Kitchen,400,4.7,50,Near Rabindra Sadan Metro Station,67,Chinese
26301,Mehdipatnam,Hyderabad,Italian Pizzeria Creamato,400,4.2,50,Gudi Malkapur Road,56,Italian
25312,Chennai,Chennai,Le Cafe Et Gateaux,400,4.1,50,Paper Mills Road,68,American
5989,Elgin,Kolkata,The Rouge,400,4.4,50,Near Bishop'S College  Kolkata,51,Desserts
5139,Shivajinagar,Pune,Smokin' Joe'S,400,4,50,Jm Road,35,American
324194,Santacruz East,Mumbai,Tejal'S Kitchen,400,4.4,500,Next To Raj Auto Garageyashwant Nagar Kalina,49,Gujarati
101420,Kalighat,Kolkata,Maharani,400,4.6,1000,Sarat Bose Road,57,Fast Food
94759,Basavanagudi,Bangalore,Roti Ghar,400,4.1,1000,Gandhi Bazar Main Road,48,Chinese
78514,Habsiguda,Hyderabad,Hotel Suprabhat Multi Cuisine Restaurant,400,4.1,500,Habsiguda X Roads,62,Chinese
56173,Sindhu Bhavan Road,Ahmedabad,Wok On Fire,400,4.1,500,Thaltej,48,Chinese
46728,Maninagar,Ahmedabad,Ms Food,400,3.9,1000,Maninagar,39,Fast Food
44605,Memnagar,Ahmedabad,Dinner Bell 2,400,4.1,500,Gurukul,47,Indian
36676,Navrangpura,Ahmedabad,Jugaad Nights,400,4.3,500,Navrangpura,35,Chinese
445869,Uppal,Hyderabad,Pista House Restaurant,400,4,500,Uppal,64,Biryani
406314,Chembur,Mumbai,Cafe Quba,400,4.1,1000,Chembur,45,Chinese
404427,Naranpura,Ahmedabad,La Pino'Z Pizza,400,4.3,500,Naranpura,39,Pizzas
402864,Himayath Nagar,Hyderabad,La Pino'Z Pizza,400,4,500,Himayath Nagar,33,Pizzas
400426,Salt Lake,Kolkata,Shanghai Social,400,4.2,1000,Salt Lake,62,Chinese
397630,Central Bangalore,Bangalore,Andhra Gunpowder,400,4.3,500,Central Bangalore,33,Andhra
395939,Paldi & Ambawadi,Ahmedabad,Kfc,400,4.2,500,Panchwati Cross,37,American
386195,Ruby Area,Kolkata,Hatari,400,4.3,500,Ruby Area,77,Chinese
376260,Nungambakkam,Chennai,Junior Kuppanna,400,4.1,1000,Nungambakkam,59,Biryani
376239,Santacruz East,Mumbai,Merwans Cake Stop,400,4.5,500,Scruz Bandra East,40,Snacks
367704,Narayanguda,Hyderabad,1441 Pizzeria,400,4.1,500,Himayath Nagar,33,Italian
361273,Saki Naka,Mumbai,Wendy'S,400,4.2,500,Andheri Kurka Road,51,American
357912,Old Washermanpet,Chennai,Kfc,400,4.1,1000,Royapuram Kalmandapam,59,American
307050,Koramangala,Bangalore,Call Me Chow,400,4.3,1000,Near Licious Koramangala Hub,56,Chinese
264420,Kothrud,Pune,Maskawala & Co.,400,4.4,500,Kothrud,49,Snacks
262087,Redhills,Hyderabad,Imperial Multi-Cuisine Restaurant,400,4,1000,Banjara Hills,39,Biryani
254049,Banashankari,Bangalore,Chinese Bae,400,3.7,500,Blr_Banashankari,51,Chinese
254021,Paschim Vihar,Delhi,Mcdonald'S,400,4.3,1000,Delhi Paschim Vihar,53,American
247717,Kalighat,Kolkata,Paradise Biryani,400,4.1,500,Southern Avenue,67,Biryani
242424,T. Nagar,Chennai,Paradise Biryani,400,4,1000,Thanikachalam Road,65,Biryani
203641,Andheri East,Mumbai,Wakka Makka Chinese,400,3.8,500,Marol Industrial Estate,51,Chinese
181091,Tiljala,Kolkata,Chaccha Jaan - Biryani Kebabs & Curries,400,4.1,500,Picnic Garden,67,Biryani
171298,Perambur,Chennai,Am Biryani,400,3.6,500,Jumbulingam Main Road G.K.M Colony,58,Biryani
171102,Lnt Mall Musarambagh,Hyderabad,Kfc,400,4,1000,Lnt Mall Musarambagh,35,American
141433,Shenoy Nagar,Chennai,The Fat Boy,400,4.4,500,Shenoy Nagar,59,Italian
137284,Yakutpura,Hyderabad,Lazzat Restaurant,400,4,1000,Charminar,47,Biryani
125535,Sayedpura,Surat,Super Seekh Paratha And Chinese,400,4.1,500,Shahpore,38,Fast Food
124165,Banjara Hills,Hyderabad,Starbucks Coffee,400,4.2,500,Gvk1 Mall,58,Bengali
106763,Kurla West,Mumbai,Rangoon Zaika,400,3.6,500,Kurla,33,Indian
105657,Chembur,Mumbai,Chembur Gymkhana (Phase 1),400,4.2,1000,Chembur,52,Indian
101751,Koramangala,Bangalore,Fiero! Pizzeria,400,3.9,500,Koramangala,57,Pizzas
100721,Khatodra Wadi,Surat,Mcdonald'S,400,4.3,500,Reliance Mall,33,American
88711,Old Washermanpet,Chennai,Nizam Biryani Catering,400,4.2,500,Royapuram,56,Biryani
88440,Ghansi Bazaar,Hyderabad,Hotel Shadab,400,4.1,5000,High Court Road,37,Biryani
76702,Egmore,Chennai,The Red Box,400,4,500,Egmore,38,Chinese
73682,Sector 7 Rohini,Delhi,Biryani Blues,400,4.1,500,Rohini,38,Biryani
67575,Thousand Lights,Chennai,Savoury Sea Shell,400,4.3,1000,Egmore,47,Arabian
63048,Pulikeshi Nagar,Bangalore,Sharief Bhai,400,4.1,1000,M.M Road,48,Biryani
59864,Thousand Lights,Chennai,Palm Jumeira,400,3.9,500,Royapettah,45,Indian
52767,Saki Naka,Mumbai,Kfc,400,4.3,1000,Sakinaka,41,American
49939,Aminjikarai,Chennai,Deen Biryani,400,3.8,1000,Arumbakkam,54,Biryani
43836,Ashok Nagar,Bangalore,Mcdonald'S,400,4.2,500,Kasturba Road,28,American
43185,Egmore,Chennai,Palmshore,400,4,1000,Egmore,44,Arabian
37972,Anna Salai,Chennai,Mcdonald'S,400,4.3,1000,Spencer,38,American
37689,Ellisbridge,Ahmedabad,Mcdonald'S,400,4.3,500,Cg Road,29,American
37272,Ramdev Nagar,Ahmedabad,Fire On Wheels,400,4.3,500,Food Truck Park,47,Fast Food
32499,Khar West,Mumbai,Rajasthan,400,4,500,Sv Road,52,Biryani
32399,Santacruz East,Mumbai,Mcdonald'S,400,4.3,1000,Kalina Artista,34,American
30529,Pulikeshi Nagar,Bangalore,Karama,400,4.2,500,Pulikeshi Nagar,58,Arabian
29540,Santacruz East,Mumbai,China Bite,400,4,500,Santacruz East,30,Chinese
27677,Ashok Nagar,Bangalore,Leon Grill,400,4.4,1000,St Mark'S Rd,32,Arabian
25251,Punjagutta,Hyderabad,Meridian Restaurant,400,4.1,5000,Panjagutta Main Road,53,Biryani
24162,Rohini,Delhi,Domino'S Pizza,400,4.3,500,Nn Mall Sector- 3,30,Pizzas
23777,Mukti Nagar,Mumbai,Shivsu Chinese Restuarant,400,4.2,500,Mumbai,52,Chinese
23719,Shivajinagar,Pune,Mcdonald'S,400,4.3,1000,Jm Road,34,American
23707,Himayatnagar,Hyderabad,Mcdonald'S,400,4.2,1000,Himayat Nagar,33,American
23151,Erandwane,Pune,Pk Biryani House Main Branch (Mhatre Bridge),400,4,500,Karve Nagar,40,Biryani
22820,Sinthee,Kolkata,Foodpath,400,4.1,500,Kali Charan Ghosh Road,74,Italian
18087,Kothrud,Pune,Golden Dragon,400,4.1,500,Near Karve Putala,59,Chinese
17629,New Tippasandra,Bangalore,Chakum Chukum,400,4.3,1000,Michael Palaya,56,Chinese
17304,Ganganagar,Bangalore,Kfc,400,3.9,1000,Rt Nagar Main Road,53,American
17150,Annanagar East,Chennai,Southern Chinese Restaurant,400,3.9,500,Anna Nagar East,61,Chinese
16493,Kalighat,Kolkata,Overdose,400,3.9,500,Near Tea Trove-Desapriya Park,70,Chinese
15963,T. Nagar,Chennai,New Andhra Meals Hotel,400,4.4,500,T Nagar,69,Andhra
12952,Ballygunge,Kolkata,Zeeshan Park Circus,400,4.1,500,Near 7 Point Crossing,63,Desserts
10094,Pulikeshi Nagar,Bangalore,Delicacy,400,4.2,500,Cox Town,56,Chinese
4087,Erandwane,Pune,Aroma'S Hyderabad House - Karve Road,400,4.2,500,Karve Road,35,Biryani
3439,Golpark,Kolkata,The Grub Club,400,4.3,1000,Golpark,69,Italian
2047,Aundh,Pune,Hyderabadi Spice,400,4.2,1000,Parihar Chowk,58,Biryani
1590,Banjara Hills,Hyderabad,Sarvi Restaurant,400,4.1,5000,Road 11,56,Biryani
1547,Masab Tank,Hyderabad,Dine Hill,400,4.1,500,Ahmed Nagar,49,Arabian
436908,Kalyani Nagar,Pune,Amritsari Kulcha And Delhi'S Chaap,500,4.1,50,Kalyani Nagar,58,Indian
180310,Lake Town,Kolkata,Urban Masala,500,4.3,1000,Lake Town,68,Indian
93521,Adajan,Surat,Chalman Exotic Locho & Khaman,500,4.2,50,Adajan Patiya,50,Fast Food
87270,New Magdalla,Surat,Kinaara - The Cafe,500,4.2,50,Dumas Road,61,Fast Food
65590,Ellisbridge,Ahmedabad,Spice Zone,500,4.4,50,Ellis Bridge,33,Indian
54742,Vastrapur,Ahmedabad,Kesar Foods,500,4.3,500,Vastrapur,44,Indian
53981,Chanakyapuri,Ahmedabad,Brick Kitchen - Five Petals,500,4.4,50,Ghatlodia,47,Indian
48056,Asalpha,Mumbai,Cheelizza- India Ka Pizza,500,4.2,500,Marol,53,Italian
39400,Gandhi Nagar,Bangalore,South Ruchis Square,500,4.2,50,Majestic,48,Biryani
37478,Prahlad Nagar,Ahmedabad,The Dark Roast,500,4.6,50,Prahlad Nagar,47,Snacks
14912,Egmore,Chennai,Mathsya - (Egmore),500,4.3,1000,Egmore,36,Snacks
451489,Navrangpura,Ahmedabad,Wok On Fire - Indo Chinese - Pan Asian,500,4.8,50,Navrangpura,40,Chinese
431828,Tarnaka Nacharam & Malkajigiri,Hyderabad,Soul Kitchen,500,4.1,50,Tarnaka Nacharam & Malkajigiri,71,Chinese
428272,Saki Vihar Road,Mumbai,That Pizza Place,500,4.3,50,Opposite Lighthouse Building,53,Pizzas
426730,Central Bangalore,Bangalore,Theobroma,500,4.5,500,Central Bangalore,33,Desserts
412802,Perambur,Chennai,The Biryani Experiment,500,3.6,50,Perambur,56,Biryani
408587,L.B Nagar,Hyderabad,Mr Chef Mandi House,500,3.5,50,Kothapet & Dilsukhnagar,59,Arabian
406154,Tarnaka Nacharam & Malkajigiri,Hyderabad,Kritunga Restaurant,500,3.7,500,Tarnaka Nacharam & Malkajigiri,59,Biryani
404553,Rohini,Delhi,That Pizza Place,500,4,50,Rohini,36,Pizzas
395765,Kothapet & Dilsukhnagar,Hyderabad,Potful - Claypot Biryanis,500,4,500,Kothapet & Dilsukhnagar,77,Biryani
395356,Athwa,Surat,Mcdonald'S Gourmet Burger Collection,500,4.2,50,Reliance Mall,34,American
395261,Navrangpura,Ahmedabad,Mcdonald'S Gourmet Burger Collection,500,4.4,50,Cg Road,30,American
393706,Santoshnagar & Saidabad,Hyderabad,Pista House Restaurant,500,4.1,500,Santoshnagar & Saidabad,48,Tandoor
387335,Koramangala,Bangalore,Biryani By Kilo,500,4.1,500,Koramangala,72,Biryani
377576,Alwarpet,Chennai,Svah Express,500,4.2,50,Alwarpet,77,Indian
376914,Somajiguda & Khairtabad,Hyderabad,Theobroma,500,4.6,500,Somajiguda & Khairtabad,52,Desserts
364811,T. Nagar,Chennai,Khalids Biriyani,500,4,500,T Nagar,66,Biryani
361866,Domlur,Bangalore,Peetuk,500,4,1000,Indiranagar,53,Bengali
359545,Andheri East,Mumbai,Pizza Mania,500,3.2,50,Marol Sakinaka,52,Pizzas
358147,Santacruz East,Mumbai,Meraki,500,4.1,1000,Scruz Bandra East,33,Chinese
355443,Chembur,Mumbai,Chinese Culture - By Singh Saab,500,4,50,Chembur,54,Chinese
347909,Abids,Hyderabad,Gullu Dada'S Biryani,500,3.8,50,Somajiguda & Khairtabad,27,Biryani
322880,Baner,Pune,The Biryani Experiment,500,4.3,50,Baner,68,Biryani
321164,Bidhannagar,Kolkata,Saptapadi,500,4.2,500,Salt Lake,57,Bengali
305843,Koramangala,Bangalore,That Pizza Place,500,4.3,50,Nanjappa Reddy Layout Koramangala,55,Pizzas
299656,Bidhannagar,Kolkata,Hatari,500,4.5,500,Salt Lake,73,Chinese
274910,Beniapukur,Kolkata,Green Olive,500,4.1,50,Esplanade,60,Indian
253448,Kotturpuram,Chennai,Pizzeria By Ciclo,500,4.1,50,Kotturpuram,74,Pizzas
249135,Sakivihar,Mumbai,The Biryani Experiment,500,4.1,50,Sakivihar,52,Biryani
243172,Shivajinagar,Pune,Boss Burger,500,4,50,Fc Road,45,American
242145,Salt Lake,Kolkata,Calcutta King,500,4.1,50,Salt Lake City Sector 2,59,Chinese
240742,New Malakpet,Hyderabad,Mandi King Arabian Restaurant,500,3.9,1000,Kurmagudasaidabad Main Road,33,Arabian
235817,Bkc,Mumbai,Boss Burger,500,3.6,50,Bandra Kurla Complex,43,American
233819,Chembur,Mumbai,Traditional Chinese,500,3.8,50,Chembur,61,Chinese
225317,Rohini,Delhi,La Pino'Z Pizza,500,3.9,1000,Dc Chowk,45,Pizzas
203758,Bandra East,Mumbai,Jamai Shoshthi,500,4.2,500,Scruz Bandra East,44,Bengali
182824,Banjara Hills,Hyderabad,Feranoz,500,4.4,500,Zahara Nagar Banjara Hills,59,Desserts
159235,Gandhi Nagar,Bangalore,Fishland,500,4.4,50,Majestic,44,Seafood
136394,Baranagar,Kolkata,24 Grains,500,4.2,50,North Dumdum,66,Indian
123985,Srirampura,Bangalore,Hyderabad Biriyani House,500,4.2,500,Malleshwaram,46,Biryani
117454,Kurla,Mumbai,Mahesh Lunch Home & Bar,500,4.3,50,Kurla,41,Indian
108565,Khar West,Mumbai,Fat Kongg,500,4.2,50,Bandra West,54,Chinese
105822,Kondhwa,Pune,Spice Culture,500,4.1,50,Nibm,68,Chinese
82375,Vadgaon Budruk,Pune,Hotel Lazeez,500,3.9,50,Narhe,81,Seafood
76997,Govandi East,Mumbai,Badri'S,500,4.3,50,Chembur,57,Indian
76601,Banjara Hills,Hyderabad,Skypark Cafe,500,4,500,Road No 12,61,Snacks
68055,Matunga,Mumbai,Classic Fast Food,500,4.3,500,Matunga East,53,Indian
62679,Anna Nagar,Chennai,Ambur Star Briyani,500,4.3,1000,Near Tower Park,58,Biryani
56491,Andheri East,Mumbai,Sangeeta'S Kitchen,500,3.8,50,Chakala,66,Indian
48948,Nagole,Hyderabad,The Chocolate Room,500,3.7,50,Arunodaya Nagar Colony,76,Desserts
46650,Seshadripuram,Bangalore,Richie Rich,500,4.4,500,4Th Phase Yelahanka,36,Desserts
43958,Chanchalguda,Hyderabad,Hotel Sohail Waves,500,4.1,1000,Officers Colony,27,Arabian
40469,Pulikeshi Nagar,Bangalore,The Deagh,500,4.1,500,Mm Road,46,Indian
36862,Koramangala,Bangalore,Dice N Dine,500,4,500,Jyothi Nivas College Road,57,American
31561,Bidhannagar,Kolkata,Mrs. Magpie,500,4.2,500,Near City Centre,50,Snacks
27405,Andheri East,Mumbai,Apna Dhaba,500,4.4,50,Near Marol Pipeline,55,Indian
24997,Powai,Mumbai,Mangalore Tadka,500,4.3,1000,Chandivali,50,Chinese
21785,Vadapalani,Chennai,The Waterfall Restaurant,500,3.9,50,Vadapalani,80,Indian
21739,Chembur,Mumbai,Cafe Udipi,500,4.3,1000,Chembur,45,Fast Food
20653,Basavanagudi,Bangalore,Cafe Mondo,500,4.4,50,Armugam Circle,52,Pizzas
20637,Banashankari,Bangalore,Szechuan Dragon,500,4.1,500,Mount Joy Road,57,Chinese
20510,Machuabazar,Kolkata,Mushroom,500,4.4,50,Oposite Hedua Park,44,Indian
18987,Indiranagar,Bangalore,Nandhana Palace,500,4.1,500,Amarjyothi Layout,58,Biryani
18114,Shyambazar Crossing,Kolkata,Anir'S,500,4.2,500,Shyambazar Crossing,55,Indian
17346,Huda Complex,Hyderabad,Papadams Restaurant,500,3.8,1000,Kothapet Road,54,Biryani
17345,Huda Complex,Hyderabad,Papadams Blue,500,3.9,1000,Kothapet Cross Road,53,Biryani
17182,Nagole,Hyderabad,Amaravathi Family Restaurant,500,4.1,500,Nagole Road,69,Indian
16107,Ballygunge,Kolkata,Kasturi Restaurant,500,4.3,500,Near Spencers Gariahat,72,Bengali
15666,Rohini,Delhi,Behrouz Biryani,500,4.2,500,Sector 8,38,Biryani
15012,Lake Town,Kolkata,The Pind Punjabi Dhaba,500,4.3,500,Near Reiance Fresh,75,Punjabi
14017,Thousand Lights,Chennai,Haagen Dazs,500,4.2,50,Palavakkam,47,Desserts
13179,Kothapet,Hyderabad,Kritunga Restaurant,500,4,1000,Dilsukhnagar Main Road,49,Biryani
12953,College Square,Kolkata,Food Station College Street,500,4.5,50,Opp. Medical College Gate No. 1,39,Indian
11553,Habsiguda,Hyderabad,Suruchi - The Family Restaurant,500,4.2,500,Habsiguda Circle,58,Biryani
10362,Shyam Bazar,Kolkata,Aminia- Hatibagan,500,4.3,1000,Near Northland Nursing Home,50,Biryani
10113,Anna Nagar,Chennai,Coco Jaunt 1728,500,4.3,50,4Th Main Road,68,Snacks
10062,Somajiguda,Hyderabad,Kritunga Restaurant,500,4,1000,Somajiguda,52,Biryani
9368,Alwarpet,Chennai,Sachin Ka Dhabba,500,4.1,50,Cenetoph Road,69,Punjabi
8856,Thousand Lights,Chennai,Ox & Tomato,500,4.4,50,Opp To Ather Bike Showroom,55,Italian
8175,Paschim Vihar,Delhi,Chawla Kitchen,500,3.8,500,Punjabi Bagh,48,Chinese
6075,Paschim Vihar,Delhi,London Grill Co,500,4,1000,Paschim Vihar,50,American
4430,Beniapukur,Kolkata,Shiraz Golden Restaurant,500,4.4,1000,Park Street,52,Biryani
3022,Gariahat,Kolkata,Aminia Restaurant- Golpark,500,4.3,1000,Ballygunge Gardens,67,Biryani
2777,Adarsh Nagar,Hyderabad,Ohri'S Ming'S Court,500,4,1000,New Mla Quarters,39,Chinese
402771,Salt Lake,Kolkata,Teekha,500,4.3,20,Salt Lake,68,Indian
396843,Jadavpur,Kolkata,The Cheesecake Factory,500,4.3,20,Jadavpur,83,Chinese
334023,Ellisbridge,Ahmedabad,Danny'S Coffee Bar,500,3.6,20,Navrangpura,35,Fast Food
157690,New Magdalla,Surat,The Green Kitchen,500,4.2,20,Luxuria Dumas Road,63,Fast Food
104306,Shivajinagar,Pune,Green Signal.,500,4.4,20,Deccan Gymkhana,44,Chinese
86595,Navrangpura,Ahmedabad,Wah,500,4.2,20,C G Road,32,Pizzas
68204,Naranpura,Ahmedabad,Prince Restaurant (Naranpura),500,4.3,20,Naranpura,39,Chinese
50343,Bkc,Mumbai,Snaxx,500,5,20,Bkc,44,Snacks
27990,Raviwar Peth,Pune,Hotel Yatrik,500,4,20,Swargate,30,Indian
443086,Rohini,Delhi,Nirula'S,500,4.2,20,Rohini,39,Desserts
442532,Cg Road,Ahmedabad,Boss Burger,500,3.9,20,Cg Road,44,American
437003,Central Bangalore,Bangalore,Carols Pastries & Bakers,500,4.5,20,Central Bangalore,45,Snacks
435514,Central Kolkata,Kolkata,Salt,500,4.5,20,Central Kolkata,59,Chinese
435226,Powai,Mumbai,Biryani Bowl,500,4.2,20,Powai,61,Biryani
431976,Central Kolkata,Kolkata,Cocoa Bakery,500,4.2,20,Central Kolkata,55,Snacks
431808,Smarpally Kestopur,Kolkata,The Crabberia,500,4.1,20,Salt Lake,90,Seafood
430458,Kothrud,Pune,Oasis The Royal Biryani,500,3.6,20,Kothrud,60,Biryani
427422,Central Bengalore,Bangalore,Zed The Baker,500,4,20,Museum Road,34,Italian
427280,Chembur,Mumbai,Get In My Belly,500,5,20,Chembur,58,Indian
425785,Vastral,Ahmedabad,The Lio' Pizza,500,4.3,20,Vastral,75,Pizzas
414694,Jayanagar,Bangalore,Piazza Pizza By Little Italy,500,3.8,20,7Th Block Jayanagar,53,Pizzas
413614,Appa Balwant Chowk Pune,Pune,Madhur Pure Veg,500,3.9,20,Pcmc,33,Chinese
411384,Vastral,Ahmedabad,The Fusion Pizza,500,4,20,Vastral,74,Pizzas
410832,Srinivas Towers,Chennai,Haka,500,4.3,20,Srinivas Towers,70,Chinese
409930,Ashok Nagar,Bangalore,Simpli Namdhari,500,4.4,20,Ashok Nagar,46,Chinese
408266,Aundh,Pune,Crazy Cheesy (Aundh),500,4.2,20,Aundh,65,American
401500,Nungambakkam,Chennai,Al Baik,500,3.3,20,Nungambakkam,40,Indian
390417,Koramangala,Bangalore,The Naati Bar And Kitchen,500,4.2,20,Koramangala,61,Indian
381309,Piplod,Surat,La Festa,500,3.7,20,Vesu,58,Pizzas
373277,Ghatkopar West,Mumbai,Shahi Restaurant,500,3.5,20,Ghatkopar Vikhroli,43,Chinese
367381,Dilsukhnagar,Hyderabad,Monginis,500,3.8,20,Kothapet & Dilsukhnagar,40,Snacks
361549,Anna Nagar West Extension,Chennai,Kobe Sizzlers,500,4.5,20,Annanagar,89,Chinese
337020,Koregaon Park,Pune,Crazy Noodles,500,3.8,20,Koregaon Park,55,Chinese
327900,Gobra,Kolkata,Behnam,500,3.7,20,Tangra,75,Biryani
326236,Ballygunge,Kolkata,Asian Deli,500,4.1,20,South Kolkata,78,Indian
305444,Garfa,Kolkata,"Spice	Of	Joy",500,4.3,20,Santoshpur,86,Indian
291978,Jayanagar,Bangalore,Guntur Spice,500,4.3,20,Jayanagar,44,Indian
250978,Wanowrie,Pune,Sugren Homemade Non Veg,500,4.1,20,Fatima Nagar,72,Indian
246810,Rajajinagar,Bangalore,Cake Pastries,500,3.9,20,Rajajinagar,58,Snacks
222893,Jodhpur Park,Kolkata,Brewbakes Cafe Jodhpur Park,500,4.4,20,Jadavpur,84,American
198575,Dharavi,Mumbai,New Bismillah Restaurant,500,3.3,20,Sion Bhakti Park,49,Indian
192846,Ghatkopar West,Mumbai,Sundeep Hotel,500,4.2,20,Ghatkopar Vikhroli,49,Chinese
122437,Teynampet,Chennai,The Bark,500,4.6,20,Maharaja Surya Rao Road,62,Italian
114176,Saki Naka,Mumbai,The Spot.,500,2.8,20,Marol,46,Fast Food
57856,Anna Nagar,Chennai,Superstar Pizza,500,4.2,20,Anna Nagar,67,Pizzas
45843,Chembur,Mumbai,Cafe Alvi,500,3.6,20,Govandi,52,Snacks
43634,Bopodi,Pune,Rosso Bianco,500,4.8,20,Aundh,57,Italian
41079,Sion,Mumbai,Chef Kitchen,500,3.8,20,Sion,59,Indian
32709,Bandra East,Mumbai,Garam Masala Rest-O-Bar,500,3.9,20,Bandra East,47,Chinese
24064,Bidhannagar,Kolkata,Rendezvous - Monotel,500,4.4,20,Near Wipro Gate 4,76,Italian
23210,Chetpet,Chennai,Cafe Adoniya,500,4.3,20,Spurtank Road,46,Snacks
22399,Nungambakkam,Chennai,Movenpick Ice Cream Boutique,500,4.5,20,Nungambakkam High Road,46,Desserts
15071,Wanowrie,Pune,The Fat And The Sexy Chef,500,3.9,20,Kedari Petrol Pump,78,American
441714,Bhagal,Surat,La Pino'Z Pizza,500,4.1,100,Athwa,46,Pizzas
239676,Kilpauk,Chennai,Swaad Punjab Ka,500,4.1,100,Kilpauk,46,Punjabi
93153,Adajan,Surat,99 Pancakes,500,4.5,100,Nr Star Bazar,45,Desserts
62239,Ramgopalpet,Hyderabad,China Express & Sizzling Joe,500,4,100,Sindhi Colony  Minister Road,61,Chinese
39109,Kilpauk,Chennai,Little North,500,4.3,100,Kilpauk,53,Chinese
16469,Mylapore,Chennai,Vrindavan,500,4.5,100,Mylapore,53,Chinese
444178,Indiranagar,Bangalore,Magnolia Bakery,500,4.6,100,Indiranagar,54,Desserts
433800,Lower Parel Area,Mumbai,1441 Pizzeria,500,3.9,100,Matunga Police Station,58,Italian
415789,Paldi & Ambawadi,Ahmedabad,The Lio' Pizza,500,4,100,Paldi & Ambawadi,32,Pizzas
399267,Himayath Nagar,Hyderabad,Swiss Castle,500,4.6,100,Himayath Nagar,28,Snacks
396742,Shantinagar,Bangalore,Behrouz Biryani,500,4.3,100,Residency Road,48,Biryani
394784,Shivaji Nagar,Pune,Theobroma,500,4.6,100,Shivaji Nagar,32,Desserts
394591,Salt Lake,Kolkata,The Asian Flare,500,4.4,100,Salt Lake,81,Chinese
383485,Tarnaka Nacharam & Malkajigiri,Hyderabad,Manu S Kitchen,500,4.1,100,Tarnaka Nacharam & Malkajigiri,68,Chinese
382861,Malleshwaram,Bangalore,Hotel Moonlight,500,4.1,100,Malleshwaram,53,Indian
378921,Marol Sakinaka,Mumbai,Orange Cakes And Bakers,500,4.1,100,Marol Sakinaka,48,Snacks
369202,Indiranagar,Bangalore,Rumi,500,4,100,Indiranagar,61,Indian
361692,T. Nagar,Chennai,Pulusu T Nagar,500,3.9,100,T Nagar,70,Andhra
359779,Bidhannagar,Kolkata,Plateonic,500,4.4,100,Salt Lake,72,Chinese
335168,Anna Nagar,Chennai,Orange Wok,500,4,100,Annanagar,70,Chinese
332553,Ballygunge,Kolkata,Blu Orchid,500,4.4,100,South Kolkata,75,Chinese
324201,Beleghata,Kolkata,Behrouz Biryani,500,4.2,100,Beliaghata,55,Biryani
322886,Pitam Pura,Delhi,The Biryani Experiment,500,4.3,100,Rohini,36,Biryani
316429,Koramangala,Bangalore,The Circle Dream,500,4.4,100,Koramangala,64,Pizzas
303850,Kurla West,Mumbai,Janata Tawa And Grill,500,4.2,100,Kurla,32,Indian
298655,Shivajinagar,Pune,Haka,500,4.5,100,Pyramid Mall,52,Chinese
276859,Wanowrie,Pune,Magic Mikes  Burger Therapy,500,4.4,100,Kondhwa,70,Snacks
270210,Drive In Road,Ahmedabad,Cake Dengo Cake Shop,500,4.1,100,Gurukul Rod,50,Desserts
270043,Navrangpura,Ahmedabad,Little French House - Bakery & Cafe,500,4.2,100,Navrangpura,44,Snacks
246835,Egmore,Chennai,China Town,500,4.5,100,Egmore,37,Chinese
233248,Matunga,Mumbai,Breakfast Bistro,500,4,100,Matunga Wadala,58,American
233051,Abids,Hyderabad,Behrouz Biryani,500,3.8,100,Abids,36,Biryani
230976,Indiranagar,Bangalore,The Biryani Experiment,500,3.9,100,Indiranagar,52,Biryani
229279,Erandwane,Pune,Behrouz Biryani,500,4.2,100,Erandwane,45,Biryani
224427,Purasaiwakkam,Chennai,Behrouz Biryani,500,4.2,100,Purasaiwakkam,48,Biryani
193541,Adajan Patiya,Surat,Behrouz Biryani,500,4.4,100,Nr Navyug College Rander Road,51,Biryani
165286,Baranagar,Kolkata,Dhaka Biryani House,500,4.1,100,North Dumdum,64,Biryani
153046,Himayatnagar,Hyderabad,Huber & Holly,500,4.2,100,Himayath Nagar,28,Pizzas
137675,Koregaon Park,Pune,Huber & Holly,500,4.6,100,Koregaon Park,45,Desserts
135887,Dhankawadi,Pune,New Arabian Grills,500,4,100,Bharti Vihar,69,Arabian
108561,Powai,Mumbai,Temptationz Cakes & More,500,3.9,100,Powai,59,Desserts
99297,Paldi,Ahmedabad,Pickmeal,500,4.2,100,Ellisbridge,28,Indian
93430,Adajan,Surat,Veera'S Kitchen,500,4.2,100,Opp Income Tax Office,48,Biryani
90466,Andheri East,Mumbai,Gluttony,500,4,100,Marol,56,Snacks
83839,Ballygunge,Kolkata,Cocoa Bakery- Ballygunge,500,4.5,100,Dr Amiya Bose Sarani Road,52,Desserts
67652,Kalighat,Kolkata,Chilly Culture,500,4.3,100,Southern Avenue,74,Chinese
66509,Santacruz East,Mumbai,Thotrin Cafe,500,4.4,100,Santacruz East,39,Indian
61597,Seshadripuram,Bangalore,Sagar Restaurant,500,4.3,100,Majestic,54,Chinese
55531,Jayanagar,Bangalore,Andhra Ruchulu,500,4.2,100,3Rd Block,47,Andhra
52533,Karve Nagar,Pune,Fish Land,500,3.9,100,Kothrud,58,Seafood
52463,Shivaji Nagar,Bangalore,Utse Kitchen,500,4.2,100,Commercial Street,51,Chinese
52368,Wadgaon Sheri,Pune,Burger 11,500,4.5,100,Wadgaon Sheri,72,American
51329,Ballygunge,Kolkata,Minihut,500,4.6,100,Ballygunge,69,Chinese
50148,University Area,Ahmedabad,Upper Crust,500,4.3,100,Navrangpura,44,Indian
48146,Andheri East,Mumbai,Eva'S Pizza,500,4,100,Marol,50,Pizzas
46127,Kalighat,Kolkata,Taste-Ride,500,3.9,100,Kavi Bharati Sarani,75,Chinese
38467,Sastri Nager,Chennai,Madras Biriyani,500,3.9,100,Vysarpadi,53,Biryani
37739,Kondhwa,Pune,Jashn,500,4,100,Salunkhe Vihar Road,66,Indian
37684,Ellisbridge,Ahmedabad,Behrouz Biryani,500,4.2,100,Panchvati Ellis Bridge,33,Biryani
37352,Lal Bazar,Kolkata,The Bhoj Company,500,4.3,100,Near Bbd Bagh Bus Stand,49,Bengali
31017,Kothrud,Pune,La Gustosa,500,4.2,100,Kothrud,54,Italian
23548,Chembur,Mumbai,Lucky Restaurant (Chembur),500,4.3,100,Sion Trombay Road  Diamond Garden Chembur,49,Biryani
21921,Beleghata,Kolkata,Dinner House,500,4.4,100,Near Beleghata Police Station,57,Indian
20513,Shobhabazar,Kolkata,Fusion,500,4.6,100,Near Star Theatre,44,Indian
17906,West Mambalam,Chennai,Chop 'N' Stix,500,4.3,100,Ashok Nagar,77,Chinese
17895,Tiljala,Kolkata,Red Bamboo Shoot Restaurant,500,4.1,100,Near Sd Academy,63,Chinese
17376,Ashok Nagar,Bangalore,Glen'S Bakehouse,500,4.3,100,Lavelle Road,34,Desserts
17155,Chennai,Chennai,Olive And Basil,500,3.8,100,Egmore,37,Chinese
17118,Ashok Nagar,Bangalore,Church Street Social,500,4.2,100,Church Street Road,38,Indian
16640,Santacruz East,Mumbai,Behrouz Biryani,500,4.1,100,Kalina,34,Biryani
16637,Bandra Area,Mumbai,Capital Social,500,4.3,100,Bandra Area,46,Indian
16102,Taltala,Kolkata,Kasturi Restaurant,500,4.1,100,Near New Market,59,Bengali
13506,Thousand Lights,Chennai,Rangi'S,500,4.3,100,Nungumbakkam,53,Chinese
9777,Near Rupbani Cinema,Kolkata,Koshe Kosha-Hatibagan,500,4.4,100,Near Rupbani Cinema,43,Bengali
8751,Kankurgachi,Kolkata,Caafe 360 Degree- Kakurgachi,500,3.9,100,C.I.T. Road,59,Italian
8501,Alwarpet,Chennai,Dhabba Express,500,4,100,Cenotaph Road,62,Punjabi
6723,Deccan Gymkhana,Pune,Spring Onion,500,4.3,100,Bhandarkar Road,39,Chinese
6358,Nandanam,Chennai,Eatalica,500,4.5,100,Ra Puram,69,Italian
5994,Bidhannagar,Kolkata,The Darjeeling,500,4,100,Near City Centre 1,73,Chinese
4841,Karve Nagar,Pune,Cheesiano Pizza,500,3.9,100,Karvenagar,52,Italian
3018,Gariahat,Kolkata,Tero Parbon,500,4.3,100,Purna Das Road Hindustan Park,72,Bengali
2827,Richmond Town,Bangalore,In Wok,500,4.3,100,Richmond,44,Chinese
425514,Umra Jakat,Surat,Natural Ice Cream,150,4.6,100,Umra Jakat,44,Desserts
383786,Kothrud,Pune,New Kalyan Bhel,150,4.4,100,Kothrud,60,Snacks
382460,Himayath Nagar,Hyderabad,Venkateshwara Fast Food,150,3.9,100,Himayath Nagar,27,Indian
335325,Abids,Hyderabad,Natural Ice Cream,150,4.3,100,Abids,33,Desserts
321086,Maninagar,Ahmedabad,Bread Meal - Fast Food Corner,150,3.9,100,Maninagar,46,Pizzas
289548,Malleshwaram,Bangalore,New Agarwal Bhavan,150,4.2,100,Malleshwaram,51,Snacks
286573,Narotam Nagar,Surat,Apsara Ice Creams,150,4.4,100,Adajan,34,Desserts
263962,Navrangpura,Ahmedabad,Apsara Ice Creams,150,4.6,100,Lokhandwala Market,30,Desserts
247275,Santacruz East,Mumbai,Shreenath Sweets Snacks And Farsan,150,4.1,100,Shastri Nagar,34,Desserts
221197,Udhna,Surat,Nv Fastfood,150,4,100,Udhna,26,Fast Food
202836,Santacruz East,Mumbai,Hangout Cakes & More,150,4.2,100,Scruz Bandra East,28,Snacks
174954,Sector 8 Rohini,Delhi,Standard Rabri Faluda And Shakes,150,4.3,100,Sector-8 Pradeep Bhatia Marg,30,Desserts
153962,Naranpura,Ahmedabad,Maharaj Samosa Center,150,3.9,100,Ankur Char Rasta,40,Snacks
146006,Sanjay Nagar,Surat,Hotel Shiv Shakti,150,3.6,100,Sardar Market,49,Punjabi
139468,Bhowanipore,Kolkata,Punjabi Paratha,150,4.4,100,Bhowanipur,60,Indian
132911,Purasaiwakkam,Chennai,Akshaya Veg Restaurant,150,3.9,100,Purasawalkam,45,Indian
129549,Vesu,Surat,Uncle Momos,150,3.4,100,Um Road Vesu,38,Fast Food
129390,Navrangpura,Ahmedabad,Jay Bhavani Vadapav,150,3.8,100,C G Road,36,Fast Food
124728,Feelkhana,Hyderabad,Jashan Juice And Pizza One,150,4.2,100,Begum Bazaar,32,Bengali
114912,Paldi,Ahmedabad,Paldi Juice Corner,150,4.1,100,Paldi,25,Bengali
97272,Shivajinagar,Pune,Ramsar Bakery,150,4.1,100,Shivaji Nagar,27,Desserts
87404,Begampura,Surat,Creamy Heaven,150,4.2,100,Kotsafil Road,29,Desserts
74651,Narotam Nagar,Surat,A One Cold Coco,150,4.1,100,Nr Gujarat Gas Circle,35,Bengali
71172,Gopipura,Surat,A One Coco,150,4.1,100,Bhagatalav,34,Desserts
70946,Erandwane,Pune,Shaukeen - The Complete Paan Shop,150,4.7,100,Erandwane,34,Desserts
70345,Vesu,Surat,Shakes & Scoops Vesu,150,4.3,100,Safal Square Vesu,46,Desserts
61033,Santacruz East,Mumbai,Sai Krupa Bhelpuri House,150,4.2,100,Santacruz (East),46,Snacks
59590,Basavanagudi,Bangalore,South Kitchen,150,4.5,100,Basavanagudi,53,Fast Food
58832,Naranpura,Ahmedabad,The Waffle Co,150,3.2,100,Chandkheda,40,Desserts
58396,Santacruz East,Mumbai,Apsara Ice Creams,150,4.6,100,Cst Road,24,Desserts
53037,Dhankawadi,Pune,Raju Uncle'S Chole Bhature,150,4.1,100,Katraj,65,Punjabi
51056,Pitam Pura,Delhi,Singhs Vada Pav,150,4.2,100,Opposite M2K Cinema,49,Fast Food
50236,Periyamet,Chennai,Bombay Kulfi,150,4.6,100,Vepery,28,Desserts
37953,Navrangpura,Ahmedabad,Natural Ice Cream,150,4.8,100,Shree Krishna Centre Near Mithakhali Six Road,30,Desserts
37107,Taltala,Kolkata,Natural Ice Cream,150,4.8,100,Park Street,43,Desserts
32443,Shivajinagar,Pune,Natural Ice Cream,150,4.7,100,Opp. Tata Home Finance,28,Desserts
29673,Ashok Nagar,Bangalore,Natural Ice Cream,150,4.7,100,Near Sbi,31,Desserts
27812,Santacruz East,Mumbai,Natural Ice Cream,150,4.7,100,Kalina Market Santacruz East,27,Desserts
27598,Bidhannagar,Kolkata,Chat Hut - Swimming Pool,150,4.3,100,Near Swimming Pool,67,Fast Food
27280,Sadashiv Peth,Pune,Pandurang Bhel,150,4.6,100,Sadashiv Peth,36,Fast Food
26497,Ballygunge,Kolkata,Nepal Sweets,150,4.6,100,Opposite Rameshwara Apartments,49,Snacks
25900,Bidhannagar,Kolkata,Chowrasia Chaats,150,3.9,100,Besides Carnival/Broadway Mall,55,Fast Food
23590,Shalimar Bagh,Delhi,Fingerlickerz Bombaywala (Shalimar Bagh),150,4.2,100,Bharat Nagar,63,Fast Food
18362,Bhowanipore,Kolkata,Juicy Fresh,150,4.6,100,Near Forum Mall,49,Bengali
17368,Anna Nagar,Chennai,Nandhiniee Sweets,150,4.4,100,Anna Nagar West,58,Snacks
9434,Adarsh Nagar,Hyderabad,Sri Narsing Bhelpuri & Pav Bhaji (Himayathnagar),150,4.1,100,Hyderabad Nursing Home Lane,35,Snacks
9259,Chennai,Chennai,Nungambakkam Chaat Corner,150,4.1,100,Nungambakkam,47,Snacks
6581,Somajiguda,Hyderabad,Jai Durga Maa Vaishno Dhabha,150,4.1,100,Somajiguda,55,Punjabi
3502,Deccan Gymkhana,Pune,Flavours Street,150,4.2,100,Fergusson College Road,34,Fast Food
407056,South Kolkata,Kolkata,Nusrats,150,4.7,100,South Kolkata,70,Biryani
380756,Basavanagudi,Bangalore,Gama Gama Hotel,150,4.4,100,Basavanagudi,55,Fast Food
375985,Narotam Nagar,Surat,Food Adda,150,4,100,Adajan,46,Pizzas
372562,Kasba,Kolkata,Gupta Brother And Sisters,150,4.3,100,Ruby Area,74,Bengali
355673,Perambur,Chennai,Guru Baba Store,150,4.3,100,Ragava Street,52,Snacks
341393,Taltala,Kolkata,Ebowl,150,4.3,100,Central Kolkata,45,Indian
340723,Dum Dum,Kolkata,Mou Delicious Kitchen,150,4,100,Dumdum,90,Indian
323161,Shenoy Nagar,Chennai,Just 79/- Only,150,3.9,100,Annanagar,52,Chinese
287952,Kothapet,Hyderabad,Gv'S Hotel Godavari,150,4.3,100,Kothapet & Dilsukhnagar,57,Indian
284638,Bidhannagar,Kolkata,Dariole,150,4.4,100,Sector 1,60,Snacks
253955,Anna Nagar,Chennai,Curry Box,150,4.3,100,Annanagar,69,Indian
213645,Erandwane,Pune,Cupcake Bliss Cake & Desserts,150,4.1,100,Kothrud,51,Snacks
189689,Tollygunge,Kolkata,Food Point,150,3.4,100,Jadavpur Zone,93,Biryani
179337,Moghalpura,Hyderabad,Chinese Hut Fast Food,150,3.6,100,Charminar,45,Chinese
177553,Tarnaka,Hyderabad,Rs Fast Food Center,150,3.8,100,Nacharam Main Road,63,Chinese
159913,Kilpauk,Chennai,Chai Kings,150,4.5,100,Kilpauk,38,Bengali
155090,Sector 1 Rohini,Delhi,Guruh Cakes (100% Veg),150,3.7,100,Sector-1,28,Snacks
146866,Entally,Kolkata,Chokherkhida,150,4.3,100,Entally,41,Fast Food
141698,Ayanavaram,Chennai,Arabian Grills,150,3.6,100,Aynavaram,50,Chinese
128468,Elgin,Kolkata,Dariole,150,4.7,100,Theatre Road,48,Desserts
115089,Bidhannagar,Kolkata,New Simla Restaurant,150,3.9,100,Saltlake Sector-Iv,52,Biryani
114637,Ballygunge,Kolkata,Al Helal Restaurant,150,4.2,100,Lal Majid Beckbagan Road,51,Biryani
90561,New Malakpet,Hyderabad,Lassi Corner Malakpet,150,3.7,100,Behind Super Bazar Bus Stop,33,Bengali
88532,Aliabad,Hyderabad,Al Hashmi Arabian Shawarma & Fast Food,150,3.6,100,Shah Ali Banda Rd,57,Fast Food
84139,T. Nagar,Chennai,Chai Kanth,150,4.1,100,T Nagar,70,Bengali
83041,Kothrud,Pune,Lassi Wassi,150,4.6,100,Kothrud,58,Bengali
49811,Royapettah,Chennai,Hot Breads,150,4.4,100,Triplicane,39,Snacks
45951,Tiretti,Kolkata,Mio Amore - The Cake Shop,150,4.6,100,Beside Central Metro Station Gate,35,Desserts
33237,Somajiguda,Hyderabad,Kathmandu Momo,150,4.4,100,Raj Bhavan Road,59,Fast Food
10549,Bkc,Mumbai,Brijwasi Sweets Original Since 1946,150,4.2,100,Bkc,43,Fast Food
6745,Koti,Hyderabad,Tibbs Frankie,150,4.3,100,Hanuman Tekdi Road,29,Snacks
504,Kodihalli,Bangalore,Kaati Zone Rolls & Wraps,150,4.3,100,Domlur Layout,59,Fast Food
263,Koramangala,Bangalore,Cupcake Noggins - Cakespastries And Desserts,150,4.3,100,4Th Block,57,Desserts
320006,Begumpet,Hyderabad,Retro Junks,150,4.6,50,Somajiguda & Khairtabad,67,Snacks
292974,Abids,Hyderabad,Famous Ice Cream,150,4.3,500,Nampally,24,Desserts
209158,Kavadiguda,Hyderabad,Sri Mohans Chat,150,4.1,50,Nallakunta & Vidyanagar,40,Bengali
166808,Koti,Hyderabad,Lassi Hub,150,4.1,20,Esamiya Bazaar Koti,26,Desserts
113037,Khairtabad,Hyderabad,Us Live Pops,150,4.8,50,Begum Bazaar Main Road,50,American
86889,Hyderabad,Hyderabad,Veggie Chinese,150,4,500,Temple Road,59,Chinese
62669,Himayatnagar,Hyderabad,Apsara Ice Creams,150,4.3,50,Opp Minerva Coffee Shop,33,Desserts
18688,Masab Tank,Hyderabad,Fancy Ice Cream,150,3.9,20,Vijay Nagar Colony,38,Desserts
3363,Koti,Hyderabad,Sri Narsing Bhelpuri & Juice Centre (Bogulkunta),150,4.2,1000,Tilak Road,31,Snacks
423285,Himayath Nagar,Hyderabad,The Shawarma Daddy,150,2.2,50,Himayath Nagar,44,Arabian
367760,Ramgopalpet,Hyderabad,New Sharma Chat House,150,4.2,50,Begumpet,58,Snacks
314746,New Nallakunta,Hyderabad,Sri Siddhartha Tiffins And Meals,150,4.3,1000,Nallakunta & Vidyanagar,35,Bengali
302947,Ameerpet,Hyderabad,Chai Kings,150,4.5,1000,Ameerpet,62,Fast Food
267395,Habsiguda,Hyderabad,R R Fast Food,150,3.2,20,Uppal,53,Chinese
255077,Khairtabad,Hyderabad,Ek Pyali Chai,150,4.2,50,Lakdikapul,36,Bengali
250683,Himayatnagar,Hyderabad,Zomoz-The Momo Company,150,4.3,500,Himayath Nagar,31,Fast Food
211172,Uppal,Hyderabad,Tif In,150,3.5,20,Uppal Beerappagada,73,Snacks
210403,Nampally,Hyderabad,Milan Juice Centre,150,4,1000,Nampally,30,Arabian
202631,Toli Chowki,Hyderabad,Adam Bakers,150,3.9,50,Tolichowki,68,Snacks
181947,Kothapet,Hyderabad,Royal Fast Food,150,4,20,Kothapet & Dilshuknagar,58,Chinese
164289,Shivaji Nagar,Hyderabad,Eagles Pizza,150,4,500,S.P.Road  Secunderabad,63,Pizzas
91408,Toli Chowki,Hyderabad,Mohammed'S Shawarma,150,4,500,Nanal Nagar,55,Arabian
81049,Banjara Hills,Hyderabad,Creamy N Creamy Ice Stone,150,3.8,50,Sufi Chambers Road,53,Desserts
61315,Banjara Hills,Hyderabad,Chai Point,150,4.2,500,Gvk Mall,57,Snacks
55702,New Mallepally,Hyderabad,Al Arabian Shawarma,150,4.2,50,Nampally Station Road,35,Arabian
52419,Himayatnagar,Hyderabad,Roll Zone,150,4.1,50,Urdu Hall Lane,31,Snacks
38678,Banjara Hills,Hyderabad,Royal Tiffin Centre,150,4,1000,Road No -3,66,Indian
27739,Redhills,Hyderabad,Cafe Niloufer Classic,150,4.5,1000,Lakdikapul,35,Snacks
13940,Himayatnagar,Hyderabad,Eagles Pizza,150,3.7,500,Himayathnagar Road,32,Pizzas
8213,Uppal,Hyderabad,Crunchy'S,150,3.8,20,Uppal Ring Road,72,Italian
448359,Vastrapur,Ahmedabad,P Se Pavbhaji,150,4.4,20,Vastrapur,50,Fast Food
430588,Kurla,Mumbai,Jumboking Indian Burger,150,4.1,20,Kurla,38,Fast Food
405127,Koramangala,Bangalore,Hokart - Soori Chaats,150,4.9,20,Koramangala,59,Fast Food
391618,Salt Lake,Kolkata,Gupta Tea,150,4.2,500,Shyambazar,39,Snacks
386983,Perambur,Chennai,Priya Veg Home Foods,150,4.3,20,Perambur,68,Indian
366890,Koramangala,Bangalore,Hokart - Special Hot Momos,150,4.3,50,Koramangala,47,Fast Food
314426,Rohini,Delhi,Natural Ice Cream,150,4.4,50,Sector 8,35,Desserts
285177,Sion,Mumbai,"Poojari Pav	Bhaji",150,4,20,Matunga Wadala,51,Fast Food
277399,Chembur,Mumbai,Dessert Cloud - Chembur,150,4.3,500,Chembur,47,Desserts
235488,Chamrajpet,Bangalore,Sri Sai Cafe,150,4.3,20,Basavanagudi,52,Fast Food
230143,Vasanth Nagar,Bangalore,The Food Corner,150,4.5,20,Starbucks Cbd,38,Chinese
226813,Isanpur,Ahmedabad,Nagar Fast Food,150,4.5,20,Isanpur,48,Fast Food
217351,Athwa,Surat,Santushti Shakes & More,150,4.3,50,Ghod Dod Road,36,Bengali
207963,Vyasarpadi,Chennai,Pranav Chats,150,3.3,20,Perambur,58,Snacks
206481,Kurla,Mumbai,Mojza Moments With Cake,150,4.2,50,Vinoba Bhave Nagar,35,Desserts
203887,Ashok Nagar,Bangalore,Chaatimes,150,4.4,20,Ulsoor,34,Snacks
201131,Santacruz East,Mumbai,Kripa Sagar Pure Veg Restaurant,150,3.6,20,Scruz Bandra East,36,Fast Food
160456,Maninagar,Ahmedabad,New Karnavati Dabeli And Vadapav,150,4.1,20,Maninagar,44,Fast Food
157553,Mylapore,Chennai,Lassi Cream-Citi Centre,150,4,20,Mylapore,63,Desserts
154260,Amroli,Surat,S Kumar Sandwich Amroli,150,4.5,50,Amroli,58,Fast Food
142909,Shalimar Bagh,Delhi,Samose Wale,150,4.1,20,Shalimar Bagh,70,Snacks
130420,Santacruz East,Mumbai,Moussestruck,150,4.7,20,Scruz Bandra East,35,Desserts
129627,Pankaj Nagar,Surat,Bonanza Natural Ice Cream,150,4.4,20,Honey Park Road,49,Desserts
126793,Thousand Lights,Chennai,Apsara Ice Creams,150,4.4,50,Knk Road,38,Desserts
104519,Pankaj Nagar,Surat,Mahalakshya Live Ice Cream & Thick Shakes,150,4.4,500,Palanpur Jakatnaka,50,Desserts
93902,Sanjay Nagar,Surat,Hotel Ashish,150,4,50,Nr Sardar Market,44,Chinese
87329,Parvat Patiya,Surat,Morari Restaurant,150,4.1,50,Puna Patiya,38,Punjabi
78336,Surat,Surat,Cream N Crust,150,4.4,20,Lalgate,38,Desserts
72251,Taltala,Kolkata,What'S Your Flavour?,150,4.8,20,Taltala,49,Desserts
70695,Mahim,Mumbai,Baba Falooda,150,4.4,1000,Mahim,58,Desserts
66091,Parvati,Pune,Kaka Halwai,150,4.2,50,Satara Road,39,Fast Food
64317,Thousand Lights,Chennai,Juice'R Rus,150,4.1,50,Nungambakkam,47,Bengali
52369,Ghatkopar East,Mumbai,Scoop - Premium Italian Ice Cream,150,4.1,50,Ghatkopar E,45,Desserts
48902,Ballygunge,Kolkata,Mithai,150,4.7,1000,Opposite Quest Mall,50,Desserts
45634,Ahmedabad,Ahmedabad,Deepti'S Delicious Homely Food,150,4.5,500,Mithakhali Six Road,28,Indian
39059,Chickpet,Bangalore,South Ruchi'S,150,4,20,Balepet Main Road,47,Chinese
38278,Bidhannagar,Kolkata,Medley - Juicery & Beyond,150,4,50,Salt Lake  Sector V,72,Bengali
37207,Powai,Mumbai,Tender Fresh,150,4.6,20,Chandivali,50,Desserts
30889,Saki Naka,Mumbai,Natural Ice Cream,150,4.4,50,Pheonix Market City,50,Desserts
29348,Indiranagar,Bangalore,Apsara Ice Creams,150,4.5,50,10Th Cross,48,Desserts
23012,Basavanagudi,Bangalore,Hatti Kaapi - Coffee And More,150,4.2,50,Mn Krishna Rao Rd,45,Bengali
15274,Park Street Area,Kolkata,Delights,150,4.4,20,Near St. Xavier'S College Back Gate,49,Chinese
12260,Shyam Bazar,Kolkata,Dimpi Restaurant,150,4.2,1000,Near Five Point Crossing,46,Snacks
2846,Sivanchetti Gardens,Bangalore,Tewari Bros Mithai Shop,150,3.1,20,Dickenson Road,38,Gujarati
426232,Athwa,Surat,Rangila Vadapav And Fast Food,150,3.9,20,Athwa,40,Fast Food
424944,Perambur,Chennai,Thoothukudi Poricha Parotta,150,4.2,20,Perambur,68,Indian
414263,Mahalaxmi Rd,Surat,Luxuria Cakes N Bakes,150,4.1,20,Anand Mahal Road,65,Snacks
405845,Kausar Baugh Nibm Road,Pune,Hyderabadi Biryani House,150,2.2,20,Undri,77,Biryani
404623,Lake Town,Kolkata,Shivohan Kitchen,150,4.6,20,Lake Town,88,Fast Food
401053,Central Kolkata,Kolkata,New Gharib Nawaz Restaurant,150,4.5,50,Central Kolkata,53,Biryani
400823,Rohini,Delhi,Pao Ji Aamchi Mumbai Se,150,3.1,50,Rohini,35,Indian
399133,Indiranagar,Bangalore,S R Biriyani House,150,2.7,20,Indiranagar,53,Biryani
386867,Royapettah,Chennai,90Ml,150,4.3,50,Royapettah,53,Bengali
381671,Rohini,Delhi,Standard Ice Cream(Rohini Sector-6 Ayodhya Chowk Wale),150,4,50,Rohini,25,Fast Food
379251,Malleshwaram,Bangalore,Shawarma21,150,4.3,20,Ln Puram Srirampuram,54,Arabian
379100,Shivaji Nagar,Pune,Rajmandir Ice Cream,150,4,20,Shivaji Nagar,27,Desserts
371795,Adajan,Surat,Urban Chinese -By Urban Punjab,150,3.6,50,Adajan,45,Chinese
370293,Warje,Pune,Woods Only Chinese,150,3.2,20,Warje,65,Chinese
362068,Vishnu Garden,Delhi,Budget Bytes,150,3.9,20,Janakpuri,76,Chinese
361592,Vastrapur,Ahmedabad,Hl Frankie,150,4,500,Vastrapur,44,Fast Food
340180,Powai,Mumbai,Abhi Fast Food,150,3.6,20,Powai,60,Fast Food
329340,Ayanavaram,Chennai,Atho Kadai,150,4.1,50,Kilpauk,44,Fast Food
324222,Basavanagudi,Bangalore,Om Shiva Shakthi Chats Center,150,4.4,50,Basavanagudi,51,Fast Food
312660,Ashok Nagar,Bangalore,Samosa Party,150,4.5,500,Central Bangalore,36,Fast Food
284795,Dum Dum,Kolkata,24*7 Cafe,150,4.3,50,Tamali Apartment,89,Snacks
265890,Villivakkam,Chennai,"Madras	Shawarma",150,4.4,20,Villivakkam,63,Snacks
258140,Erandwane,Pune,Kaati Zone Rolls & Wraps,150,3.8,20,Kothrud,54,Fast Food
239645,Balavinayagar Nagar,Chennai,Mumbai Kulfi,150,4.4,50,Mmda Colony Balavinayagar Nagar,64,Desserts
239629,Kothrud,Pune,Superman Momos,150,3.9,20,Karve Nagar Kothrud,67,Chinese
237488,Chembur,Mumbai,Edesia By Freshmenu,150,4,20,Opp Kanta Apartment,42,Desserts
234747,Vatva,Ahmedabad,Bombay A-One Bhatiyara,150,3.7,50,Isanpur,51,Biryani
228945,Chembur,Mumbai,Khichdi Wala,150,3.9,50,Ng Acharya Marg Opposite Seven Seas,45,Indian
226267,Powai,Mumbai,Chai Point,150,4.4,500,Opp. Nirali Hospital,52,Snacks
212246,Maninagar,Ahmedabad,Bhimsingh Paties,150,4.1,20,Maninagar,37,Fast Food
204007,Andheri East,Mumbai,The Momo Factory,150,3.1,20,Andheri East,55,Chinese
196518,Taltala,Kolkata,The Hot Kati Roll,150,3.1,20,Esplanade,50,Indian
191932,Ganga Dham,Pune,Jay Ganesh Caterering Service,150,3.9,50,Gangadham,57,Snacks
181392,Malleshwaram,Bangalore,The Fast Food,150,4.3,50,Malleshwaram,61,Indian
176970,Taltala,Kolkata,Edabba,150,4.2,1000,New Market,43,Chinese
172448,J.C.Nagar,Bangalore,Shawarma Time,150,4.3,50,J C Nagar,48,Arabian
168348,Hedua,Kolkata,Ronit Dhaba,150,3.1,20,Srakar Street,42,Indian
167489,Golpark,Kolkata,Puchkaman,150,3.5,50,Dum Dum,77,Fast Food
148279,George Town,Chennai,Kanishka Kulfi,150,3.8,20,Mint Street,50,Desserts
146609,Hatibagan,Kolkata,Monginis - Girish Park,150,4.1,20,Girish Park Metro,40,Desserts
142037,Rohini,Delhi,Pizza Paradise By Vhc,150,4.8,20,Chattarpur,44,Pizzas
100398,Topsia,Kolkata,Momo'S Point,150,3.6,20,Picnic Garden,67,Chinese
79184,Wadgaon Sheri,Pune,Tulja Bhavani Chinese Corner,150,4.2,20,Vadgaon Sheri Mahavir Nagar,68,Chinese
69274,Ashok Nagar,Bangalore,Chai Point,150,4.5,500,Church St,36,Snacks
60152,Sector 8 Rohini,Delhi,Chinese Fiesta (Since 1998),150,3.6,20,Pitampura,50,Chinese
60104,Kalina,Mumbai,Tip Top Kabab Corner,150,4.3,20,Santacruz East,34,Indian
53884,Kilpauk,Chennai,Wraps & Rolls,150,4.1,50,Kilpauk,45,Fast Food
50773,West Mambalam,Chennai,Vijay'S Delhi Chat,150,4.3,50,T Nagar,77,Chinese
47421,Gurukul,Ahmedabad,Cocoa Drama,150,4.2,20,Vastrapur,45,Desserts
46880,Bkc,Mumbai,Chai Point,150,4.2,500,Bandra Kurla Complex,35,Snacks
45703,Paschim Vihar,Delhi,Hot Spot Roll Corner,150,4.3,20,Paschim Vihar,57,Fast Food
44257,Jadavpur,Kolkata,Gupta Eating House,150,4.2,1000,Opposite Of Southern Cafe,81,Indian
36520,Rohini,Delhi,Ase China,150,3.8,50,Shaheed Colonel Guruveer Singh Sarna Marg Rajapur,45,Chinese
22772,Cit Nagar,Chennai,Dezire Sugar Free Health Cafe,150,4.4,50,T Nagar,69,Snacks
21032,Vadapalani,Chennai,Ksg Queen Pizza,150,3.2,50,Subamangalam Complex,70,Fast Food
19521,Taltala,Kolkata,Tea Junction,150,4,50,Beside New Empire Cinema Hall,42,Bengali
17196,Ghatkopar East,Mumbai,Oasiss Cakes & Icecreams,150,3.9,50,Vikrant Circle,42,Desserts
397171,Himayath Nagar,Hyderabad,Sunnys Chinese,350,3.5,20,Himayath Nagar,31,Chinese
395830,Rajajinagar,Bangalore,Swagat Restaurant,350,4.1,20,Rajajinagar,57,Indian
249765,Bhowanipore,Kolkata,Noodle Chef,350,4,50,South Kolkata,60,Chinese
149204,Naranpura,Ahmedabad,Happy Sugar,350,2.8,20,Naranpura,46,Desserts
139470,Bidhannagar,Kolkata,Krazzy For Ice Cream Sundae,350,3.6,20,Ec 45 Sector,63,Desserts
91536,Gidc Naroda,Ahmedabad,Kamal'S Restaurant,350,3.6,20,Naroda,84,Indian
81093,Athwa,Surat,Richie Rich On Wheels,350,3.8,50,Parle Point,50,Fast Food
61983,Jayanagar,Bangalore,Rajathadri Food Fort,350,4.4,1000,Jayanagar,47,Chinese
55368,Ellisbridge,Ahmedabad,Treat,350,4.5,20,Ellis Bridge,34,Indian
55019,Bandra East,Mumbai,Baskin Robbins,350,4.5,50,Bandra East,34,Desserts
54948,Ellisbridge,Ahmedabad,Sasuji,350,4.6,50,C G Road,32,Indian
53119,Vastrapur,Ahmedabad,Sizzling Pizza,350,3.9,20,Vastrapur,54,Pizzas
52982,Navrangpura,Ahmedabad,Meritorious,350,4.3,20,Swapneel 5,36,Indian
46567,Maninagar,Ahmedabad,Choice Corner Restaurant,350,4.2,500,Maninagar,35,Indian
43931,Santacruz East,Mumbai,Baskin Robbins,350,4.7,50,Opposite Mumbai University Main Gate,29,Desserts
39404,Kalyani Nagar,Pune,Royal Baking Co,350,3.9,20,Viman Nagar,66,Snacks
35213,Shenoy Nagar,Chennai,The Delhi Dhaba-Veg,350,4.3,500,Halls Road,58,Chinese
29576,Rohini,Delhi,R.P.W Pizza,350,3.5,50,Rohini Sector 9,38,Italian
27136,Ghatkopar East,Mumbai,Chocday,350,4.5,20,Vikrant Circle,38,Desserts
24907,Scruz Bandra East,Mumbai,Nityanand Restaurant,350,3.8,20,Opp Centrum House,36,Fast Food
23069,Matunga,Mumbai,Vj Cafe,350,4.2,20,King Circle,56,Bengali
4492,Elgin,Kolkata,Ridhi Sidhi,350,4,50,Lord Sinha Road,61,Fast Food
1970,Basheer Bagh,Hyderabad,Cream Stone,350,4.4,1000,Liberty Road,27,Desserts
438198,Kothrud,Pune,Papacream,350,5,20,Kothrud,52,Desserts
437299,Nallakunta & Vidyanagar,Hyderabad,Biryani Trip,350,4.4,50,Nallakunta & Vidyanagar,39,Biryani
429796,Kurla,Mumbai,Modern Khichadi,350,4.9,20,Kurla,38,Fast Food
429087,Himayath Nagar,Hyderabad,Balaji Family Dhaba,350,3.4,50,Himayath Nagar,46,Indian
429004,Koramangala,Bangalore,Shehzadas Biryani,350,4.2,20,Koramangala,66,Biryani
418285,Ameerpet,Hyderabad,The Bakers Dozen,350,4.7,20,Ameerpet,67,Snacks
415979,Rajouri Garden,Delhi,Hamiz Laziz Foods,350,4.5,50,Rajouri Garden,64,Indian
413816,Rohini,Delhi,Cheesecake & Co,350,4.3,50,Nsp,40,Snacks
411106,Himayath Nagar,Hyderabad,Crumbled Cheese,350,4.3,50,Himayath Nagar,39,Italian
409129,Kurla,Mumbai,Cloud Crown,350,4.4,20,Kurla,43,Chinese
408465,Scruz Bandra East,Mumbai,Kanchan Foods,350,4.6,50,Scruz Bandra East,58,Indian
407661,Esplanade,Kolkata,Burger King,350,4.3,1000,New Market,42,American
407307,Ruby Area,Kolkata,Arab Knights,350,3.2,20,Ruby Area,73,Chinese
402932,Shivaji Nagar,Pune,Leancrust Pizza - Thincrust Experts,350,4,20,Sb Road,44,Pizzas
402774,Kurla,Mumbai,Urban Sandwich Co.,350,4.4,50,Kurla,41,Fast Food
399608,Rohini,Delhi,Parashar Foods,350,3.7,20,Rohini,34,Indian
391343,Central Kolkata,Kolkata,Masala Factory,350,4.1,50,Central Kolkata,69,Indian
387718,Banjara Hills,Hyderabad,Tasco Bakery,350,4.2,20,Banjara Hills,49,Snacks
386351,Marol Sakinaka,Mumbai,Sanskari Biryani & More,350,4.2,50,Marol Sakinaka,57,Biryani
386230,Marol Sakinaka,Mumbai,Feel Good Food (Only Veg),350,4.5,20,Marol Sakinaka,55,Chinese
379083,Perambur,Chennai,Hotel Vada Chennai,350,3.8,50,Perambur,53,Arabian
377203,Frazer Town,Bangalore,Amma'S Pastries,350,4.4,50,Frazer Town,44,Snacks
370913,Perambur,Chennai,Metro Burger,350,4.2,20,Perambur,73,Indian
368576,Banashankari,Bangalore,Chinese Trail,350,3.3,20,Srinivasnagar Circle,57,Chinese
361862,Powai Area,Mumbai,Papacream,350,4.7,20,Marol Sakinaka,63,Desserts
354632,Rohini,Delhi,Leancrust Pizza - Thincrust Experts,350,4.2,50,Rohini,45,Pizzas
353702,Kurla,Mumbai,Samrat Hotel,350,4,500,Kurla,38,Chinese
348518,Perambur,Chennai,A M Biryani,350,3.7,20,Perambur,72,Biryani
346858,Chembur,Mumbai,Velvette Patisserie,350,4.1,20,Chembur,49,Indian
337162,Banjara Hills,Hyderabad,Fishland Express,350,3.8,500,Banjara Hills,61,Biryani
331641,Rohini,Delhi,Shake'N Food,350,4.7,20,Rohini,46,Bengali
320222,New Nallakunta,Hyderabad,Pizza Hut,350,3.7,500,Shivam Road,46,Pizzas
319030,Parvati Paytha,Pune,Bhukkad Ka Nukkad,350,3.7,20,Bibwewadi,49,Indian
318344,Triplicane,Chennai,Oyalo Pizza,350,4.3,50,Triplicane,46,Pizzas
316981,Koramangala,Bangalore,Dande'S Hyderabad Biryani,350,3.3,20,Koramangala,56,Biryani
316393,Kothrud,Pune,The Doner Company,350,4,500,Kothrud,48,Fast Food
313540,Santacruz East,Mumbai,Leancrust Pizza - Thincrust Experts,350,3.7,20,Vakola,43,Pizzas
313464,New Tippasandra,Bangalore,Leancrust Pizza - Thincrust Experts,350,3.5,50,Indira Nagar,60,Pizzas
301104,Tagore Garden Extension,Delhi,Andhra Kodi Pulao,350,4.3,20,Rajouri Garden,67,Biryani
263074,Andheri East,Mumbai,Badmash Biryani,350,3.6,50,Marol Industrial Estate,49,Biryani
262490,Matunga,Mumbai,Sandwich Coffee House,350,4.3,50,Matunga Wadala,58,American
254048,Banashankari,Bangalore,Momoz,350,3.8,500,Blr_Banashankari,53,Chinese
253578,Saki Naka,Mumbai,Mandarin Oak- The Heavenly Chinese,350,4.2,50,Andheri Kurka Road,57,Chinese
247042,Kothrud,Pune,The Burger Project,350,3,50,Karve Nagar Kothrud,70,American
243665,Tilak Nagar,Delhi,Asia Seven,350,3.9,50,Pacific Mall,75,Chinese
237526,Richmond Town,Bangalore,Big Biriyani Company,350,2.5,20,Aga Abdullah Street,37,Biryani
237003,New Malakpet,Hyderabad,Burger King,350,4.1,1000,Metro Rail Mall Multiplex,36,American
229286,Erandwane,Pune,Mandarin Oak- The Heavenly Chinese,350,3.8,20,Erandwane,47,Chinese
222720,Cit Nagar,Chennai,Mandarin Oak- The Heavenly Chinese,350,4.1,20,Cit Nagar,94,Chinese
211185,Periyamet,Chennai,Mcrennett,350,4.3,20,Purasawalkam,37,Snacks
200240,Juhapura,Ahmedabad,Bait Al Majlis,350,4.1,50,Sarkhej,47,Chinese
171682,Salt Lake,Kolkata,Mast Kalandar Dhaba,350,4,50,Salt Lake,61,Indian
168602,Alwarpet,Chennai,Gongura,350,3.1,20,Cenotaph Road,64,Biryani
166390,Shivajinagar,Pune,Burger 69 & More,350,4.1,20,Baner,52,Fast Food
142670,Hyderabad,Hyderabad,Shah Ghouse Cafe & Restaurant,350,4.1,5000,Lakdikapool,47,Biryani
128889,Saki Naka,Mumbai,Supreme Kitchen,350,3.4,20,Marol Sakinaka,49,Indian
121182,Ballygunge,Kolkata,Chez - Pan Oriental Kitchen,350,4.4,1000,Jodhpur Garden,75,Chinese
116899,Santacruz East,Mumbai,Shekhar Family Restaurant,350,3.8,20,Scruz Bandra East,45,Chinese
114370,Rohini,Delhi,Barista,350,3.5,20,Unity One Mall Rohini,44,Bengali
111795,Shalimar Bagh,Delhi,Mandarin Oak- The Heavenly Chinese,350,4.2,50,Shalimar Bagh,72,Chinese
104293,Kasba,Kolkata,Burger In Law,350,4.3,500,Near Ballygunge Station,76,American
90694,Anna Nagar,Chennai,Happy Cake Stories,350,3.8,20,Anna Nagar,76,Snacks
86834,Jodhpur Park,Kolkata,Wok Up,350,4.2,500,Silver Line Eye Hospital,83,Chinese
82022,Rohini,Delhi,Pifi Pizza,350,3.8,20,Rohini,57,Italian
81814,Ellisbridge,Ahmedabad,Burger King,350,4.2,1000,3Rd Eye Ii Ellis Bridge Cg Road,33,American
79000,Raikhad,Ahmedabad,Arabian Hub,350,3.8,50,Lal Darwaja,35,Arabian
78036,Santacruz East,Mumbai,Burger King,350,4.2,1000,Central Plaza Kalina,33,American
77719,Kasba,Kolkata,The Biryani Inc.,350,4.3,1000,Near Ballygunge Station,69,Biryani
74644,Bharthana,Surat,Burger King,350,4.2,1000,Bhadani Era Vip Road,52,American
67717,Elgin,Kolkata,Kookie Jar,350,4.6,500,Opposite Fbb,45,Desserts
61790,Koramangala,Bangalore,Sardarji Londonwaley,350,4,500,Koramangala,55,Indian
59008,Shivajinagar,Pune,Turkish Delight,350,4.3,20,The Pavillion Senapati Bapat Road,44,Arabian
57048,Nungambakkam,Chennai,Chicking,350,4.3,500,Nungambakkam,58,Fast Food
55625,Golpark,Kolkata,The Chaiwala,350,4.3,50,Lake Terrace Road Opposite Of Lake School For Girls,69,American
55080,Gulbai Tekra,Ahmedabad,The Mad House Cafe,350,4.4,20,Gulbai Tekra,36,Fast Food
53985,Juhapura,Ahmedabad,Zaika Darbar,350,3.9,50,Serkhej,45,Indian
50620,Garfa,Kolkata,Happizzaa,350,4,50,Near Jagaran Club Play Ground,86,Pizzas
50461,Topsia,Kolkata,Shimla Biryani-Topsia,350,4.2,1000,Topisa,63,Chinese
48127,Andheri East,Mumbai,The Chinese Spot,350,4,50,Chandivali,59,Chinese
42581,Shivajinagar,Pune,Burger King,350,4.2,1000,The Pavillion Mall,54,American
40619,Kothrud,Pune,Kinara'S Maratha Darbar,350,4.1,1000,Kothrud,58,Biryani
39920,Paikpara,Kolkata,Tandoor-E-Punjab,350,4.1,1000,Near Kolkata Shastro Police,61,Indian
37817,University Area,Ahmedabad,Cakes N Bakes,350,3.9,500,Gulbai Tekra,30,Desserts
37067,Kilpauk,Chennai,Subway,350,4.4,1000,Kilpauk,48,Fast Food
37027,Benson Town,Bangalore,7 Plates,350,4.3,500,Frazer Town,48,Biryani
35008,Basheer Bagh,Hyderabad,Alex'S Kitchen,350,4.2,500,Liberty Road,39,Chinese
34634,Toli Chowki,Hyderabad,Shah Ghouse Cafe & Restaurant,350,4,10000,Tolichowki,63,Biryani
33290,Nungambakkam,Chennai,The Table,350,4.5,50,Nungambakkam,55,Desserts
32129,Himayatnagar,Hyderabad,Burger King,350,4.2,1000,Mpm Millennium Mall,35,American
31265,Sector 7 Rohini,Delhi,The Cake Cafe,350,4.1,500,Sector 7 Rohini,33,Snacks
29781,Santacruz East,Mumbai,Mandarin Oak- The Heavenly Chinese,350,4.3,50,Kalina,49,Chinese
25633,Chembur,Mumbai,Barista,350,4.3,50,Garden Appartment,47,Bengali
25622,Taltala,Kolkata,Barista,350,4.1,20,Humayun Place,45,Bengali
25522,Vadgaon Budruk,Pune,Pk Dum Biryani House,350,4.1,500,Narhe,77,Biryani
20961,Mohammed Wadi,Pune,Fabio Food Court,350,4.1,500,Kondhwa,73,Indian
19450,Gariahat,Kolkata,Hungry Tide,350,4.5,1000,Hindustan Park,71,Chinese
19187,Anna Nagar West Extension,Chennai,Hotel Pentagon,350,4.1,20,Thirumangalam,73,Chinese
13500,Gopalapuram,Chennai,Mandarin Chinese Restaurant,350,4,500,Gopalapuram,55,Chinese
12046,Himayatnagar,Hyderabad,Subway,350,4.3,500,Himayath Nagar Road,33,Fast Food
11043,Alwarpet,Chennai,Truly Scrumptious,350,4.5,50,Ra Puram,69,Desserts
10376,Jodhpur Park,Kolkata,Hanglaatherium,350,4.3,500,Near Sanhati Park,84,Biryani
10367,Shyam Bazar,Kolkata,Pizza Hut,350,4.1,1000,Shyambazar (218),49,Fast Food
10323,Prashant Vihar Rohini,Delhi,Subway,350,4.1,500,Fun City Mall Prashant Vihar,53,Fast Food
10208,Rohini,Delhi,Burger King,350,4.3,1000,D Mall Twin District Center,35,American
9052,Santacruz East,Mumbai,Subway,350,4.4,500,Central Plaza Kalina,29,Fast Food
8912,Taltala,Kolkata,Subway,350,4.3,500,Park Street,49,Fast Food
8687,Manicktala,Kolkata,Urbans Cafe,350,4.2,20,Near Balika Shiksha Sadan,46,Chinese
8275,Alwarpet,Chennai,Gogo Momo,350,4.2,50,Bava Road,65,Chinese
7898,Golpark,Kolkata,Crossroad Crystal - Golpark,350,4.1,50,Golpark,71,Indian
5504,Antop Hill,Mumbai,Monica Chinese Fast Food,350,3.9,50,Antop Hill,57,Chinese
4614,Himayatnagar,Hyderabad,Crystal Restaurant,350,3.9,1000,Rtc X Roads,34,Biryani
3855,Koregaon Park,Pune,Uncle'S Chinese,350,4.1,1000,Koregaon Park,55,Chinese
293369,Basheer Bagh,Hyderabad,Italian Express,350,3.4,100,Basheer Bagh,35,Italian
213931,University Area,Ahmedabad,Huber & Holly,350,4.3,100,Navrangpura,39,Pizzas
165069,Piplod,Surat,Urban Punjab,350,4.1,100,New Citylight,50,Indian
153035,Khatodra Wadi,Surat,Jalaram Restaurant -Udhna,350,3.9,100,Khatodraudhna,26,Gujarati
79299,Ghatkopar East,Mumbai,Om Sai Ram Dolphin Frankee,350,4.6,100,Ghatkopar East,41,Fast Food
77534,Naranpura,Ahmedabad,Shakti - The Sandwich Shop: Naranpura,350,3.9,100,Naranpura,48,Fast Food
69120,Rohini,Delhi,Giani,350,4.2,100,North Ex Mall,36,Desserts
65400,Ellisbridge,Ahmedabad,New Freeze Land,350,4.3,100,Law Garden,32,Pizzas
53451,Kilpauk,Chennai,The Thick Shake Factory,350,3.9,100,Barnaby Road,38,Bengali
45547,Ghatkopar East,Mumbai,Shree Sadguru'S Pure Veg Restaurant,350,4,100,Pantnagar Ghatgopar East,50,Indian
31515,Sadashiv Peth,Pune,The Cake Studio & Cafe,350,4.7,100,Sadashiv Peth,32,Fast Food
22469,Somwar Peth,Pune,Rajendra Paav Bhaji,350,4.4,100,Rasta Peth,28,Fast Food
440897,Jayanagar,Bangalore,Rnr Biryani - Taste Of 1953,350,4.1,100,Jayanagar,52,Biryani
437907,Koramangala,Bangalore,Gopaljee Cafe,350,4.3,100,Koramangala,55,Indian
431315,Santoshnagar & Saidabad,Hyderabad,Brista Restaurant,350,3.8,100,Santoshnagar & Saidabad,50,Biryani
423195,Banjara Hills,Hyderabad,Meals101,350,4,100,Banjara Hills,52,Chinese
394651,Somajiguda & Khairtabad,Hyderabad,Biryanis And More,350,3.9,100,Somajiguda & Khairtabad,49,Biryani
391195,Scruz Bandra East,Mumbai,Everything Rice,350,3.9,100,Scruz Bandra East,40,Biryani
386562,Marol Sakinaka,Mumbai,The Almighty Biryani,350,4.3,100,Marol Sakinaka,58,Biryani
383271,South Kolkata,Kolkata,Bangla Box By Kasturi,350,4.1,100,South Kolkata,71,Bengali
381896,Piplod,Surat,Thali Central,350,4.1,100,Piplod,57,Biryani
381336,Rohini,Delhi,Healthy Tree,350,4.1,100,Rohini,46,Bengali
376629,Andheri East,Mumbai,Chine Dine,350,3.7,100,Marol Sakinaka,56,Chinese
370144,Kachiguda,Hyderabad,Patel'S Chips And Crisps,350,4.4,100,Himayath Nagar,25,Indian
354877,Thousand Lights,Chennai,Dr Bubbles,350,4.4,100,Nungambakkam,46,Bengali
350064,Vasanth Nagar,Bangalore,Chinese Hot,350,4.4,100,Opp Shell Petrol Pump Millers Road,48,Chinese
348417,Sector 3 Rohini,Delhi,Variation (Rohini),350,4.1,100,Rohini,31,Chinese
342613,Ballygunge,Kolkata,Etsetmix By Hanglaatherium,350,4.4,100,South Kolkata,72,Chinese
339600,Dharavi,Mumbai,Hotelcafe Rahat,350,3.9,100,Matunga Wadala,49,Indian
310440,Piplod,Surat,Makhni Brothers,350,4.2,100,Udhna,57,Chinese
254050,Banashankari,Bangalore,Chopstick,350,3.8,100,Blr_Banashankari,51,Chinese
252761,Chiriamore,Kolkata,Aannaz,350,3.9,100,Dumdum,65,Indian
247125,Kestopur,Kolkata,Desi Chinese,350,4.2,100,Kestopur,73,Chinese
235838,Banjara Hills,Hyderabad,Express By Ab'S,350,3.7,100,Banjara Hills,67,Biryani
227153,Teynampet,Chennai,Lucky Da Punjabi Dhabba,350,4.2,100,Alwarpet,66,Punjabi
205228,Bidhannagar,Kolkata,Veerji Malai Chaap Wale,350,4,100,Salt Lake,61,Indian
176436,Powai Area,Mumbai,Haka,350,4.2,100,Powai Area,54,Chinese
164182,Kavadiguda,Hyderabad,Azaan Bait Al Mandi,350,3.9,100,Rtc X Roads,33,Biryani
157841,Beleghata,Kolkata,Fryman,350,4.2,100,Beleghata Main Road,64,Chinese
150456,Gaddiannaram,Hyderabad,Bahar Biryani Cafe,350,4,100,Kothapet & Dilsukhnagar,50,Biryani
105990,Dahin Nagar,Surat,Lk Master Non-Veg,350,4.2,100,Jahangirpura,75,Gujarati
99085,Ayanavaram,Chennai,Hotel Noor,350,4.2,100,Perambur,52,Indian
87903,Khamasa,Ahmedabad,Iqbal Hotel,350,4,100,Jamalpur,46,Indian
85971,Banjara Hills,Hyderabad,Burgasm,350,4.3,100,Rd No.5,63,Fast Food
74870,Old Washermanpet,Chennai,Nypfc - New York Pizza & Fried Chicken,350,4.2,100,Royapuram,59,Fast Food
72605,Athwa,Surat,Pizza Hut,350,3.7,100,Ghod Dod Road,40,Pizzas
69876,Ashok Nagar,Bangalore,Subway,350,4.4,100,Ub City,38,Fast Food
65028,Athwa,Surat,Subway,350,4.2,100,Ghod Dod Road,30,Fast Food
65004,Sagrampura,Surat,Sugar N Spice - Non Veg,350,4.1,100,Ring Road,34,Indian
60303,Beniapukur,Kolkata,The Burping Panda,350,4.1,100,Park Street,63,Chinese
54488,Andheri East,Mumbai,Indigo Burger Project,350,4.4,100,Sakinaka,52,American
51543,Ejipura,Bangalore,Momo Rice Noodles,350,4.2,100,Koramangala,56,Chinese
47589,Navrangpura,Ahmedabad,Pizza Hut,350,4,100,Navrangpura,35,Fast Food
46377,Ahmedabad,Ahmedabad,Prithvi Hotel,350,4.1,100,Lg Corner,44,Indian
42832,Choolaimedu,Chennai,Al Dari Biryani,350,3.6,100,Kodambakkam,79,Biryani
41397,Old Washermanpet,Chennai,Frozen Smoothies,350,4,100,Choolai,68,Bengali
40831,Navrangpura,Ahmedabad,Subway,350,4,100,Mithakali,29,Fast Food
34166,Nungambakkam,Chennai,Rahman Biriyani Formerly Known As Bismi Biriyani,350,4.2,100,Valluvarkottam High Road,49,Biryani
33253,Ashok Nagar,Bangalore,Happy Belly Bakes- Cakes And Desserts,350,4.7,100,Primrose Road,37,Desserts
31775,Bandra East,Mumbai,Subway,350,4.3,100,The Capital Bandra Kurla Complex,37,Fast Food
21001,Shivajinagar,Pune,Pizza Hut,350,3.9,100,Opposite F C College,36,Pizzas
17595,Tangra,Kolkata,Khichdi Khichri,350,4.3,100,Near Bypass Dhaba,63,Indian
16866,Rohini,Delhi,Pizza Hut,350,3.6,100,Aggarwal City Plaza (13),37,Pizzas
16275,Sangamvadi,Pune,Taste Of Hyderabad,350,3.8,100,Dp Road,37,Biryani
15121,Kothrud,Pune,Sudit Su'S Chinese,350,4,100,Dahanukar Colony,59,Chinese
12614,Royapettah,Chennai,Hotel Millath,350,4.4,100,West Cott Road,43,Chinese
10186,Kilpauk,Chennai,Wangs Kitchen,350,4.1,100,Kellys,46,Chinese
5624,Deccan Gymkhana,Pune,Subway,350,4.4,100,Fc Road,35,Fast Food
267,Domlur,Bangalore,Tea Brew,350,4.1,100,Double Road,57,American
54947,Jodhpur Village,Ahmedabad,Prime Dine Restaurant,600,4.3,100,Satellite,44,Indian
423514,Santosh Nagar,Hyderabad,Oven Story Pizza,600,4.3,100,Santosh Nagar,66,Pizzas
418389,Indiranagar,Bangalore,Auntie Fungs,600,4,100,Indiranagar,59,Chinese
402638,Chembur,Mumbai,Chembur Social,600,3.7,100,Natraj Compound  Dr C G Road,59,Indian
399842,Indiranagar,Bangalore,Burgerhaus Gourmet Burgers,600,3.9,100,Indiranagar,58,American
396744,Shantinagar,Bangalore,Oven Story Pizza,600,4.1,100,Residency Road,44,Pizzas
395334,Scruz Bandra East,Mumbai,Mcdonald'S Gourmet Burger Collection,600,4.3,100,Kalina Artista,36,American
395319,Egmore,Chennai,Mcdonald'S Gourmet Burger Collection,600,4.3,100,Spencer,40,American
383290,Nungambakkam,Chennai,Dumbir By Kappa Chakka Kandhari,600,4.3,100,Nungambakkam,52,Biryani
376244,Bandra Kurla Complex,Mumbai,Good Flippin' Burgers,600,4.6,100,Scruz Bandra East,34,American
368887,Wallace Garden,Chennai,Coffee? Since 1999,600,4.7,100,Royapettah,50,Bengali
358899,Bidhannagar,Kolkata,Kurseong Korner,600,4.1,100,Salt Lake,67,Chinese
348461,Anna Nagar,Chennai,Collage By Toscano,600,4.2,100,Jawaharlal Nehru Road,82,Italian
345212,Sector 3 Rohini,Delhi,Pikwik Bakers,600,3.5,100,Rohini,35,Desserts
343748,Bidhannagar,Kolkata,Humpty Dumplings,600,4,100,Salt Lake,61,Chinese
339661,Ambawadi,Ahmedabad,The Indian Heat,600,4.1,100,Navrangpura,40,Chinese
335505,Cox Town,Bangalore,Itc Sunfeast Baked Creations,600,4.6,100,Gate 4 Jeevanahalli Main Rd,57,Snacks
335113,Matunga,Mumbai,The Dough Therapy,600,4.3,100,Matunga Wadala,63,Italian
321070,Thousand Lights,Chennai,Mount Road Social,600,4.3,100,E Hotel,52,Indian
304570,Tangra,Kolkata,Fabelle Chocolates - Itc Sonar,600,4.5,100,Banquet Gate Itc Sonar,72,Snacks
229280,Erandwane,Pune,Oven Story Pizza,600,4,100,Erandwane,46,Pizzas
224428,Purasaiwakkam,Chennai,Oven Story Pizza,600,4.1,100,Purasaiwakkam,51,Pizzas
211008,Sion,Mumbai,Modern Lunch Home,600,4.4,100,Sion Bhakti Park,47,Chinese
96618,Saki Naka,Mumbai,Chakra,600,4.3,100,Sakinaka,45,Indian
88745,Shivajinagar,Pune,Fc Road Social,600,3.9,100,Fc Road,40,Indian
74979,Adarsh Nagar,Hyderabad,Ohri'S Cake Nation,600,4.3,100,New Mla Quarters,31,Desserts
62509,Banjara Hills,Hyderabad,Ohri'S Cake Nation,600,4.1,100,Road No.12,52,Desserts
58607,Ghatkopar West,Mumbai,Bharat Cafe,600,4,100,Ghatkopar West,46,Indian
51561,Chembur,Mumbai,Ratnagiri Restaurant & Bar,600,4.3,100,Chembur,45,Indian
42422,Kurla,Mumbai,Khan'S Flavour,600,3.3,100,Kurla,37,Indian
41776,Sivanchetti Gardens,Bangalore,Naachiyar'S,600,4.2,100,Central Bangalore,44,Biryani
39272,Ellisbridge,Ahmedabad,Oven Story Pizza,600,4,100,Animesh Complex,36,Pizzas
39026,Antop Hill,Mumbai,The Punjab Tandoor & Fish Fry,600,3.9,100,Gtb Nagar,54,Tandoor
29822,Bandra Area,Mumbai,Sodabottleopenerwala,600,4.3,100,Bandra Area,44,Pizzas
28721,Santacruz East,Mumbai,Oven Story Pizza,600,3.8,100,Kalina,37,Pizzas
24052,Ballygunge,Kolkata,Charcoal Grill,600,4.2,100,Near Maa Flyover Park Circus,62,Indian
20970,Rohini,Delhi,Oven Story Pizza,600,3.6,100,Sector 8,47,Pizzas
16489,Sarat Bose Rd,Kolkata,My Big Fat Belly,600,4.3,100,Opposite Dugout,67,Italian
15567,Egmore,Chennai,Ponnusamy Hotel,600,4.2,100,Ethiraj Salai,38,Biryani
15409,Dum Dum,Kolkata,Noodle Oodle,600,4.1,100,Opposite Diamond Plaza Mall,83,Chinese
13103,Sector 10 Rohini,Delhi,Berco'S,600,4.1,100,Metro Walk Mall,39,Chinese
10575,Langford Gardens,Bangalore,Pizza Hut,600,3.8,100,O'Shngness Road,36,Pizzas
10537,Mylapore,Chennai,Grill Box,600,4.3,100,Rk Salai,58,Tandoor
6917,Powai,Mumbai,Eagle Boys Pizza,600,3.7,100,Chandivali,56,Pizzas
3813,Gariahat,Kolkata,Kimli,600,4.4,100,Purnadas Road,69,Chinese
1609,Andheri East,Mumbai,Kung Fu Panda,600,4.3,100,Marol,58,Chinese
355747,Narayanguda,Hyderabad,Grameen Kulfi,120,4.4,100,Kmit,24,Desserts
325490,Anna Nagar West,Chennai,Dessert Addiction,299,4.4,100,Annanagar,65,Desserts
140552,Surat,Surat,Daddy'S Cake,450,4.4,100,Nr Gujarat Gas Circle,52,Desserts
118546,Chembur,Mumbai,Chelaram Farsan,100,4.4,100,Chembur,48,Snacks
97301,Ghorpadi,Pune,Ganesh Bhavan Sweets And Snacks,100,4.4,100,B.T. Kawade Road,49,Fast Food
54470,Alwarpet,Chennai,Grind Coffee House,100,4.4,100,Alwarpet,57,Bengali
52927,Malleshwaram,Bangalore,Malleshwaram Holige Mane,120,4.4,100,Sampige Road,54,Desserts
51448,Naranpura,Ahmedabad,Savoureux,650,4.4,100,Naranpura,45,Indian
36457,Jayanagar,Bangalore,Jalpaan,650,4.4,100,7Th Block,54,Desserts
24684,Egmore,Chennai,Flower Drum,1100,4.4,100,Pantheon Road,45,Chinese
6803,Koregaon Park,Pune,Squisito,1100,4.4,100,Near Great Punjab,56,Italian
444780,Rohini,Delhi,Theobroma,850,4.4,100,Rohini,33,Desserts
379342,Alwarpet,Chennai,Flipside (Burgers And Sides),750,4.4,100,Alwarpet,68,American
370024,Ameerpet,Hyderabad,Sri Ganesh Fruit Juice,100,4.4,100,Ameerpet,71,Fast Food
365354,Jodhpur Park,Kolkata,Wah! Phuchka,100,4.4,100,Jadavpur,84,Fast Food
353897,Pulikeshi Nagar,Bangalore,Kc Das Sweet Bite,100,4.4,100,Frazer Town,45,Bengali
337198,Mylapore,Chennai,Ciro'S Pizzeria,1000,4.4,100,Royapettah,60,Pizzas
322153,Powai Area,Mumbai,Mainland China,850,4.4,100,Powai Area,57,Chinese
320604,Bkc,Mumbai,Sequel,1000,4.4,100,Bandra Area,50,Snacks
313925,Koregaon Park,Pune,Toscano,1200,4.4,100,Koregaon Park,59,Italian
282990,Bidhannagar,Kolkata,Once Upon A Noodle By Ambuja Neotia,599,4.4,100,Salt Lake,72,Chinese
260557,Kurla West,Mumbai,Deepak Farsan Mart,40,4.4,100,Kurla,39,Indian
200773,Park Street Area,Kolkata,Fabcafe By Fabindia,1000,4.4,100,Brahmachari Street,58,Indian
176437,Powai Area,Mumbai,Oh! Calcutta,800,4.4,100,Powai Area,58,Bengali
86477,Ambawadi,Ahmedabad,Umami By Curries,850,4.4,100,Navrangpura,44,Indian
78478,Masab Tank,Hyderabad,Diamond Pan Shop,1000,4.4,100,Masabtank,49,Biryani
67411,Kondhwa,Pune,Cafe Samosa Corner,100,4.4,100,Kondhwa,65,Indian
66378,Chembur,Mumbai,Stars Parade,700,4.4,100,Chembur,47,Indian
61128,Kurla,Mumbai,Hotel Sunny,700,4.4,100,Chembur,43,Indian
50934,Navrangpura,Ahmedabad,Choice Snack Bar,450,4.4,100,C G Road,33,Bengali
47788,Ellisbridge,Ahmedabad,The Westend Hotel (Mayflower),450,4.4,100,Ellisbridge,27,Indian
36493,Koramangala,Bangalore,Chaska Bun,178,4.4,100,Koramangala,57,Fast Food
27974,Jadavpur,Kolkata,Bawarchi Fast Food- Jadavpur,120,4.4,100,Near 8B Bus Stand,81,Fast Food
24749,Park Street Area,Kolkata,Jimmy'S Kitchen,1400,4.4,100,Near Kala Mandir,56,Chinese
18857,Ballygunge,Kolkata,Red Hot Chilli Pepper,1000,4.4,100,Ballygunge Circular Road,62,Chinese
16696,Gariahat,Kolkata,Fresh-N-Up,450,4.4,100,Near Golpark,66,Chinese
16659,Ballygunge,Kolkata,Chili'S American Grill & Bar,900,4.4,100,Quest Mall,76,American
13806,Santacruz East,Mumbai,Mr. Chows,800,4.4,100,Bkc,41,Chinese
9850,Thousand Lights,Chennai,The Marina,1500,4.4,100,Nugambakkam,49,Seafood
5908,Vasanth Nagar,Bangalore,Miller'S 46,1100,4.4,100,Cunnigham Road,47,Snacks
5157,Shivajinagar,Pune,Mainland China,850,4.4,100,Pyramid Mall,53,Chinese
246,Jogupalya,Bangalore,Kim Lee,650,4.4,100,Double Road,50,Chinese
308707,Banjara Hills,Hyderabad,Krispy Kreme,170,4.3,100,G V K  One   Mall,54,Desserts
160120,Basavanagudi,Bangalore,Asha Sweets Center,1000,4.3,100,Gandhi Bazar,47,Indian
118818,Kadugondanahalli,Bangalore,Vijayalakshmi Veg,100,4.3,100,Nagavara Main Road,56,Chinese
76167,Visharant Wadi,Pune,Joshi Wadewale,100,4.3,100,Vishrantwadi,58,Fast Food
57617,Erandwane,Pune,Shri Gajanan Shegaon Kachori,100,4.3,100,Karve Nagar,47,Fast Food
42466,Anna Nagar,Chennai,Lassi Shop,100,4.3,100,Opp K3 Police Station,53,Bengali
381901,Indiranagar,Bangalore,Raffaele'S Ristorante Pizzeria,800,4.3,100,Indiranagar,60,Pizzas
354531,Ashok Nagar,Bangalore,Burger Seigneur,1200,4.3,100,Central Bangalore,34,American
343140,Park Street Area,Kolkata,Moti Mahal Delux,700,4.3,100,Central Kolkata,54,Indian
328878,Santacruz East,Mumbai,Charcoal Eats - Biryani & Beyond,499,4.3,100,Manipada Road,32,Biryani
326959,Machuabazar,Kolkata,6 Ballygunge Place Take Away - Maniktala,800,4.3,100,Near Rajabazar Science College Vidyasagar Street Between Hp Petrol Pump And Canis Care Pet,39,Bengali
300474,Bidhannagar,Kolkata,Bijoli Grill,800,4.3,100,Salt Lake,58,Chinese
295595,Jodhpur Park,Kolkata,Hondo'S,450,4.3,100,South Kolkata,80,American
294214,Kalighat,Kolkata,Marco Polo,1000,4.3,100,South Kolkata,74,Indian
291431,Bhowanipore,Kolkata,Royal China,1500,4.3,100,Central Kolkata,72,Chinese
280507,T. Nagar,Chennai,Courtyard By Marriott,700,4.3,100,T Nagar,67,Biryani
264223,Dum Dum,Kolkata,Gupta & Sons,100,4.3,100,Near Orbit Restaurant,88,Indian
261707,Koramangala,Bangalore,Raffaele'S Ristorante Pizzeria,800,4.3,100,Koramangala,61,Pizzas
220772,Ashok Nagar,Bangalore,Aubree,800,4.3,100,Central Bangalore,29,Desserts
154343,Basavanagudi,Bangalore,Sandwich Guru,99,4.3,100,Jayanagar,50,Snacks
148916,Bidhannagar,Kolkata,Abcos Food Plaza,1200,4.3,100,Behind Columbia Asia Hospital,63,Bengali
146304,Victoria Layout,Bangalore,Hyderabad Biryaani House,499,4.3,100,Central Bangalore,35,Indian
74668,Elgin,Kolkata,Govinda'S,750,4.3,100,Near Sri Sri Radha Govindaji Mandir,55,Indian
56497,Indiranagar,Bangalore,Maravanthe,800,4.3,100,Indiranagar,54,Seafood
52686,Ashok Nagar,Bangalore,Chung Wah,800,4.3,100,Residency Cross Road,38,Chinese
44261,Anna Nagar,Chennai,Urban Spatula,1000,4.3,100,Annanagar,80,Arabian
36556,Bidhannagar,Kolkata,Terminal 11,1100,4.3,100,Near Cap Camp Island,68,Italian
35835,Rohini,Delhi,Sweet Truth - Cake And Desserts,450,4.3,100,Sector 8,37,Desserts
32510,Ashok Nagar,Bangalore,Toscano,1200,4.3,100,Central Bangalore,39,Italian
29071,Jayanagar,Bangalore,Cakewala,450,4.3,100,Jayanagar,51,Desserts
27259,Bhowanipore,Kolkata,Fabbrica,1200,4.3,100,Opposite Cream Centre,61,Italian
24872,Powai Area,Mumbai,Mahesh Lunch Home,900,4.3,100,Powai Area,58,Seafood
23607,Banjara Hills,Hyderabad,Flying Spaghetti Monster,1500,4.3,100,Green Valley,76,Italian
20435,Chembur,Mumbai,Krishnaa Leela,450,4.3,100,Chembur Naka Chembur,45,Fast Food
15234,Paschim Vihar,Delhi,Hong Kong Express,450,4.3,100,Avtar Enclave Paschim Vihar,50,Chinese
9923,Thousand Lights,Chennai,Bombay Brasserie,900,4.3,100,Nugambakkam,48,Indian
9121,Thousand Lights,Chennai,Mamagoto,900,4.3,100,Nugambakkam,55,Chinese
5882,Ashok Nagar,Bangalore,Oh! Calcutta,800,4.3,100,Church Street,36,Bengali
5573,Ashok Nagar,Bangalore,Mainland China,850,4.3,100,Church Street,40,Chinese
5119,Koregaon Park,Pune,Arthur'S Theme,800,4.3,100,Lane No 6 Opp Cosmos Bank Kp,56,Italian
2914,Ashok Nagar,Bangalore,Bheemas,550,4.3,100,Church Street,31,Andhra
403037,Royapuram,Chennai,Nic Natural Ice Creams,120,4.5,100,Bc Press Road,52,Desserts
395928,Hatibagan,Kolkata,Grameen Kulfi,120,4.6,100,Arabinda Sarani,39,Desserts
385466,Naranpura,Ahmedabad,Vaishnav Farali World,180,4.5,100,Naranpura,54,Indian
366790,Jam Bagh,Hyderabad,Subbu Mirchi Point,100,4.1,100,Kachiguda,29,Fast Food
359804,Nanpura,Surat,Grameen Kulfi,120,4.6,100,Athwa Gate Cirlce,28,Desserts
355757,Kothapet,Hyderabad,Grameen Kulfi,120,4.5,100,Magic Spoons Enterprises,46,Desserts
256660,Bharthana,Surat,Kwality Walls Frozen Dessert & Ice Cream Shop,100,4.6,100,Piplod,47,Desserts
252614,Paschim Vihar,Delhi,Nic Natural Ice Creams,120,4.5,100,Paschim Vihar,35,Desserts
250575,Himayatnagar,Hyderabad,A Bleu Basil,700,4.1,100,Himayath Nagar,36,Indian
247601,Beleghata,Kolkata,John'S Bakery,100,4.1,100,6D Surah Second Lane,49,Snacks
225792,Sector 1 Rohini,Delhi,Cake Studio-100% Veg,99,3.8,100,Rohini,28,Snacks
140013,Armane Nagar,Bangalore,Sattvam,1200,4.2,100,Rajajinagar,52,Chinese
124053,Bandra East,Mumbai,Nic Natural Ice Creams,120,4.6,100,Hsg Society,37,Desserts
121985,Andheri East,Mumbai,Munna Bhel Puri House,99,3.9,100,Kurla Road,58,Snacks
111033,Bhowanipore,Kolkata,Sharma Jalpan,100,4.1,100,Near Khalsa High School,55,Snacks
109194,Varachha,Surat,New Taj Mahal Restaurant,180,3.7,100,Kolsawad,41,Punjabi
107488,Hirabaugh,Surat,Sonal Bhel & Fast Food,100,3.9,100,Hirabaug,51,Fast Food
87882,Udhna,Surat,Tulsi Restaurant,180,4,100,Nr Udhna Bus Depot,32,Punjabi
87128,Park Street Area,Kolkata,Shree Krishna Hot Chips,80,4.6,100,Wood Street,43,Snacks
86443,Pulikeshi Nagar,Bangalore,Nic Natural Ice Creams,120,4.6,100,Fraser Town,40,Desserts
79298,Ghatkopar East,Mumbai,Blossom (Vikrant Circle),800,4.2,100,Ghatkopar East,45,Snacks
77391,Ghodasar,Ahmedabad,Comfy Restaurant,0,4,100,Isanpur,48,Indian
76424,Vastrapur,Ahmedabad,Sasuma,100,4.2,100,Vastrapur,47,Gujarati
68000,Girdhar Nagar,Ahmedabad,Rajkamal,550,4.2,100,Shahibagh,46,Indian
64770,Athwa,Surat,The Belgian Waffle Co.,270,4.5,100,Ghod Dod Road,38,Desserts
64062,Modi Colony,Pune,Nic Natural Ice Creams,120,4.6,100,Moledina Rd,31,Desserts
59426,Ahmedabad,Ahmedabad,Kabir Restaurant,550,4,100,Chandkheda,69,Indian
59146,Victoria Layout,Bangalore,Krispy Kreme,170,4.7,100,Ground Floor Campbell Rd Xavier Layout,33,Desserts
58089,Vastrapur,Ahmedabad,Iscon Ganthiya,100,4,100,Vastrapur,51,Fast Food
55957,Himayatnagar,Hyderabad,Goli Soda,100,4.1,100,Bharkatpura,33,Bengali
54473,George Town,Chennai,Hotel Shiva Shagar,450,4.1,100,Park Town,36,Bengali
54451,Malleshwaram,Bangalore,La Heaven,384,4.1,100,Sampige Road,58,Desserts
51662,Ashok Nagar,Bangalore,Hari Super Sandwich,100,4,100,Brigade Road,30,Fast Food
50508,Perambur,Chennai,S2C Chaat,100,4.1,100,Perambur,60,Fast Food
44388,Ellisbridge,Ahmedabad,Alinea Restaurant & Banquet,550,4.1,100,Paldi,32,Indian
42313,Paldi,Ahmedabad,Udipi Cafe,450,4.2,100,Paldi,26,Punjabi
33561,Ghatkopar East,Mumbai,Junos Pizza,1000,4,100,Ghatkopar Vikhroli,47,Pizzas
22948,Basheer Bagh,Hyderabad,Makers Of Milkshakes,260,4.2,100,King Koti Road,33,Bengali
21369,Khar West,Mumbai,Urban Street Cafe,450,4.5,100,Bhavya Plaza,54,Italian
17708,Khar West,Mumbai,Bachelorr'S,800,4.1,100,Ongc Colony Road,47,Fast Food
13955,Erandwane,Pune,Ganesh Bhel,100,4.6,100,Alankar Police Chowky,48,Fast Food
4575,Bidhannagar,Kolkata,Fly Kouzina,1000,4.2,100,Sector 1,63,Italian
1203,Film Nagar,Hyderabad,Little Italy,1200,4.1,100,Road No 92,71,Pizzas
439223,Salt Lake,Kolkata,Karims (Original From Jama Masjid Delhi 6),800,4.2,100,Salt Lake,63,Biryani
424558,Basavanagudi,Bangalore,La Pino'Z Pizza,220,3.9,100,Basavanagudi,51,Pizzas
423814,Majestic,Bangalore,Hotel Annapoorna,450,4.5,100,Majestic,38,Biryani
409271,Maninagar,Ahmedabad,Lapinoz Pizza,199,4.2,100,Maninagar,45,Pizzas
406007,Paldi & Ambawadi,Ahmedabad,La Pinoz Pizza,199,4.1,100,Paldi & Ambawadi,36,Pizzas
393761,Rohini,Delhi,Shiv Shankar Dhaba,170,4,100,Rohini,36,Chinese
387953,Punjabi Bagh,Delhi,Aioli Bistro,1000,4.2,100,Punjabi Bagh,65,Italian
375544,Bidhannagar,Kolkata,Bhooter Raja Dilo Bor,800,4.2,100,Salt Lake,85,Bengali
370318,Kodungaiyur,Chennai,Khan Bhai Biriyani,280,4.1,100,Perambur,63,Biryani
369970,Himayath Nagar,Hyderabad,Arancini,700,3.6,100,Human Tekdi,37,Pizzas
369534,New Nallakunta,Hyderabad,Jai Bhavani Spicy Hot Fast Food Centre,100,3.8,100,Chikkadpally,29,Fast Food
368434,Ameerpet,Hyderabad,Sai Ganesh Tiffins,50,4,100,Ameerpet,64,Fast Food
367602,Banjara Hills,Hyderabad,Ciro'S Pizzeria,1000,3.9,100,Khairatabad,64,Pizzas
360162,Jogupalya,Bangalore,Rolling Dough Cafe,700,4.1,100,Indiranagar,49,Italian
353915,Toli Chowki,Hyderabad,Bakewell Cake House,100,4.1,100,Tolichowki,66,Snacks
352648,Kilpauk,Chennai,Fish N You,450,3.9,100,Annanagar,54,Seafood
345886,Chembur,Mumbai,Noto - Healthy Ice Cream,190,4.5,100,Chembur,44,Desserts
339287,Banjara Hills,Hyderabad,Spice 6 Global Dining,900,4.2,100,Banjara Hills,55,Indian
338628,Ambegaon,Pune,Roll Xpress,100,4,100,Ambegaon,72,Chinese
334921,Khar West,Mumbai,Sheetal Restaurant And Bar,1200,4.2,100,Bandra West,57,Indian
317438,Jayanagar,Bangalore,Trattoria By Toscano,900,4.1,100,Jayanagar,46,Italian
316928,Koramangala,Bangalore,Hungry Chang,280,3.8,100,Koramangala,57,Chinese
316863,Koramangala,Bangalore,Tharavadu Malabar Biryani,230,3.4,100,Koramangala,57,Biryani
315343,Ameerpet,Hyderabad,2 Chefs Cafe,100,3.9,100,Ameerpet,62,Snacks
314828,Thousand Lights,Chennai,Copper Chimney,900,4.2,100,Thousand Lights,47,Indian
313825,Humayun Nagar,Hyderabad,Gulbarga'S Mama Puri & Special Snacks,149,4.1,100,Mehdipatnam,52,Snacks
307058,Kodambakkam,Chennai,Murugan Kaappi,50,4.1,100,Vadapalani,78,Snacks
306795,Pacific Mall Subhash Nagar,Delhi,Daryaganj - By The Inventors Of Butter Chicken And Dal Makhani,1200,4.2,100,Rajouri Garden,76,Indian
303947,Bandra Area,Mumbai,The Bluebop Cafe,1100,4.6,100,Bandra West,62,Italian
300609,Vasanth Nagar,Bangalore,Chungs Chinese Corner - Cunningham Road,450,4.2,100,Cunningham Road,36,Chinese
299150,26,Chennai,Malabar Point,450,4.2,100,Alwarpet (Malabar Point),58,Biryani
296022,Chembur,Mumbai,One By Two,100,4.2,100,Chembur,44,Chinese
290399,Sampangi Rama Nagar,Bangalore,Tandoori Taal,700,4.5,100,Race Course Road,38,Indian
289969,Ashok Nagar,Bangalore,Cantan,1000,4.5,100,Cantan Lavelle Road,35,Chinese
266184,Bandra Area,Mumbai,Yauatcha,2000,4.5,100,Bandra Area,52,Chinese
264926,Banjara Hills,Hyderabad,Hard Rock Cafe Hyderabad,900,4,100,Balapur Basthi,66,American
146975,Narolgam,Ahmedabad,Shree Ambika Ma,200,3,20,Nikol,77,Chinese
145378,Kodambakkam,Chennai,The Sandwich Shop,200,4.1,20,Puliyur Main Road,75,Indian
141879,Purasaiwakkam,Chennai,Shree Maa Inti Devi Chat,200,3.6,20,Mookathal Street,40,Snacks
133393,Andheri East,Mumbai,Dessert Junction,200,3.7,20,Andheri East,54,Desserts
127527,Ambawadi,Ahmedabad,Delight,200,3.9,20,Paldi,40,Fast Food
111637,Abids,Hyderabad,Gafoor Ice Cream,200,3.7,20,Mj Market,34,Desserts
108893,Navjivan,Ahmedabad,Jay Shree Jalaram Parotha House,200,2.8,20,Naranpura,45,Indian
106402,Paldi,Ahmedabad,Shriram Dabeli Vada Pav,200,4.4,20,Paldi,37,Fast Food
106049,Adajan,Surat,The Foodiez Point,200,3.9,20,Opp Gail Tower,46,Chinese
103057,Beleghata,Kolkata,Crazy 4 Cakes,200,3.9,20,Subhas Sarobar Park,44,Desserts
97147,Uttran,Surat,B & G Food Campus,200,3.7,20,Utran,44,Fast Food
88954,Varachha,Surat,Bismillah Pav Bhaji & Fast Food,200,4,20,New Textile Market,42,Fast Food
88016,Kurla,Mumbai,Brownie Bee The Cake Boutique,200,3.8,20,Kurla,32,Desserts
75799,Shivajinagar,Pune,Lkd | La Kheer Deli,200,4.3,20,Shivaji Nagar,34,Desserts
75313,Vishal Nagar,Surat,Mr Pizza G,200,3.5,20,Laxmi Enclave,61,Pizzas
65412,Vastrapur,Ahmedabad,Jay Bhole Vadapav,200,4,20,Vastrapur,49,Snacks
62729,Kothrud,Pune,Shahi Durbar,200,4.3,20,Kothrud,58,Desserts
55549,Ambawadi,Ahmedabad,Jay Bhole Vadapav - Nehru Nagar,200,3.9,20,Ambavadi,36,Fast Food
49860,Wanwadi,Pune,Havmor Havfunn,200,4.5,20,Wanowrie,60,Desserts
42315,Ambawadi,Ahmedabad,Tummy Fillers,200,4.1,20,Nehru Nagar Ambawadi,38,Fast Food
41321,Indiranagar,Bangalore,Green G Juice Bar,200,4.2,20,Hal 2Nd Stage,60,Bengali
39602,Shukrawar Peth,Pune,Preeti Pavbhaji & Juicebar,200,3.8,20,Swargate,38,Fast Food
34150,Himayatnagar,Hyderabad,Sri Shagun Mithai Vatika,200,4.3,20,Domalguda,34,Desserts
33232,Ghatkopar West,Mumbai,A 1 Ice Creams,200,4.5,20,Bhatwadi,41,Desserts
25566,Andheri East,Mumbai,Havmor Havfunn,200,4.6,20,Mona Bhavan,46,Desserts
14451,Pashan,Pune,Gozo Homemade Ice-Creams,200,4.5,20,Baner Pashan Link Road,65,Desserts
448590,Aminjikarai,Chennai,Great Indian Khichdi,200,4.2,20,Manickam Road,60,Indian
448216,Indiranagar,Bangalore,Momo Zone The Momo Company,200,4.4,20,Indiranagar,64,Chinese
445893,Rohini,Delhi,Chinese By Heart,200,4.1,20,Rohini,37,Chinese
445835,Rohini,Delhi,Thaaliwalaa,200,4,20,Rohini,36,Punjabi
445826,Rohini,Delhi,Lala Pakode Wala,200,4.4,20,Rohini,37,Snacks
445821,Rohini,Delhi,Mr Paratha,200,3.9,20,Rohini,37,Punjabi
445802,Rohini,Delhi,Murthalwala,200,4.2,20,Rohini,37,Punjabi
442889,Himayath Nagar,Hyderabad,The Dessert Bakers,200,4.5,20,Himayath Nagar,35,Snacks
442828,Shivaji Nagar,Pune,The Dessert Heaven,200,4.6,20,Shivaji Nagar,50,Snacks
442789,Indiranagar,Bangalore,The Dessert Corner,200,4.5,20,Indiranagar,60,Snacks
436988,Burrabazar,Kolkata,The Chicken House,200,4.5,20,Burrabazar,45,Snacks
435472,Nallakunta & Vidyanagar,Hyderabad,Abu Shawarmas,200,4.2,20,Nallakunta & Vidyanagar,45,Arabian
426072,Pitampura,Delhi,The Yellow Bowl,200,4.4,20,Nsp,48,Chinese
420720,Koramangala,Bangalore,Dairy Day Ice Creams,200,4.5,20,Koramangala,59,Desserts
415326,Banjara Hills,Hyderabad,Kulfi & Falooda Project,200,2.7,20,Banjara Hills,67,Desserts
414919,Maninagar,Ahmedabad,Raj Omlet Center,200,3.7,20,Maninagar,49,Fast Food
413483,Jayanagar,Bangalore,Golden Chai,200,4.3,20,Jayanagar,50,Bengali
411273,Athwa,Surat,New Janta Ice Cream,200,4.1,20,Athwa,34,Desserts
409534,Ballygunge,Kolkata,24 Seven,200,4.2,20,Ballygunge,72,Chinese
408327,Charminar,Hyderabad,Snappy Snacks Point,200,3.4,20,Charminar,52,Chinese
403216,Central Bangalore,Bangalore,Burger It Up,200,4.1,20,Central Bangalore,47,American
403197,Central Bangalore,Bangalore,The Dessert Zone,200,3.9,20,Central Bangalore,47,Snacks
400765,Kothapet & Dilsukhnagar,Hyderabad,Monster Burger,200,3.2,20,Kothapet & Dilsukhnagar,75,Chinese
400427,Tarnaka  Nacharam & Malkajigiri,Hyderabad,Cupcake Bliss Cake & Desserts,200,4,20,Tarnaka  Nacharam & Malkajigiri,72,Snacks
396752,Shantinagar,Bangalore,Slay Coffee,200,4.4,20,Residency Road,44,Bengali
395773,Kothapet & Dilsukhnagar,Hyderabad,Wah! Kulcha,200,3.7,20,Kothapet & Dilsukhnagar,77,Fast Food
391172,Powai,Mumbai,99@Biryani,200,3.5,20,Powai,55,Biryani
388966,Athwa,Surat,M.P Chicken & Omlet,200,3.2,20,Athwa,37,Chinese
387382,Nampally,Hyderabad,Naseeb Hotel,200,3.8,20,Aghapura Nampally,36,Indian
384529,Ruby Area,Kolkata,Kitchen Plaza,200,4,20,Ruby Area,84,Indian
380580,Athwa,Surat,Mr. Waffle And  Momos,200,3.4,20,Athwa,46,Chinese
379892,Abids & Koti,Hyderabad,The Brooklyn Creamery - Healthy Ice Cream,200,3.9,20,Abids,35,Desserts
378796,Kothrud,Pune,Shivtirth Vadapav,200,3.7,20,Kothrud,60,Indian
378411,Lake Town,Kolkata,Bangaliana,200,3.8,20,Lake Town,88,Indian
374165,Kothrud,Pune,Billion Burger,200,4.3,20,Kothrud,55,Fast Food
369497,Santacruz East,Mumbai,Grill And Chill,200,4.4,20,Scruz Bandra East,38,Fast Food
369224,Gariahat,Kolkata,Uns Cafe & Dining,200,4.5,20,South Kolkata,78,Indian
368307,Kachiguda,Hyderabad,New Handi Biryani,200,3.9,20,Himayath Nagar,29,Chinese
366571,Kasba,Kolkata,Fusion Of China,200,4.2,20,Ruby Area,73,Chinese
366015,Rohini,Delhi,Jd Meals,200,3.7,20,Rohini,48,Indian
365818,Santacruz East,Mumbai,The Brooklyn Creamery - Healthy Ice Cream,200,4.4,20,Kalina,28,Desserts
359969,Lake Gardens,Kolkata,Chinese Food Corner,200,3.7,20,Jadavpur,85,Chinese
358139,Pitam Pura,Delhi,Kuremal Mahavir Prasad Kulfi Wale - Kuremal Kulfi,200,3.9,20,Nsp,45,Desserts
357685,Shivaji Nagar,Hyderabad,Metro Cafe,200,3.7,20,Begumpet,59,Indian
356481,Kankurgachi,Kolkata,Zalt,200,4.4,20,Burrabazar,57,Indian
354770,Santacruz East,Mumbai,Biryani Tales,200,3.8,20,Scruz Bandra East,38,Biryani
352725,Paldi,Ahmedabad,Chai G,200,3.3,20,Paldi & Ambawadi,30,Bengali
352022,Ameerpet,Hyderabad,Surprise India - Online Cake Delivery,200,3.7,20,Ameerpet,78,Snacks
350067,Chudi Bazaar,Hyderabad,Pranav Dhaba,200,4.1,20,Begum Bazar,42,Indian
349843,Kalighat,Kolkata,New Maharaj,200,4.8,20,South Kolkata,73,Indian
348843,Deccan Gymkhana,Pune,The Brothers Shawarma Cafe,200,3.4,20,Shivaji Nagar,37,Fast Food
347273,Kuber Nagar,Ahmedabad,Cake & Bake,200,3.7,20,Naroda,84,Snacks
346588,Tiruvalleeswarar Nagar,Chennai,Sangeetha Veg (Vr Mall),200,4.2,20,Mogappair,82,Indian
346104,Athwa,Surat,Shree Bhakti Dhokla & Spices,200,4.3,20,Athwa,29,Chinese
344329,Dhankawadi,Pune,The Biryani House,200,3.2,20,Dhankawadi,72,Indian
343220,Purasaiwakkam,Chennai,Royal Sandwich,200,4,20,Purasawalkam,34,Fast Food
341347,Mehdipatnam,Hyderabad,Hottie And Spicy Chat And Juices,200,4.4,20,Tolichowki,55,Snacks
340578,Dum Dum,Kolkata,Gita Ranis Suswadu Hesel,200,2.8,20,Dumdum,84,Indian
336514,Egmore,Chennai,Balaji Sandwich Stall,200,4.6,20,Egmore,40,Snacks
332172,New Malakpet,Hyderabad,Grill Station,200,3.9,20,Kothapet & Dilsukhnagar,44,Indian
332020,Saki Naka,Mumbai,The Spot ( Sakinaka Andheri),200,2.8,20,Saki Naka Metro Station,47,Fast Food
331523,Dhankawadi,Pune,Bholes Rock & Rolls,200,3.8,20,Dhankawadi,68,Indian
331093,Royapettah,Chennai,Pasta Brasserie,200,3.8,20,Kilpauk,52,Italian
320942,Memnagar,Ahmedabad,Bhojanam,200,4.1,20,Vastrapur,53,Chinese
320189,Navsari Bazaar,Surat,New Famous Chinese,200,4.5,20,Athwa,30,Chinese
319888,Gurukul,Ahmedabad,Chai Coffe Point,200,3.9,20,Vastrapur,46,Snacks
317787,Shivajinagar,Pune,Havmor Ice Creamjm Road,200,4.2,20,Shivaji Nagar,28,Desserts
316708,Purasaiwakkam,Chennai,Spice Hub Vada Pav,200,4.6,20,Purasawalkam,39,Snacks
314279,Dumdum,Kolkata,Cholo Khai,200,4.2,20,Bediapara,90,Bengali
313088,New Alipore,Kolkata,South Indian Flavours,200,3.4,20,Alipore,81,Indian
312865,Ejipura,Bangalore,The Downtown Pizzeria,200,4.2,20,Koramangala,63,Italian
312622,Warje,Pune,Ashays Fusion Momo,200,4.7,20,Malwadi,70,Chinese
311443,Nanpura,Surat,Siddhi Icecream & Thick Shake,200,4.2,20,Athwa,30,Desserts
311198,Kestopur,Kolkata,Handi Kitchen,200,4.1,20,Lake Town,88,Chinese
310529,Baranagar,Kolkata,Darchini,200,3.8,20,Kc Ghosh Rd,70,Indian
310017,Navrangpura,Ahmedabad,Love For Khichdis,200,4.2,20,Navrangpura,39,Indian
306737,Vastrapur,Ahmedabad,Nanking Express,200,4.2,20,Vastrapur,49,Indian
306242,Taltala,Kolkata,Noodle Time,200,4.3,20,Esplanade,50,Chinese
305365,Narayanguda,Hyderabad,Old Mumbai Ice Cream,200,3.7,20,Himayath Nagar,28,Desserts
305191,Vadapalani,Chennai,Aps Chat,200,4.2,20,Kodambakkam,83,Fast Food
298393,Raja Bazar,Kolkata,Delisha Biryani House,200,3.5,20,Opposite Hind Mahal,42,Biryani
297562,Purasaiwakkam,Chennai,Slay Coffee,200,3.8,20,Purasaiwakkam,49,Bengali
297373,Seshadripuram,Bangalore,Mantap Ice Cream,200,4.7,20,Sheshadripuram,44,Desserts
292345,Khokhra,Ahmedabad,"Shere Punjab Food	Corner",200,4.2,20,Maninagar,46,Chinese
291062,Kothapet,Hyderabad,Corner Bowls,200,3.1,20,Sai Tirumala Nivas Green Hills Colony,62,Indian
290158,Dhankawadi,Pune,Hotel Dattaprasad,200,3.9,20,Near Grand Icon Building,71,Indian
289676,Lake Town,Kolkata,Bangalir Petpujo,200,3.5,20,Lake Town,83,Bengali
287790,Chembur,Mumbai,Fryday The 13Th,200,3.9,20,Chembur,49,Fast Food
286609,Choolaimedu,Chennai,The Madras Shawarma,200,4.2,20,Choolaimedu,61,Indian
282620,Anna Nagar,Chennai,Bunwich,200,3.5,20,Annanagar,78,Bengali
281035,Kurla West,Mumbai,Monginis,200,4.5,20,Kurla,33,Snacks
263294,Rohini,Delhi,Mr Chicken Changezi,200,3.7,20,Rohini,44,Indian
261430,Chembur,Mumbai,Jiffy Meals,200,4,20,Chembur,53,Indian
251568,Punjagutta,Hyderabad,Cookie Man Next Galleria Punjagutta,200,4.1,20,Banjara Hills,73,Snacks
251092,Navsari Bazaar,Surat,Badshahi Biryani,200,3.1,20,Athwa,34,Biryani
236756,Andheri East,Mumbai,Mother'S Touch Gujrati,200,3.2,20,Marol Sakinaka,58,Indian
233121,Himayath Nagar,Hyderabad,Eggasm,200,4,20,Himayath Nagar,28,Chinese
228565,Katad Khana,Pune,Subhanallah Biryani House,200,3.8,20,Camp,40,Biryani
224349,Karve Nagar,Pune,Nawabi Zaika,200,3.8,20,Karve Nagar,57,Fast Food
223314,Dum Dum,Kolkata,Khawabo Jatane Fast Food,200,4.3,20,Jawpur Road,88,Chinese
222404,Andheri East,Mumbai,Oh ! Dum Biryani Taste Bangal,200,3.8,20,Andheri East,50,Biryani
218634,Ayanavaram,Chennai,Food Finger,200,4.2,20,Kilpauk,57,Indian
218137,Topsia,Kolkata,Nigars Kitchen,200,3.8,20,Ruby Area,77,Indian
214521,Gopipura,Surat,Chinese Point,200,3.4,20,Nanpura,40,Chinese
208734,Dhankawadi,Pune,Burger N More,200,3.2,20,Dhankawadi,74,Indian
208249,Khairtabad,Hyderabad,Al Karam Kalyani Biryani,200,3.1,20,Somajiguda & Khairtabad,55,Biryani
204576,Thousand Lights,Chennai,Royal Fast Food,200,3.8,20,Nungambakkam,49,Chinese
190827,Ballygunge,Kolkata,Meraz Fast Food,200,3.4,20,Central Kolkata,62,Indian
189826,Talab Katta,Hyderabad,Moghal Hot Spot,200,3.2,20,Charminar,52,Biryani
188568,Sinthee,Kolkata,Snack 'N' Go,200,3.4,20,Dumdum,83,Indian
179449,Motera,Ahmedabad,Jay Ambe Bhajipav And Pulav,200,4,20,Motera,73,Fast Food
177155,Santacruz East,Mumbai,Sadguru Sandwiches Centre,200,4.5,20,Scruz Bandra East,40,Fast Food
176222,Varachha,Surat,Krishna Bakery,200,3.9,20,Lh Road,55,Desserts
175239,Baranagar,Kolkata,Aala Biriyani,200,4,20,Netaji Colony,67,Indian
175225,Moti Nagar,Delhi,The Street Bakers,200,4.2,20,Moti Nagar,71,Snacks
170539,Indiranagar,Bangalore,Donne Biryani Adda,200,3.8,20,Shrinivasa Tower,49,Biryani
170538,Indiranagar,Bangalore,Side Dish,200,4,20,Indiranagar Double Road,53,Tandoor
168361,Dumdum,Kolkata,Chacha'S Kitchen,200,4.3,20,Dumdum,73,Fast Food
165375,Paikpara,Kolkata,Shyamali'S Fast Food Centre,200,4.5,20,Shyamali'S Fast Food Centre,69,Indian
165130,Kondhwa,Pune,Frieswalla,200,4,20,Bibwewadi,76,Fast Food
164991,Uppal,Hyderabad,Maggi Bowl,200,2.7,20,Prashant Nagar,71,Fast Food
160865,Ambavadi,Ahmedabad,Mk Sandwich,200,4.4,20,Raysan,39,Chinese
133886,Bowbazar,Kolkata,Star Zoya Biryani,200,3.8,20,Nirmal Chandra Street,36,Biryani
132574,Kalina,Mumbai,Al-Kabeer Arabian Shawarma & Momos,200,4.2,20,Scruz Bandra East,38,Tandoor
132077,Habsiguda,Hyderabad,Amul Hav Mor @ Ice Crm Den,200,4.1,20,Uppal,52,Desserts
129561,Banjara Hills,Hyderabad,Combo Stories By 10D Express,200,4.1,20,Banjara Hills,66,Chinese
121992,Gurukul,Ahmedabad,Eggs & Eggs,200,4.4,20,Vastrapur,48,Fast Food
106722,Central Kolkata,Kolkata,Royal Singh Da Dhaba,200,3.3,20,Munsi Para ( Lalabagan),56,Biryani
101568,Tolichowki,Hyderabad,Tasty Fish Fry Point,200,4.1,20,Darusalam Road Goshal Road,35,Italian
99901,Kondhwa,Pune,Double Tea Cafe,200,4.1,20,Kondhwa,70,Chinese
97859,Tiretti,Kolkata,Ayan Fast Food Center,200,3.6,20,New Cit Road Near Tiretti Bazar Dalhousie Bbd Bagh,51,Indian
95278,Topsia,Kolkata,Delhi Cake Point,200,4.3,20,Indian Leather Complex,73,Snacks
93035,Khilwat,Hyderabad,Dairy Den,200,3.5,20,Chowmahallal Palace,51,Desserts
92830,Padmarao Nagar,Hyderabad,1D Cafe,200,3.7,20,Padmarao-Nagar,53,Snacks
92282,Langar Houz,Hyderabad,Dairy Den,200,4.2,20,Gudimalkapur,54,Desserts
92270,Redhills,Hyderabad,Khan-E-Khaas,200,4.3,20,Opp Hp Petrol Pump,47,Fast Food
91781,Annanagar East,Chennai,Italian Pizza,200,3.4,20,Annanagar East,62,Italian
83833,Bidhannagar,Kolkata,Burger Cafe,200,2.8,20,Burger Cafe,77,Fast Food
82844,Mehdipatnam,Hyderabad,Al Baik Shawarma,200,4.2,20,Gudi Malkapur,49,Arabian
80349,Paldi,Ahmedabad,Asharfi Kulfi,200,4.4,20,Paldi & Ambawadi,30,Indian
73574,Egmore,Chennai,Brownie Heaven,200,4.6,20,Egmore,37,Desserts
73475,Choolai,Chennai,Snackart,200,3.5,20,Pattalam,45,Snacks
72566,Yousufguda,Hyderabad,Eat N Joy Bakers,200,4.1,20,Kamalapuri Colony,67,Snacks
70577,Khairtabad,Hyderabad,The Just Biryani,200,4.3,20,Road 12,54,Chinese
69991,Bharthana,Surat,Crave In,200,3.8,20,E-Space Vesu,63,Fast Food
64640,Ahmedabad,Ahmedabad,Grill N Rice Restaurant,200,3.6,20,Laldarawaja,39,Indian
60471,Uttam Nagar,Delhi,Rolls Mania,200,3.6,20,Main Najafgarh Road,75,Bengali
51495,Baranagar,Kolkata,Kolkata Fries,200,4.4,20,Near Baranagar Police Station,94,Fast Food
49578,Annanagar East,Chennai,Daily Treat,200,3.8,20,Annanagar,62,American
48630,Teynampet,Chennai,Hot Pan,200,3.5,20,Teynampet,64,Pizzas
38462,Lake Gardens,Kolkata,Fresh And Food,200,3.7,20,Near Nava Nalanda,87,Indian
32611,College Square,Kolkata,Bindass Food Plaza,200,4.5,20,Near Goenka College,36,Indian
28949,Kurla,Mumbai,Denish The Cake Shop,200,4.1,20,Kurla West,34,Desserts
24726,Maniktala Main Rd,Kolkata,Appetizer,200,4,20,Maniktala Main Road Opposite Ekta Residency,61,Fast Food
22990,Nampally,Hyderabad,Al-Tazaj Fried Chicken,200,4,20,Mallepally,51,Italian
18333,T. Nagar,Chennai,Chocolate Fantasy,200,4.1,20,Thirumalai Pillai Road,64,Snacks
11162,Dilsukhnagar,Hyderabad,Desi Pizza,200,3.9,20,P And T Colony Road,50,Pizzas
4783,Adikmet,Hyderabad,Frosty Den,200,2.2,20,O.U Road,43,Desserts
4774,Adikmet,Hyderabad,Us Pizza,200,3.2,20,O.U Road,48,Italian
417454,Sri Nagar,Delhi,Calcutta Mithai,200,4.2,50,Nsp,57,Snacks
393942,Nallakunta & Vidyanagar,Hyderabad,Inti Ruchi,200,4.2,50,Nallakunta & Vidyanagar,48,Indian
359299,Erandwane,Pune,Miana'S Croissanterie,200,4.5,50,Law College Road,40,Snacks
340615,Central Kolkata,Kolkata,Bhimnag'S Brother Sreenath Nag,200,4.1,50,Bhattacharyya Road,43,Indian
331126,Lake Town,Kolkata,Rasoi Jalpan,200,4.4,50,Lake Town,71,Indian
326266,Kalyan Nagar X Roads,Hyderabad,Gelatica Gelato - Ice Cream & Sorbet The Finest,200,4.5,50,Ameerpet,71,Desserts
324199,Bidhannagar,Kolkata,Tiffin Express,200,4,50,Salt Lake,77,Indian
323332,Sanjay Nagar,Surat,Hotel Shyam,200,3.7,50,Parvat Patiya,48,Punjabi
323298,Ashok Nagar,Bangalore,Cold Stone Creamery,200,4,50,Garuda Mall,48,Desserts
322877,Ghatkopar East,Mumbai,Sunil Sandwich And Gaurav Juice Centre,200,4.3,50,Ghatkopar Vikhroli,47,Fast Food
312884,Banjara Hills,Hyderabad,Sundae Everyday Ice Cream,200,3.9,50,Banjara Hills,64,Desserts
310367,Vastrapur,Ahmedabad,Urban Foodie,200,3.9,50,Vastrapur,44,Fast Food
293795,Maninagar,Ahmedabad,Sainath Sandwich & Pizza,200,4.3,50,Maninagar,39,Pizzas
288605,Nava Vadaj,Ahmedabad,Kutchi Fast Food,200,4.1,50,Naranpura,50,Fast Food
215357,Kavadiguda,Hyderabad,Aamantran - Mithaaii,200,3.7,50,Nallakunta & Vidyanagar,43,Snacks
191686,Nana Varachha,Surat,Akshar Fast Food,200,3.5,50,Nr Mahavir Nagar Society,53,Fast Food
166202,Pal Gam,Surat,Desi Videsi - The Road Side Lounge,200,3.4,50,Nr Galaxy Circle,59,Punjabi
166056,Aundh,Pune,Cream Stone,200,4.1,50,Aundh,65,Desserts
147742,Khadia,Ahmedabad,Mahalaxmi Bhaji Pav Center (Main Bazar) -Manek Chowk,200,4.5,50,Law Garden,39,Fast Food
133490,Jorasanko,Kolkata,Crazy 4 Cakes - Ganesh Talkies,200,4,50,Rabindra Sarani,38,Desserts
124751,Bhowanipore,Kolkata,Chettys Corner,200,4.7,50,Justice Chandramahadeb Road Sreepally Bhowanipore,64,Fast Food
110580,Odhav,Ahmedabad,Jay Shree Sanskar Ice Cream And Lassi Corner,200,4.4,50,Laldarwaja,47,Desserts
110129,Chembur,Mumbai,Amul Ice Cream Parlour,200,4.5,50,Chembur,40,Desserts
97131,Varachha,Surat,Bs Mysore Dosa,200,3.8,50,Lh Road,44,Fast Food
94119,Athwa,Surat,Juice Factory,200,4.5,50,Athwalines,48,Desserts
88668,Athwa,Surat,51 Rainbow Ice Cream,200,4.4,50,Chowpaty,31,Desserts
87895,Shukrawar Peth,Pune,Shri Kailash Dairy,200,4.1,50,Shukrawar Peth,33,Bengali
79269,Ellisbridge,Ahmedabad,M.M.Parotha House,200,3.7,50,Ellisbridge Ahmedabad,27,Indian
71274,Ambawadi,Ahmedabad,Foodhut,200,2.7,50,Vejalpur,44,Snacks
67978,New Tippasandra,Bangalore,Sri Ganesh Juice Center,200,4.5,50,Indiranagar,61,Bengali
42113,Bidhannagar,Kolkata,Waffle Square Express,200,3,50,Beside Technopolis,78,Desserts
42034,Bidhannagar,Kolkata,Swirls,200,3.9,50,Beside Technopolis,75,Desserts
37566,University Area,Ahmedabad,Chai Wai,200,4.5,50,Gulbai Tekra,36,Bengali
15033,Hedua,Kolkata,Bandana Chat Centre,200,4.2,50,Opposite Liberty Cinema,42,Snacks
8706,Lal Bazar,Kolkata,The Yellow Straw,200,4.3,50,Dalhousie Bbd Bagh,40,Bengali
3900,Ashok Nagar,Bangalore,Mad Over Donuts,200,4.2,50,Magrath Road,51,Desserts
443815,Kothapet & Dilsukhnagar,Hyderabad,Habibi Hungry,200,4.6,50,Kothapet & Dilsukhnagar,40,Arabian
439390,Lake Town,Kolkata,Aamio Bengali,200,3.8,50,Lake Town,84,Indian
435748,Banjara Hills,Hyderabad,Haji Ali Fresh Fruit Juices,200,4.2,50,Banjara Hills,69,Bengali
429207,Banjara Hills,Hyderabad,Kouzina Kafe -The Food Court,200,4.2,50,Banjara Hills,65,Snacks
429206,Banjara Hills,Hyderabad,Burger It Up,200,4,50,Banjara Hills,68,American
429205,Banjara Hills,Hyderabad,Kaati Zone Rolls And Wraps,200,4.3,50,Banjara Hills,66,Fast Food
425995,Ghatkopar Vikhroli,Mumbai,Vadilal Ice Cream,200,4.6,50,Ghatkopar Vikhroli,43,Desserts
414649,Royapettah,Chennai,Indiana Burgers,200,4.6,50,Royapettah,54,American
414234,Uppal,Hyderabad,The Waffle Co,200,4.2,50,Uppal,61,Desserts
413047,Swargate,Pune,The Momo Panda,200,4.3,50,Swargate,34,Fast Food
412898,Tolichowki,Hyderabad,Coconut Juice Bar,200,4.5,50,Tolichowki,64,Bengali
411031,Chembur,Mumbai,Zaika Restaurant,200,3.5,50,Chembur,57,Chinese
410117,Rajouri Garden,Delhi,Spicy Crave,200,4,50,Rajouri Garden,74,Chinese
409923,Central Bangalore,Bangalore,Kaati Zone Rolls And Wraps,200,3.9,50,Central Bangalore,40,Fast Food
408245,Himayath Nagar,Hyderabad,Dragon Society,200,3.8,50,Himayath Nagar,34,Chinese
407755,George Town,Chennai,Sandwich Square,200,4.3,50,George Town,62,Snacks
407704,Ruby Area,Kolkata,Delicious Dhaba,200,3.4,50,Ruby Area,74,Indian
406606,North Dumdum,Kolkata,Classic Fast Food Centre,200,3.7,50,North Dumdum,73,Indian
406351,Annanagar,Chennai,The Sugar Free Keto Kafe - By Artinci,200,4.4,50,Annanagar,64,Snacks
406009,Navrangpura,Ahmedabad,Bablu Shree Farali Centre,200,3.9,50,Navrangpura,35,Indian
402101,George Town,Chennai,Lassi N Spicy,200,3.8,50,Tondiarpet,61,Bengali
399798,Central Kolkata,Kolkata,Ebites@99,200,4.4,50,Central Kolkata,47,Chinese
398875,Machuabazar,Kolkata,Couch Potato,200,4.1,50,Beadon Street,51,Chinese
397918,Piplod,Surat,Binayak Fast Food,200,4.5,50,Piplod,58,Fast Food
392156,South Kolkata,Kolkata,Bhukkad Gorilla,200,4,50,South Kolkata,65,American
389388,Adajan,Surat,Kudrati Kahumbo,200,4.8,50,Adajan,38,Bengali
383038,Nsp,Delhi,Pizzapastaburger Coin,200,3.7,50,Nsp,62,Pizzas
381056,Ruby Area,Kolkata,The Parking,200,4.3,50,Ruby Area,73,Chinese
380632,Uppal,Hyderabad,Waffee & Co,200,4.4,50,Uppal,63,Desserts
379007,South Kolkata,Kolkata,Tbc Bowlz,200,4.4,50,South Kolkata,76,Indian
378902,Piplod,Surat,Engine Cafe,200,4,50,Piplod,61,Indian
377877,Perambur,Chennai,Ziyach Atho Kadai,200,4.2,50,Perambur,53,Fast Food
375997,Rohini,Delhi,Artinci - Indulge Guilt Free!,200,4.4,50,Rohini,39,Desserts
375675,Kalighat,Kolkata,Tea Time,200,4.5,50,South Kolkata,59,Bengali
375382,Indiranagar,Bangalore,Artinci - Indulge Guilt Free!,200,4.7,50,Domlur,56,Desserts
375137,Andheri East,Mumbai,Kusum Rolls,200,3.8,50,Marol Naka,46,Indian
372902,Domlur,Bangalore,The Sugar Free Keto Kafe - By Artinci,200,4.7,50,Domlur,60,Desserts
371652,Purasaiwakkam,Chennai,Mad Over Donuts,200,4,50,Purasaiwakkam,47,Desserts
369997,Aundh,Pune,Crazy Momos,200,4.2,50,Aundh,63,Fast Food
369949,Toli Chowki,Hyderabad,Arabesq - Kunafa & Shawarma,200,3.7,50,Mehdipatnam,66,Arabian
361398,Jodhpur Tekra,Ahmedabad,Shakesee,200,4.1,50,Prahlad Nagar,48,Bengali
354704,Powai,Mumbai,Babu Moshai - The Bong Foodie,200,3.3,50,Powai,47,Bengali
354620,Sinthee,Kolkata,Calcutta Cabin,200,3.7,50,Dumdum,78,Bengali
349282,Kurla West,Mumbai,A1 Darbar,200,4.3,50,Kurla,31,Indian
348304,Andheri East,Mumbai,Clever Chinese,200,4.1,50,Andheri East,53,Indian
343908,Rohini,Delhi,Al Karim S Foods,200,3.9,50,Rohini,44,Indian
342907,New Alipore,Kolkata,Sandwich Aur Waffle Co,200,4.3,50,Alipore,90,Snacks
339608,Shalimar Bagh,Delhi,Shalimar Cafe  By Amandeep Pure Veg,200,4.3,50,Ashok Vihar,65,Indian
338370,Lake Gardens,Kolkata,Chunky Monkey,200,3.2,50,Jadavpur,84,Italian
336555,Kalighat,Kolkata,Drinking,200,4.1,50,South Kolkata,65,Bengali
336532,Jodhpur Village,Ahmedabad,The Salt Bae,200,3.8,50,Prahlad Nagar,44,Indian
335344,Chembur,Mumbai,Nandu'S Food Shack,200,4.1,50,Chembur,42,Chinese
335302,Kurla,Mumbai,Sahie Darbar,200,3.2,50,Kurla,41,Indian
330980,Navrangpura,Ahmedabad,La Shake Esfera,200,3.3,50,Navrangpura,40,Bengali
329884,New Malakpet,Hyderabad,Steves Kitchen,200,3.7,50,Kothapet & Dilsukhnagar,48,Chinese
328278,Kondhwa,Pune,Kathi Roll Inc,200,4.3,50,Kondhwa,69,Fast Food
320754,Haltu,Kolkata,Roll Heaven,200,4.2,50,Santoshpur,89,Fast Food
320573,Elgin,Kolkata,Mouchak,200,4,50,Central Kolkata,47,Indian
312644,Banjara Hills,Hyderabad,Slurpy Shakes,200,3.9,50,Banjara Hills,63,Bengali
310706,Jodhpur,Kolkata,Kolkata Beverage Company - Kbc,200,4.6,50,Jadavpur,86,Bengali
289374,Jubilee Hills,Hyderabad,Chopstick Chan,200,4.1,50,Madhapur,76,Chinese
288423,Narayan Nagar,Ahmedabad,New Purohit Chawana And Sweet Mart,200,4.1,50,Paldi & Ambawadi,35,Snacks
287933,Chembur,Mumbai,Mind The Gap Burgers,200,4,50,Chembur,58,Fast Food
257962,Saidabad,Hyderabad,Karachi Bakery Santoshnagar,200,4.6,50,Santoshnagar & Saidabad,49,Snacks
250779,Ghatkopar East,Mumbai,Lsd - Love Sugar & Dough,200,3.8,50,Ghatkopar Vikhroli,45,Snacks
246208,Rohini,Delhi,Bikaner Sweet India,200,3.3,50,Rohini,38,Indian
241851,Powai,Mumbai,Aamra Bangali By Ranjana'S Rannaghor,200,3.8,50,Andheri East,48,Bengali
233050,Abids,Hyderabad,Faasos,200,4,50,Abids,37,Chinese
226916,Guttahalli,Bangalore,Chinese Nalapaka,200,3.9,50,Malleshwaram,56,Chinese
220133,Aundh,Pune,Blue Dragon Chinese Katta,200,4,50,Aundh,64,Chinese
213655,Erandwane,Pune,Indiana Burgers,200,4.2,50,Kothrud,53,American
212592,Cit Nagar,Chennai,Arcot Royal Biriyani And Fastfood,200,3.5,50,T Nagar,71,Biryani
198344,Ellisbridge,Ahmedabad,The Biryani Life,200,3.9,50,Panchvati Ellis Bridge,32,Biryani
195349,Santacruz East,Mumbai,Slay Coffee,200,4.1,50,Cst Road,36,Bengali
175347,Egmore,Chennai,Symphony - Ramada,200,4,50,Egmore,39,Indian
172334,Dum Dum,Kolkata,Lucknow Biryani House,200,3.6,50,North Twenty Four Parganas,73,Indian
157267,Sector 9 Rohini,Delhi,Am2Pm Fitness Cafe,200,3.7,50,Sector-9,53,Bengali
118885,Adajan,Surat,Baba Omlet Center,200,4.3,50,Adajan Pal Road,49,Fast Food
115662,Mehdipatnam,Hyderabad,Amfah Hotel,200,4.2,50,Near Rytu Bazar Bus Stop,47,Biryani
114615,Antop Hill,Mumbai,New Punjab Restaurant,200,3.9,50,Sion Bhakti Park,58,Indian
113649,Ballygunge,Kolkata,Rajshahi Restaurant,200,3.8,50,Ustad Enayat Khan Avenue,63,Indian
111164,Anna Nagar West Extension,Chennai,Chennai Cakes,200,4.2,50,Anna Nagar West Extn,68,Snacks
91216,Ballygunge,Kolkata,Stoner'S Paradise,200,3.8,50,Bright Street Park Circus Area,68,Desserts
85848,Kalighat,Kolkata,Banani'S Kitchen,200,3.3,50,Mudiali,76,Indian
85642,Topsia,Kolkata,Albela Biryani,200,4.1,50,Ruby,70,Biryani
64234,Chembur,Mumbai,Liplick Pizzeria,200,3.9,50,Poster Colony,46,Pizzas
62267,Kothrud,Pune,Biryani Express 100% Home Made,200,3.9,50,Nanasaheb Sutar Path,76,Biryani
61561,West Mambalam,Chennai,Fnp Cakes 'N' More,200,3.7,50,Ashok Nagar,71,Desserts
56972,Entally,Kolkata,Alishan Biryani,200,4,50,Near Laxmi Stores,41,Biryani
47964,Salt Lake Area,Kolkata, Momozon,200,3.9,50,Salt Lake Sector 2 Salt Lake,58,Chinese
27552,Kalyani Nagar,Pune,Bread Story,200,4.3,50,Kalyani Nagar,52,Snacks
25850,Karve Nagar,Pune,Red Chinese & Momos,200,3.8,50,Karve Nagar,56,Chinese
25525,Dhankawadi,Pune,Roll Point,200,3.6,50,Dhankawadi,70,Chinese
12020,Sector 11 Rohini,Delhi,U.S. Burger Point,200,3.7,50,Near Himalya Public School Sector 7,56,Italian
3265,Indiranagar,Bangalore,Chaipatty,200,3.9,50,Hanumanthanagar,56,Fast Food
341805,Himayatnagar,Hyderabad,Cake L'Amore,200,4.1,500,Himayath Nagar,42,Snacks
336063,Banjara Hills,Hyderabad,Haldirams,200,4.3,500,Banjara Hills,63,Snacks
324615,East Kolkata Township,Kolkata,Snack Shack By Chatar Patar,200,4.4,500,Ruby Area,76,Snacks
310948,Ghatkopar East,Mumbai,Achija,200,4.1,500,Ghatkopar Vikhroli,44,Fast Food
261729,Himayatnagar,Hyderabad,The Belgian Waffle Co.,200,4.4,500,Zee Plaza,39,Desserts
257810,Santacruz,Mumbai,Great Indian Khichdi,200,4.4,500,Scruz Bandra East,38,Indian
255789,Rajajinagar,Bangalore,Great Indian Khichdi,200,4.2,500,Basaveshwaranagar,56,Indian
248965,Kothrud,Pune,Singh Saab,200,4,500,Kothrud,52,Indian
204598,Jam Bagh,Hyderabad,Swathi Mess And Dhaba,200,3.9,500,Abids & Koti,31,Biryani
177234,Adajan,Surat,Trishiv Chinese Corner,200,4.1,500,Anand Mahal Road,44,Chinese
116825,Erandwane,Pune,Shri Chaturshringi Mata Snacks Center,200,4.2,500,Erandwane,40,Indian
107301,Koramangala,Bangalore,Yum In My Tum,200,3.9,500,Koramangala,54,Chinese
88949,Moonlight Cream Sagrampura,Surat,Bismillah,200,4.3,500,Sagrampura,26,Desserts
85205,Gopipura,Surat,New Shree Sainath Food Parlour,200,3.5,500,Soni Faliya,37,Indian
77744,Athwa,Surat,Famous Frankie,200,4.1,500,Parle Point,45,Fast Food
39080,Somajiguda,Hyderabad,Punjabi Paratha House,200,4,500,Somajiguda,47,Punjabi
36192,Navrangpura,Ahmedabad,R.K.Centre,200,4.1,500,Navrangpura,38,Fast Food
30338,Alwarpet,Chennai,Ajnabi Mithaai Ghar,200,4.6,500,Ttk Road,61,Snacks
26577,Ghatkopar East,Mumbai,Lalta Pav Bhaji (Vikrant Circle),200,4.3,500,Sindhu Wadi,45,Fast Food
22299,Mylapore,Chennai,Munch,200,4.3,500,Veera Perumal Street,56,Snacks
10273,Koti,Hyderabad,Scoops,200,4.5,500,Koti Main Road,20,Desserts
8753,Bidhannagar,Kolkata,Maa Annapurna,200,4.2,500,Near 13 No. Tank,61,Indian
8593,Koti,Hyderabad,Sri Radhe Chills And Thrills,200,4.2,500,Abids,28,Italian
6927,Koti,Hyderabad,Bombay Juice,200,4.2,500,Sultan Bazar,26,Snacks
5162,Jayanagar,Bangalore,Kedia'S Funfood,200,4.3,500,4Th Main,49,Fast Food
446585,Uppal,Hyderabad,Pista House Bakery,200,4,500,Uppal,63,Pizzas
443057,Santoshnagar & Saidabad,Hyderabad,Pista House Bakery,200,3.9,500,Santoshnagar & Saidabad,50,Italian
401459,Athwa,Surat,Radhe Dhokla,200,4.4,500,Athwa,29,Punjabi
401186,Indiranagar,Bangalore,Onesta,200,3.9,500,Cmh Road,57,Italian
347069,Kothrud,Pune,Fried Chicken Destination,200,4.2,500,Kothrud,58,Fast Food
313767,Banjara Hills,Hyderabad,Warmoven Cake & Desserts,200,4.2,500,Banjara Hills,64,Snacks
300791,Bidhannagar,Kolkata,Bangalier Rannaghor,200,3.8,500,Near Iam School  Saltlake Sector V,72,Bengali
297960,Mohammed Wadi,Pune,Circle Of Crust,200,4.2,500,Wanowrie,69,Pizzas
261581,Thousand Lights,Chennai,The Samosa Factory,200,4.5,500,Nungambakkam,46,Snacks
258419,Athwa Station Road,Surat,Bismillah,200,4.4,500,Athwa Station Rd,31,Desserts
240756,Banjara Hills,Hyderabad,Sauced Up,200,4.4,500,Masab Tank,47,American
213934,Erandwane,Pune,Absolute China,200,3.9,500,Kothrud,34,Chinese
208175,Indiranagar,Bangalore,Milano Ice Cream,200,4.7,500,Indiranagar,51,Desserts
200833,Anna Nagar,Chennai,Momo Sa-Khang By Kailash Kitchen,200,4.7,500,Annanagar,52,Chinese
158481,Kestopur,Kolkata,Bowl Mein,200,4.1,500,Rajarhat,71,Biryani
111360,Perambur,Chennai,Dharani Home Mades,200,4.1,500,M H Road South,48,Snacks
100325,Kondhwa,Pune,Filli Bites,200,4.3,500,Kondhwa,66,Arabian
94441,Baranagar,Kolkata,'@69 Food Zone,200,3.8,500,Sinthee More Near R.B.T School,69,Fast Food
89648,Ballygunge,Kolkata,Saiqa Restaurant,200,4.1,500,Park Street Area,59,Indian
80504,Khairtabad,Hyderabad,Indira Darshini,200,4.1,500,Erramanzal Colony Rd,49,Chinese
62408,Kothrud,Pune,Jayesh A1 Sandwiches,200,4.2,500,Karve Nagar,51,Fast Food
50266,Dilsukhnagar,Hyderabad,Mr.Pulao,200,3.6,500,Krishna Nagar,41,Andhra
42282,Chembur,Mumbai,Trupti Farsan,200,4.4,500,Chembur,35,Desserts
37933,Vastrapur,Ahmedabad,Faasos - Wraps & Rolls,200,4.2,500,Hotel Shahi Palace,44,Chinese
35330,Dumdum,Kolkata,Qfc - Quality Fried Chicken,200,4.3,500,Near Bapi Sweets,88,Fast Food
29784,Domlur,Bangalore,Cakezone,200,4.3,500,Indiranagar,55,Desserts
6585,Himayatnagar,Hyderabad,Sahara Bakers,200,3.8,500,Chikadpally,34,Snacks
6518,Langford Gardens,Bangalore,Rolls Kitchen,200,4.4,500,Shanthi Nagar,35,Fast Food
5285,Lakdikapul,Hyderabad,Chicha'S,200,3.8,500,P & T Officers Colony,40,Biryani
4853,Domlur,Bangalore,Venus Biryani,200,4.1,500,3Rd Cross,49,Biryani
2008,Indiranagar,Bangalore,The Brekkie Shop - All Day Menu,200,4.3,500,1St Stage,57,Biryani
352546,Nanpura,Surat,Center Point -Gandhi Smruti,200,4.1,1000,Athwa,28,Chinese
329847,Kodambakkam,Chennai,Mahaganapathy Cafe,200,4.3,1000,Kodambakkam,75,Indian
192058,Lake Town,Kolkata,Sai Jalpan Junction-Lake Town,200,4.4,1000,Lake Town,66,Snacks
176737,Naranpura,Ahmedabad,Anand Bhajipav & Pulav (Ankurwala),200,4,1000,Naranpura,37,Fast Food
100825,Lake Gardens,Kolkata,New Kalpana Mistanna Bhander,200,4.7,1000,162/C/408Lake Gardens,75,Desserts
87330,Parvat Patiya,Surat,Hotel Maruti,200,4.2,1000,Punakumbharia Rd Parvat Patiya,40,Punjabi
78140,Begampura,Surat,Nareshbhai V Bhelwala,200,4.2,1000,Bhagal,37,Snacks
71588,Narayanguda,Hyderabad,Vnr Fresh Juice Center,200,3.5,1000,Street No 9,30,Bengali
66320,Anna Nagar,Chennai,Annanagar Vaishanava'S - Thattu Idli Kadai,200,4.3,1000,Anna Nagar East,63,Indian
56724,Kolkata,Kolkata,Dehat,200,4.3,1000,Sreebhumi  Lake Town,66,Indian
9848,Ramkote,Hyderabad,Sri Balaji Family Dhaba - Ramkote,200,4.1,1000,Tilak Road,26,Punjabi
355806,Kurla,Mumbai,Baba Falooda (Kurla),200,4.4,1000,Powai,27,Desserts
348662,Narayanguda,Hyderabad,Cakezone,200,4,1000,Himayath Nagar,30,Desserts
341437,Banjara Hills,Hyderabad,Onesta,200,3.6,1000,Anr Center Banjara Hills,58,Italian
331570,Shenoy Nagar,Chennai,Karaikudi Aachi Biryani,200,4.1,1000,Arumbakkam,51,Biryani
297567,Andheri East,Mumbai,Cafe Marol,200,3.8,1000,Marol Sakinaka,54,Indian
245614,Dhankawadi,Pune,The Chinese Monk,200,3.9,1000,Near Kk Market,60,Chinese
228215,Banjara Hills,Hyderabad,Cafe Niloufer Premium Lounge,200,4.5,1000,Banjara Hills,63,Snacks
167068,Erandwane,Pune,Chow Chow Chinese,200,3.9,1000,Parvati Sadan Erandwane,34,Chinese
152984,Kothrud,Pune,Oye Kiddan,200,4.1,1000,Kothrud Oye Kiddan,65,Punjabi
136461,Darulshifa,Hyderabad,Pista House,200,4.1,1000,Naya Pool   Charminar,37,Snacks
110996,Kodihalli,Bangalore,Chai Days,200,4.4,1000,100Ft Road,53,Bengali
94438,Ballygunge,Kolkata,Adil Biryani Centre,200,4.1,1000,Shamshul Road Park Circus,58,Biryani
83488,Golf Green,Kolkata,Cookies & Cakes,200,4.4,1000,Jadavpur,80,Desserts
83296,Narayan Peth,Pune,Pk Biryani House (Deccan),200,4.1,1000,Deccan Gymkhana,36,Biryani
53009,Humayun Nagar,Hyderabad,Prince Hotel,200,4,1000,Masjid Road,51,Biryani
53007,Mehdipatnam,Hyderabad,Prince Restaurant,200,3.9,1000,Masjid Road,52,Biryani
44255,Jadavpur,Kolkata,Spice 2 Go,200,4,1000,Price Golam Hussain Shah Road,77,Indian
40466,Ameerpet,Hyderabad,Hari Dosa,200,3.8,1000,Satyam Theatre Rd,66,Indian
27665,New Nallakunta,Hyderabad,Pista House,200,4.3,1000,Chikkadapalli Road,30,Snacks
11092,Banjara Hills,Hyderabad,Karachi Bakery Banjara,200,4.1,1000,Road No 1,56,Snacks
5496,Camp,Pune,Marzorin,200,4.4,1000,Mg Road,33,Fast Food
301010,Bidhannagar,Kolkata,Kolkata@99,200,3.8,5000,Salt Lake,73,Indian
101421,College Square,Kolkata,Mughal Arsalan Biryani,200,4,5000,Mg Road,31,Indian
407616,Navrangpura,Ahmedabad,La Pinoz Pizza Navrangpura,250,4.2,100,Navrangpura,39,Pizzas
405152,Kothapet & Dilsukhnagar,Hyderabad,New Sai Kailash Dhaba,250,4.2,100,Kothapet & Dilsukhnagar,54,Chinese
397492,Prahlad Nagar,Ahmedabad,Grab And Go,250,4.3,100,Vejalpur,44,Punjabi
384612,Burrabazar,Kolkata,Baskin Robbins,250,4.5,100,Kolkata Municipal Corporation,35,Desserts
365894,Himayatnagar,Hyderabad,Frozen Bottle,250,3.8,100,Rk Saboo Plaza,32,Bengali
361739,Kankurgachi,Kolkata,Cafe 324,250,4.3,100,Kankurgachi,41,Snacks
317997,Shanti Nagar,Bangalore,Sri Udupi Grand Veg,250,4.1,100,Shantinagar,38,Bengali
303068,Kankurgachi,Kolkata,Baskin Robbins,250,4.4,100,Kankurgachi,37,Desserts
251566,Ghatkopar East,Mumbai,Say Cheese,250,4.1,100,Ghatkopar Vikhroli,48,Fast Food
237691,Rohini,Delhi,Bablu Best Bakers,250,3.5,100,Rohini,30,Snacks
232321,Behala,Kolkata,Agarwal'S Vegetarian,250,4.2,100,Alipore,89,Fast Food
203530,Vastrapur,Ahmedabad,Wtf! Pizza'S & Bar-Be-Que,250,4,100,Vastrapur,52,Fast Food
196826,Maninagar,Ahmedabad,The Mohalla,250,4,100,Maninagar,48,Pizzas
195656,Lake Town,Kolkata,Anand Food Corner,250,4.2,100,Lake Town,75,Indian
146402,T. Nagar,Chennai,Frozen Bottle,250,4.2,100,Kodambakkam High Road,69,Bengali
110634,Navrangpura,Ahmedabad,Prem Mewada Ice Cream,250,4.2,100,Navrangpura,36,Desserts
97115,Ambawadi,Ahmedabad,Gita Samosa Centre,250,4.3,100,Ambavadi,34,Snacks
94705,Patel Nagar,Surat,Shree Khodiyar Kathyawadi Dhaba,250,3.9,100,Opp Lake Garden,52,Gujarati
87293,Surat,Surat,Maa Paratha Center,250,4.4,100,Opp Salibhadra Apt,45,Indian
85161,Sardar Colony,Ahmedabad,Lazeez,250,4.1,100,Naranpura,39,Indian
66162,Nanpura,Surat,Kansar Gujarati Thali,250,3.7,100,Nr Old Rto,32,Gujarati
64647,Piplod,Surat,Let'S Meet Cafe,250,4.4,100,Safal Square Vesu,57,Snacks
59316,Shyamal,Ahmedabad,Havmor The Eatery,250,4,100,Satellite,39,Fast Food
51607,Anand Nagar,Pune,Sudama'S Misal House,250,4.3,100,Sinhgad Road,63,Fast Food
44462,Koramangala,Bangalore,Xo Belgian Waffle,250,4.3,100,Koramangala,50,Desserts
35370,Shivajinagar,Pune,Falahaar,250,4.3,100,Shivaji Nagar,35,Fast Food
34105,Antop Hill,Mumbai,Agarwal'S Kulfi N Roll,250,4.4,100,G.T.B Nagar,45,Desserts
29708,Bidhannagar,Kolkata,Cremecup.In,250,4.5,100,Salt Lake Stadium  Gate No 3,68,Snacks
23221,Kankurgachi,Kolkata,Onam Restaurant,250,4.1,100,Near Vip Market,53,Chinese
18848,Bhowanipore,Kolkata,Laxman Paan,250,4.6,100,Near Flavours,58,Desserts
14936,Egmore,Chennai,Donut House,250,3.5,100,Egmore,39,Bengali
11727,Kilpauk,Chennai,Bombaysthan,250,4.6,100,Harley'S Road,39,Pizzas
2552,Malleshwaram,Bangalore,Gullu'S Chaat,250,3.8,100,Serpentine Road,45,Snacks
443995,Nallakunta & Vidyanagar,Hyderabad,Al Ibrahim Hotel,250,4.2,100,Nallakunta & Vidyanagar,42,Biryani
406826,Rajajinagar,Bangalore,Kapoors Chaat Bhandaar,250,4.2,100,Rajajinagar,55,Fast Food
405798,Malleshwaram,Bangalore,Chinese Wok (Wok Express),250,3.9,100,Malleshwaram,61,Chinese
402010,Kothapet & Dilsukhnagar,Hyderabad,Cake D'Licious,250,3.9,100,Kothapet & Dilsukhnagar,50,Snacks
397871,Kothapet & Dilsukhnagar,Hyderabad,Nalabheema Kitchen,250,3.9,100,Kothapet & Dilsukhnagar,60,Chinese
393560,Royapettah,Chennai,Bismilla Fine Dining,250,3.2,100,Royapettah,50,Biryani
391189,Vastrapur,Ahmedabad,Lapinoz Pizza Keshavbaug,250,4.3,100,Vastrapur,44,Pizzas
390946,Nallakunta & Vidyanagar,Hyderabad,Al Saud Bait Al Mandi,250,4,100,Nallakunta & Vidyanagar,34,Arabian
384092,Rajajinagar,Bangalore,Noto - Healthy Ice Cream,250,4.3,100,Rajajinagar,54,Desserts
378436,Lake Town,Kolkata,Ketana,250,4.4,100,Bangur Avenue,78,Indian
378157,South Kolkata,Kolkata,Zeeshan D.P. Park,250,4.4,100,South Kolkata,68,Tandoor
376361,Park Street Area,Kolkata,Gupta Brothers,250,4.1,100,Central Kolkata,46,Indian
369448,Gandhi Nagar,Chennai,Atithi Restaurant,250,4.1,100,Nungambakkam,39,Indian
363359,Perambur,Chennai,Ss Muslim Briyani,250,3.9,100,Perambur,57,Biryani
361558,Narayanguda,Hyderabad,Ks Bakers,250,3.9,100,Himayath Nagar,27,Snacks
346195,Topsia,Kolkata,Abdullah 16,250,4.2,100,Tangra,65,Chinese
339985,Himayatnagar,Hyderabad,Momo Cafe,250,3.6,100,Chikkadpally,34,Chinese
336801,Sector 7 Rohini,Delhi,On A Roll,250,4,100,Rohini,36,Fast Food
335426,Park Street Area,Kolkata,Arhaam Rasoi,250,4.1,100,Central Kolkata,62,Indian
333837,Adugodi,Bangalore,Polamma'S Mess,250,4.2,100,Btm,45,Indian
329848,Indiranagar,Bangalore,A1 Chips,250,4.5,100,Indiranagar,46,Snacks
327414,Amberpet,Hyderabad,Bhagmati Biryani,250,3.6,100,Nallakunta & Vidyanagar,41,Biryani
320870,Erandwane,Pune,Mainland Chinese,250,3.2,100,Erandwane Pune,46,Chinese
316146,Purasaiwakkam,Chennai,Smokey Shawarma,250,3.6,100,Purasawalkam,40,Fast Food
314502,Taltala,Kolkata,The Biryani Mahal,250,3.2,100,Esplanade,39,Biryani
312803,Kothapet,Hyderabad,Zest Kitchen,250,3.7,100,Roadnumber1Srkpuram,63,Indian
310436,Piplod,Surat,Oven & Grill,250,3.7,100,Udhna,60,Pizzas
303680,Bidhannagar,Kolkata,Jahangir'S Kitchen,250,4.2,100,Sector V Salt Lake,73,Indian
302395,Adajan,Surat,Grenee Adajan,250,4.3,100,Adajan,46,Indian
301890,Koramangala,Bangalore,Lavender Bakery By Fresh Pressery,250,4.3,100,Koramangala,66,Snacks
298633,Santacruz East,Mumbai,Hare Krishna,250,4.4,100,Kalina Santacruz (E),33,Indian
296634,Paikpara,Kolkata,Deli Bread,250,4.3,100,Dumdum,63,Chinese
296304,Kodihalli,Bangalore,Bengali Khabar,250,3.7,100,Indiranagar,69,Bengali
296177,Sangamvadi,Pune,Kapila Kathi Kebab,250,4.4,100,Koregaon Park,35,Fast Food
288523,Vadapalani,Chennai,Eame'S & Semmy'S Annapoorni Kitchen,250,4.3,100,Vadapalani,86,Andhra
273836,Paikpara,Kolkata,Mayer Hater Ranna,250,4.2,100,Paikpara,73,Bengali
270665,Paikpara,Kolkata,Rakshit Cakes And Restaurant,250,3.5,100,Dumdum,63,Snacks
264634,Bidhannagar,Kolkata,Kloud Kitchen,250,4.1,100,Salt Lake,63,Tandoor
244709,Mylapore,Chennai,Srinivasan Andhra Mess,250,3.6,100,Mylapore,52,Indian
243322,Kankurgachi,Kolkata,Sharma And Sons,250,3.9,100,Kankurgachi,47,Chinese
241345,Pitam Pura,Delhi,Hong'S Kitchen,250,3.8,100,Pp City,56,Chinese
239928,Jodhpur Park,Kolkata,Lukochuri,250,3.7,100,Jadavpur,84,Chinese
239924,T Nagar,Chennai,Anburaj Resturant Briyani & Fast Food,250,4.1,100,T Nagar,59,Biryani
226102,Tollygunge,Kolkata,Binge Baefikar,250,4.4,100,Jadavpur,89,American
225614,Dudheshwar,Ahmedabad,Bombay Biryani,250,3.5,100,Shahibag,48,Biryani
207574,Andheri East,Mumbai,Taste Of Kolkata,250,3.8,100,Sahar Airport Road,50,Biryani
205562,Baranagar,Kolkata,Lokenath Restaurant,250,3.9,100,North Dumdum,66,Indian
197025,Ghatkopar East,Mumbai,Brijwasi Sweets Original Since 1946 - Gd Group,250,4.1,100,Ghatkopar Vikhroli,45,Desserts
191903,Ayanavaram,Chennai,Sri Balaji Fast Food,250,4.1,100,Villivakkam,51,Chinese
187550,Kodambakkam,Chennai,Sss Hyderabad Briyani,250,3.9,100,Kodambakkam,71,Chinese
180958,Shivaji Nagar,Bangalore,Bhagatram Sweets,250,3.9,100,Central Bangalore,36,Indian
180360,Navrangpura,Ahmedabad,Sugarless Life,250,4.2,100,Navrangpura,36,Desserts
175711,Domlur,Bangalore,Andhra Mess,250,3.7,100,2Nd Main Rd Ak Colony,57,Andhra
167970,Old Washermanpet,Chennai,Biriyani Brothers,250,4.3,100,Washermenpet,53,Indian
164984,Kondhwa,Pune,Cafe Bun Maska,250,4,100,Kondhwa,66,Snacks
163740,Koramangala,Bangalore,Darjeeling Hot Momos,250,4.2,100,Koramangala,52,Chinese
160082,Ayanavaram,Chennai,Ginger Garlic,250,4.2,100,V.P Colony ( South Street)  Aynavaram,50,Chinese
139114,Shivaji Nagar,Bangalore,Main Lassi Shop,250,3.8,100,Shivaji Nagar,38,Bengali
133233,Erandwane,Pune,Sai Chinese,250,3.2,100,Parvati Sadan Erandwane,47,Chinese
130631,Chandrayangutta,Hyderabad,Ruby Restaurant,250,3.6,100,Charminar,67,Biryani
128775,Saki Naka,Mumbai,Supreme Chinese,250,3.3,100,Sakinaka,49,Chinese
115437,Srirampura,Bangalore,Karnataka Biryani Point,250,4.1,100,Rajajinagar,47,Biryani
110797,Beleghata,Kolkata,Pangong,250,4.5,100,Beliaghat,51,Chinese
104527,Boudhanagar Colony,Hyderabad,Meena Bakery,250,4.4,100,Padmarao Nagar,46,Snacks
97485,Basheer Bagh,Hyderabad,The Thick Shake Factory,250,4.3,100,Abids,27,Bengali
94832,Sion,Mumbai,Suraj Chinese Corner,250,4.1,100,Sion,51,Chinese
92796,Perambur,Chennai,Riyas Briyani,250,4,100,Kolathur,60,Biryani
91289,Bidhannagar,Kolkata,Snacky Chicken,250,4.1,100,Ib Block Broadway Mall Sector,59,American
83822,Palanpur,Surat,Saffron Restaurant Banquet,250,4.4,100,Palanpur Canal Road,58,Indian
81392,Toli Chowki,Hyderabad,Ice Magic,250,4.5,100,Tolichowki,68,Pizzas
77182,Shivaji Nagar,Pune,Hot Momo'S And Burger,250,4.2,100,Senapati Bapat Road,45,Fast Food
77106,Khamasa,Ahmedabad,Anwar E Hilal Restaurant,250,4,100,Nadiawad Gollimda Jamalpur,37,Indian
71591,Banjara Hills,Hyderabad,Sandwich Eatery,250,4,100,Sr Nagar,75,Fast Food
65006,Erandwane,Pune,Best Belgian Waffle,250,4.2,100,Erandwane,47,Desserts
58632,Choolaimedu,Chennai,New Loyola Fast Foods,250,4.2,100,Nelson Manickam,53,Chinese
53710,Chennai,Chennai,Chef Express,250,4,100,T Nagar,75,Italian
50057,Santosh Nagar,Hyderabad,Khismat Restaurant,250,3.6,100,Maruthi Nagar,50,Chinese
46248,Perambur,Chennai,Burger Cafe,250,4.2,100,Jamaliya,52,American
44246,Annanagar East,Chennai,Roll Baby Roll,250,4.4,100,Near Ice Cream Works,56,Indian
43863,Dhakuria,Kolkata,Moonlight Sonata,250,4,100,Near Ram Chandra High School,84,Indian
41700,Gariahat,Kolkata,Ruma'S Kitchen,250,4,100,Mouni Mukherjee Rod,71,Bengali
41635,Santacruz East,Mumbai,Stove - The Vegetarian Kitchen,250,4.2,100,Near Cst Road Kalina,47,Gujarati
37474,University Area,Ahmedabad,Momoman,250,4.1,100,Vijay Cross Road,37,Chinese
34715,Deccan Gymkhana,Pune,Kok Pa Chinese,250,3.9,100,Shivaji Nagar,34,Chinese
30962,Zamistanpur,Hyderabad,Crispy Hub,250,3.8,100,Musheerabad Mch Colony,41,American
26925,Chetla,Kolkata,Bangali Bhoj,250,3.9,100,Mahesh Dutta Lane More (From Aindra Mancha Hall),77,Bengali
19981,Tilak Nagar,Delhi,Dunkin Donuts,250,4.3,100,Pacific Mall,72,Desserts
17702,Santacruz East,Mumbai,Dumpling Khang,250,3.7,100,Vakola,42,Chinese
9757,Pitam Pura,Delhi,Shut Up & Eat,250,4.1,100,Nsp,27,Indian
9250,Gopalapuram,Chennai,Bayleaf Otg (On The Go),250,4.4,100,Gopalapuram,55,Bengali
9235,Kasba,Kolkata,Glace Patisserie,250,4.4,100,Near Bondel Road Shitala Mandir,68,Desserts
7002,Himayatnagar,Hyderabad,Angaara,250,3.9,100,Street 4,33,Indian
2811,Ashok Nagar,Bangalore,Art Of Delight,250,4.6,100,Residency Road,34,Desserts
1593,Banjara Hills,Hyderabad,Sarvi Bakery,250,4.1,100,Opposite Care Hospital Road 11 Banjara Hills,58,Desserts
621,Indiranagar,Bangalore,Kitchen Of Joy,250,4.4,100,Domlur,55,Bengali
442347,Lake Town,Kolkata,Savister,250,4.3,20,Lake Town,87,Snacks
440621,Lake Town,Kolkata,Double Trouble,250,4.2,20,Lake Town,81,Chinese
440407,Lake Town,Kolkata,Hunger Twister,250,4.6,20,Lake Town,74,Chinese
412721,T Nagar,Chennai,S3 Elite Family Dining,250,3.5,20,T Nagar,71,Chinese
405313,Sion Bhakti Park,Mumbai,Akkad Bakkad Bombay Boom,250,4.5,20,Sion Bhakti Park,52,Snacks
378601,Navrangpura,Ahmedabad,Baskin Robbins,250,3.7,20,C G Road,36,Desserts
377930,Uppal,Hyderabad,Baskin Robbins,250,4,20,Nacharam,61,Desserts
369475,Rohini,Delhi,Baskin Robbins,250,3.8,20,Rohini Rk,38,Desserts
338103,Rohini,Delhi,Shree Vaishno Rasoi,250,4.3,20,Rohini,50,Tandoor
334347,Bidhannagar,Kolkata,Frozen Bottle,250,4.1,20,Sector-2,65,Bengali
328148,Gurukul,Ahmedabad,Sandwich Boxx,250,3.7,20,Vastrapur,50,Fast Food
321121,Baguihati,Kolkata,Amma'S Pure Veg,250,3.6,20,Lake Town,95,Indian
301744,Andheri East,Mumbai,Havmor Icecream,250,4.4,20,Andheri East,46,Desserts
295657,Parvati Paytha,Pune,Abhi'S Kitchen,250,4,20,Bibwewadi,50,Chinese
293892,Choolaimedu,Chennai,Parvathi Rasoi,250,4.1,20,Choolaimedu,75,Indian
293884,Old Washermanpet,Chennai,Hotel Sandeep,250,4.3,20,Royapuram,45,Indian
238578,West Marredpally,Hyderabad,The Starter,250,4.4,20,Kharkhana & Trimulgherry,72,Snacks
230452,Ellisbridge,Ahmedabad,Cia Chinese In Ahmedabad,250,2.4,20,Law Garden,35,Chinese
227152,Chembur,Mumbai,Shree Vishnu Hotel,250,4.4,20,Chembur,50,Indian
219356,Gultekdi,Pune,Squisito Cafe Italiano,250,4.3,20,Bibwewadi,55,Bengali
216229,Ambawadi,Ahmedabad,Urban Foods Ambawadi,250,2.6,20,Navrangpura,36,Chinese
183297,Narolgam,Ahmedabad,Shree Ram Khana Khajana,250,4.1,20,Isanpur,74,Punjabi
173238,Ponniammanmedu,Chennai,Kala Home Made Foods,250,4,20,Thanikachalam Nagar,75,Fast Food
143460,Athwa,Surat,Om Sai Fast Food,250,3.8,20,Ghod Dod Road,39,Fast Food
131692,Lake Town,Kolkata,The Bang Onn Cafe,250,4,20,Bangur,78,Chinese
115073,Bhowanipore,Kolkata,Ice-O-Metry,250,3.7,20,Near - Landsdowne Paddapukur,68,Desserts
114462,Palanpur,Surat,Helli & Chilli Chinese,250,3.9,20,Palanpur Canal Road,61,Chinese
99983,Memnagar,Ahmedabad,Roti Da Wraps,250,4.1,20,Himalaya Mall Gurukul,44,Snacks
95394,Palanpur Patia,Surat,Br Pizza,250,3.8,20,Anand Mahal Road,49,Pizzas
86504,Athwa,Surat,Atul Bakery,250,3.7,20,Bhatar,28,Snacks
86138,Athwa,Surat,Sardarji Ka Dhaba,250,3.2,20,Bhatar,28,Punjabi
75307,Vishal Nagar,Surat,Famous Fast Food,250,4.5,20,Ved Road,53,Fast Food
65641,Maninagar,Ahmedabad,Happinezz Ice Creams,250,4.5,20,Maninagar,35,Desserts
57711,Sion,Mumbai,Agarwal Parathas And Snacks,250,3.7,20,Hari Mandir,56,Snacks
43996,Jamalia,Chennai,Hunger Square,250,4.5,20,Perambur,49,Italian
41118,Gulbai Tekra,Ahmedabad,Havmor Havfunn Ice Cream,250,4.3,20,Central Mall,26,Desserts
40847,Gulbai Tekra,Ahmedabad,Havmor Havfunn,250,4.6,20,Saffron Tower,25,Desserts
39376,Ashok Nagar,Bangalore,Frozen Bottle,250,3.8,20,Main Guard Cross Road,34,Bengali
30287,Ghatkopar East,Mumbai,The Chocolate Room,250,3.9,20,M G Road Opp. Kotak Mahindra Bank Ghatkopar East,48,Fast Food
23330,Kurla,Mumbai,Cake Me Away,250,4.1,20,Belgrami Road,42,Desserts
9763,Bhowanipore,Kolkata,Corner Cafe,250,4.4,20,Near Hhi Hotel,56,Pizzas
446397,Koramangala,Bangalore,Tricky Shakes,250,5,20,Koramangala,62,Desserts
442124,Egmore,Chennai,Mirchi Express,250,4.1,20,Egmore,44,Arabian
435405,Cunningham Road,Bangalore,Chaayos Meri Wali Chai,250,4.7,20,Cunningham Road,39,Snacks
425588,T Nagar,Chennai,1By2,250,4.9,20,T Nagar,79,Bengali
412151,Punjabi Bagh,Delhi,Chaubara,250,4.4,20,Punjabi Bagh,71,Fast Food
406095,Alipore,Kolkata,Truffoline,250,3.5,20,Alipore,83,Snacks
405139,South Kolkata,Kolkata,Gambit'S Pizza,250,4.1,20,South Kolkata,69,Italian
400801,Kothrud,Pune,Siily Chilly,250,3.3,20,Kothrud,52,Chinese
399108,Swargate,Pune,Chitale Ice Cream,250,4.7,20,Swargate,33,Desserts
396750,Shantinagar,Bangalore,The Biryani Life,250,4,20,Residency Road,38,Biryani
381612,Nallakunta & Vidyanagar,Hyderabad,Chickden,250,4.1,20,Nallakunta & Vidyanagar,44,Indian
381248,Kurla,Mumbai,Express Chinese,250,3.1,20,Juhu,43,Chinese
380796,Tolichowki,Hyderabad,Galaxy Paradise,250,3.6,20,Tolichowki,69,Biryani
380467,Athwa,Surat,Pizza 2000,250,3.8,20,Sosyo Circle,36,Pizzas
377616,Athwa,Surat,Dilip Dabeli,250,4.2,20,Athwa,35,Snacks
377065,Rajajinagar,Bangalore,Karavali Mess,250,4.3,20,Rajajinagar,59,Indian
372462,Dhankawadi,Pune,Shree Bedi'S Paratha House,250,3.6,20,Dhankawadi,71,Chinese
371809,Nagole,Hyderabad,Cake For You,250,4.4,20,Kothapet & Dilsukhnagar,69,Snacks
371698,Powai,Mumbai,Jj. Waffle,250,4,20,Sakinaka,47,Desserts
363639,Annanagar East,Chennai,Classic Rider Cafe,250,3.5,20,Annanagar,64,Indian
356732,Himayath Nagar,Hyderabad,The Biryani Experiment,250,3.5,20,Himayatnagar,37,Biryani
349522,Perambur,Chennai,Chennai Classic Cakes,250,4.6,20,Perambur,58,Snacks
345184,Perambur,Chennai,The Rameez Home Kitchen,250,2.7,20,Perambur,70,Italian
341495,Anna Nagar,Chennai,Tiktalk Cafe,250,4.1,20,Annanagar,71,Indian
337803,Powai,Mumbai,Bayleaf - By Good Food Co,250,4.3,20,Powai,57,Indian
324886,Nungambakkam,Chennai,Dish-Yum,250,3,20,Nungambakkam,55,Indian
324207,Beleghata,Kolkata,The Biryani Life,250,4.4,20,Beliaghata,55,Biryani
312230,Piplod,Surat,Meals Of India,250,3.8,20,Piplod,74,Chinese
299226,Powai,Mumbai,Pratik Restaurant,250,4.5,20,Powai,54,Indian
289868,Marol Sakinaka,Mumbai,Uncle'S Chinese Marol,250,4.4,20,Marol Sakinaka,59,Chinese
287122,Dhakuria,Kolkata,The Food Chain,250,3.7,20,Dhakuriya,81,Fast Food
286182,Anna Nagar,Chennai,Noodle Doodle,250,3.7,20,Annanagar,70,Chinese
285118,Mota Varachha,Surat,Shree Annapoorna Family Restaurant,250,4.6,20,Mota Varachha,62,Indian
268591,Garfa,Kolkata,Cafe Bukpocket,250,4.2,20,Santoshpur,92,Fast Food
267821,Triplicane,Chennai,Amrin Biriyani,250,4.3,20,Royapettah,41,Biryani
250508,Ashok Nagar,Bangalore,Burger And Beyond,250,3.9,20,Central Bangalore,48,American
249988,Sinthee,Kolkata,Qfc,250,3.5,20,Dumdum,80,Indian
244717,Salt Lake,Kolkata,Rasna Buzz,250,4.3,20,Salt Lake,71,American
244401,George Town,Chennai,Srishti Snacks,250,4.3,20,Kondithope,51,Indian
243195,Old Washermanpet,Chennai,Super Shawarma,250,3.4,20,Korukkupet,56,Indian
239650,Egmore,Chennai,Yalla Pizza,250,4.2,20,Ashok Nagar,45,Pizzas
234274,Gowlipura,Hyderabad,Kitchen Maha Raja,250,4.3,20,Kothapet & Dilsukhnagar,52,Indian
233056,Abids,Hyderabad,The Biryani Life,250,4,20,Abids,35,Biryani
230287,Golpark,Kolkata,Bake India Dumdum,250,4.3,20,Nager Bazar Flyover.Near Ils Hospitaldum Dum,87,Snacks
229718,Kurla,Mumbai,Hashtag 99 The Shawarma Specialist,250,3.1,20,New Mill Road,29,Fast Food
226467,Kharkhana & Trimulgherry,Hyderabad,Brown Bear,250,3.4,20,Kharkhana & Trimulgherry,76,Snacks
216730,Khairtabad,Hyderabad,Anupama Hotel,250,3.7,20,Banjara Hills,45,Biryani
216077,Kondhwa,Pune,Fat Panda,250,3.2,20,Kedari Nagar Wanowrie,71,Fast Food
208859,Kurla,Mumbai,Al Baik Fast Food,250,4.1,20,Kurla,36,Fast Food
206586,Ponniammanmedu,Chennai,Jannath Chicken,250,2.7,20,Madhavaram - Manali,75,Indian
203736,Bandra East,Mumbai,Medha Malvan,250,3.8,20,Scruz Bandra East,48,Seafood
202047,Adugodi,Bangalore,Malabar Biriyani World,250,4.3,20,Koramangala,55,Biryani
190721,Central Kolkata,Kolkata,Gupta Dhaba,250,3.3,20,Munsi Para ( Lalabagan),62,Biryani
186123,Santacruz East,Mumbai,The Biryani Life,250,3.5,20,Kalina,38,Biryani
182804,Matunga,Mumbai,Waffles By Di Bella,250,4.7,20,King'S Circle Nathalal Parekh Marg  Near Khalsa College,60,Desserts
172891,Adajan,Surat,Bhagvati Dry Fruit Dish Gola,250,4.3,20,Adajanopp Mahalaxmi Temple,39,Desserts
165276,Kasba,Kolkata,Arman Biriyani,250,4.1,20,Picnic Garden,64,Biryani
163212,Rohini,Delhi,The Hungry Pit,250,3.6,20,Rohini,47,Italian
146059,Choolai,Chennai,Best Fast Food,250,3.9,20,Vepery,30,Chinese
77876,Lal Darwaza,Hyderabad,Al Hashmi Arabian Shawarma House,250,3,20,Shalibanda,54,Fast Food
69531,Annanagar,Chennai,6Th Avenue,250,3.7,20,Anna Nagar West,70,Indian
65181,Machuabazar,Kolkata,Hungry Monkzzz,250,4,20,Beside Khudiram Bose Collage,53,Chinese
63891,Amberpet,Hyderabad,Down Town House,250,2.6,20,Amderpet,46,Desserts
62836,Govandi East,Mumbai,Js Burger,250,3.2,20,Govandi,57,American
62482,Navrangpura,Ahmedabad,Raju Omlet,250,4.1,20,Sola,35,Indian
59141,Ashok Nagar,Bangalore,Wow! Momo,250,4.3,20,Garuda Mall Wow! Momo,38,Tandoor
53815,Choolaimedu,Chennai,Zam Zam Biriyani & Fast Food,250,3.8,20,Choolaimedu,65,Biryani
46864,Rohini,Delhi,China Town Kathi Rolls,250,4.6,20,Rohini,44,Fast Food
44206,Santacruz East,Mumbai,What The Fries,250,3.9,20,Vakola,43,Fast Food
41848,Koramangala,Bangalore,Tall Blonde French,250,4.2,20,Koramangala,56,American
40908,Mylapore,Chennai,Classic Shawarma And Grill,250,4.1,20,Mylapore Kutcheri Road,58,Arabian
38590,Kodungaiyur,Chennai,J J Juicy World,250,4.1,20,Moolakadai,64,Snacks
38178,Paikpara,Kolkata,Steaming Mug,250,4.4,20,Near Satyanarayan Mistana Bhandar,77,Italian
37709,Paschim Vihar,Delhi,Quality Cake Shop,250,4.1,20,Punjabi Bagh,58,Desserts
35324,Bidhannagar,Kolkata,Mondal Food Junction,250,3.9,20,Near Post Office,73,Indian
33514,Dum Dum,Kolkata,Farest Kitchen,250,3.7,20,Near Anjali Sarees Showroon (Dum Dum),86,Chinese
25833,Range Hills,Pune,Fish N Rolls,250,4.2,20,Near Hdfc Bank Atm,59,Seafood
24744,Gobra,Kolkata,Fast Bite,250,4.4,20,Opp Hindu Gorosthan,67,Tandoor
16577,Habsiguda,Hyderabad,Blr Food Kourt,250,4.1,20,Vasanth Vihar Colony,63,Biryani
14941,Aminjikarai,Chennai,Cafe Toastie Express,250,4.2,20,Nelson Manickam Road,66,Fast Food
4051,Kothrud,Pune,Zest Cafe Bar,250,4.2,20,Ideal Chambers  Kothrud,57,Chinese
385808,Malleshwaram,Bangalore,Vallari Roti And Snacks Ghar,250,4.4,50,Malleshwaram,53,Indian
313392,Parvat Patiya,Surat,Hotel Maruti,250,4.2,50,Punakumbharia Rd Parvat Patiya,40,Punjabi
154935,Isanpur,Ahmedabad,Umiya Annapurna Kathiyawadi,250,3.9,50,Isanpur,51,Gujarati
121732,Kurla,Mumbai,Om Sai Juice And Fast Food,250,3.9,50,Chembur,38,Fast Food
97170,Teynampet,Chennai,Snofield,250,4.5,50,Royapettah,54,Desserts
95947,Pitam Pura,Delhi,Dosa Corner,250,4.1,50,Nsp,56,Chinese
67617,Vastrapur,Ahmedabad,Fresh N Fresh,250,4.3,50,Vastrapur,44,Snacks
65682,Athwa Gate,Surat,The Shake Maker,250,4.1,50,Athwagate,34,Bengali
59184,Ambawadi,Ahmedabad,Khana Khazana,250,3.9,50,Satellite - Nehrunagar Cross Road,33,Indian
56524,Vastrapur,Ahmedabad,Apna Punjab Parattha,250,3.8,50,Vastrapur,50,Indian
54414,Navrangpura,Ahmedabad,Cheers,250,4.7,50,C G Road,31,Desserts
45915,Vastrapur,Ahmedabad,Shiva'S Coffee Bar & Snacks,250,3.7,50,Vastrapur,47,Fast Food
39564,Nagarathpete,Bangalore,Pai Vihar Grand,250,4.3,50,City Market,32,Chinese
39412,Chickpet,Bangalore,Punjabi Pure Veg Restaurant Since1994,250,3.7,50,Chickpet,45,Chinese
38003,Navrangpura,Ahmedabad,Burgometry,250,4,50,Navrangpura,37,Fast Food
34415,Shivajinagar,Pune,Frozen Bottle,250,4.7,50,Fc Road,29,Bengali
11942,Chetpet,Chennai,Creamy Inn,250,4.2,50,Harrington Road,50,Desserts
10741,Matunga,Mumbai,Koldplay Ice Creams,250,4.4,50,Kings Circle,52,Desserts
6353,Mylapore,Chennai,Freez Zone,250,4.7,50,Radhakrishnan Salai Kaaraikudi Complex,50,Desserts
450588,Himayath Nagar,Hyderabad,Norfest - The Dhaba,250,4.2,50,Himayath Nagar,35,Indian
410844,Central Bangalore,Bangalore,Taste Of Tibet,250,4.6,50,Central Bangalore,39,Chinese
408439,Nungambakkam,Chennai,Jamie'S All Day Breakfast,250,4.4,50,Nungambakkam,45,American
405573,Perambur,Chennai,Chai World,250,4.4,50,Perambur,52,Bengali
401240,Scruz Bandra East,Mumbai,Freakin Fried,250,3.9,50,Scruz Bandra East,52,Fast Food
393835,Koramangala,Bangalore,The Momo Co.,250,3.8,50,Koramangala,55,Chinese
392457,Kothapet & Dilsukhnagar,Hyderabad, Sahadeva Reddy'S Biryani Durbar,250,4.1,50,Kothapet & Dilsukhnagar,45,Biryani
391783,North Dumdum,Kolkata,Uttarayan Fast Food And Snacks,250,4.2,50,North Dumdum,64,Fast Food
378117,Shivaji Nagar,Pune,Chocolate Biclate,250,4.3,50,Shivaji Nagar,46,Snacks
360121,Anand Nagar,Pune,Lazzetti,250,3.8,50,Sinhgad Road,72,Arabian
357470,Rohini,Delhi,Hyderabadi Dum Biryani,250,3.4,50,Rohini,35,Biryani
357220,Kothrud,Pune,The Momo House,250,4.1,50,Kothrud,49,Tandoor
345491,Himayath Nagar,Hyderabad,Big Bowl,250,3.7,50,Himayath Nagar,38,Chinese
343783,Powai,Mumbai,Dhekurr,250,3.5,50,Powai,51,Bengali
337841,Himayatnagar,Hyderabad,Grabz,250,3.8,50,Himayath Nagar,35,Italian
333585,Himayatnagar,Hyderabad,The Exotic Shawarma,250,3.8,50,Himayath Nagar,44,Arabian
321044,Baner,Pune,Cafe Coffee Hutt,250,4.5,50,Baner,69,Fast Food
315655,Dhankawadi,Pune,Pokket Pizza,250,3.7,50,Dhankawadi,78,Pizzas
314778,Taltala,Kolkata,Combo King,250,3.2,50,Esplanade,41,Biryani
305762,Vastrapur,Ahmedabad,Sea Food Kitchen,250,3.1,50,Sandesh Press Roadbodakdev,48,Seafood
302572,Chetpet,Chennai,Armaani Biryani,250,3.6,50,Mogappair,57,Biryani
290995,Dumdum,Kolkata,The Right Choice,250,4.3,50,Lala Babu Lane,69,Fast Food
286625,Vastrapur,Ahmedabad,Biryani Kitchen & Bengali Sweet,250,3.7,50,Sandesh Press Roadbodakdev,51,Biryani
275137,Indiranagar,Bangalore,A Naidu'S Ootada Mane,250,3.6,50,2Nd Main Road,52,Indian
250244,Malakpet,Hyderabad,Rabiyas Kitchen,250,4.2,50,Santoshnagar & Saidabad,45,Indian
245773,Govandi East,Mumbai,Foodies Chinese Corner,250,4.1,50,Chembur,57,Indian
236833,Sadar Bazaar,Pune,Red Hot Chinese Center,250,4.3,50,Camp,31,Indian
225932,Bhowanipore,Kolkata,Just Fries,250,4.1,50,Central Kolkata,63,American
224601,Egmore,Chennai,Tic Tac Rolls (Since 1981),250,3.7,50,Egmore,37,Fast Food
224432,Purasaiwakkam,Chennai,The Biryani Life,250,4.1,50,Purasaiwakkam,50,Biryani
223311,Andheri East,Mumbai,Only Roti'S,250,4.6,50,Pream Nagar Sakivihar Road,61,Fast Food
207679,Shyam Bazar,Kolkata,Chows And Rolls,250,3.8,50,Hatibagan,68,Chinese
190656,Baranagar,Kolkata,Maa Karunamoyee Fast Food Centre,250,3.7,50,North Dumdum,65,Indian
186196,Rohini,Delhi,The Biryani Life,250,4.2,50,Sector 8,39,Biryani
163208,Kondhwa,Pune,Gulbarga Tahari And Biryani,250,4.3,50,Omkar Garden,69,Biryani
115730,Indiranagar,Bangalore,Biryani Khazana,250,3.7,50,Indiranagar,59,Biryani
114143,Kalighat,Kolkata,The Masala Club,250,4.6,50,Rash Behari Avenue,72,Fast Food
86084,Kondhwa,Pune,Karim'S Cafe,250,4.3,50,Kondhwa Pune,72,Chinese
84222,Taltala,Kolkata,Taj Biryani And Restaurant,250,4.1,50,Lenin Saran,42,Biryani
61028,Ramesh Nagar,Delhi,Papajii & Sons (Punjabi Bagh),250,3.8,50,Club Road Market,71,Indian
54889,Vishrantwadi,Pune,Baba Biryani,250,3.5,50,Yerwada,59,Biryani
51833,Old Washermanpet,Chennai,Bakers Spring,250,4.3,50,Royapuram,61,Snacks
49931,Perambur,Chennai,Arafa Biriyani & Kebab Point,250,3.8,50,Perambur,62,Biryani
49032,Kurla,Mumbai,Chunkies,250,4,50,Kurla,34,Fast Food
40473,Perambur,Chennai,Sri Guru Fast Food,250,3.9,50,Jawahar Nagar,60,Fast Food
38187,Aminjikarai,Chennai,Jasmine Restaurant,250,4.1,50,Kk Nagar,54,Biryani
32725,Koregaon Park,Pune,China Park,250,4,50,Koregaon Park,64,Chinese
28037,Pitam Pura,Delhi,Subs N Shakes,250,3.5,50,Pitampura,56,American
19643,Powai,Mumbai,Hoddogs,250,3.7,50,Near Liberty Industrial Estate,50,American
9755,Pitam Pura,Delhi,Shake Square,250,3.9,50,Jd Block Ashiana Chowk,50,Desserts
5150,Mohammed Wadi,Pune,Chai - The Way You Like It,250,4,50,Salunkhe Vihar Road,73,Fast Food
395439,Adajan,Surat,Shree Kathiyawadi Khadki,250,4.3,1000,Adajan,46,Gujarati
336065,Karkhana,Hyderabad,Haldirams,250,4.3,1000,Kharkhana & Trimulgherry,67,Indian
328134,Santacruz East,Mumbai,Sandwizzaa,250,4.6,500,Scruz Bandra East,31,Fast Food
221964,Ballygunge,Kolkata,Kurry Patta,250,4.5,500,South Kolkata,71,Chinese
214166,Malleshwaram,Bangalore,Asha Food Camp,250,4.5,500,Malleshwaram,54,Indian
208617,Mg Road,Kolkata,Gupta Brothers The Abarkhabo Shoppe,250,4.4,1000,Burrabazar,37,Indian
150646,Nampally,Hyderabad,Cream Stone,250,4.4,1000,Nampally,31,Desserts
84572,Jashoda Nagar,Ahmedabad,Ashirwad Restaurant,250,4.1,500,Maninagar,44,Indian
84562,Narotam Nagar,Surat,G Dada,250,3.9,1000,Opp Sneh Sankul Wadi,48,Gujarati
83674,Himayatnagar,Hyderabad,Nandu Fresh Fruit Juice Centre,250,3.8,1000,Himayath Nagar,27,Bengali
70657,Majura Gate,Surat,Jalaram Khichdi,250,4.3,1000,Majura Gate,24,Punjabi
66633,Bidhannagar,Kolkata,Agarwal'S Kitchen,250,4.2,1000,Salt Lake,72,Chinese
58425,Paldi,Ahmedabad,Modi Sandwich And Pizza-Paldi,250,3.9,1000,Paldi,33,Fast Food
53796,Kalasiguda,Hyderabad,Jaggu Mithai,250,4.2,1000,Secunderabad,56,Desserts
49562,Naranpura,Ahmedabad,Season 9,250,4.1,1000,Naranpura,50,Indian
46907,Maninagar,Ahmedabad,Mehmaan,250,3.6,500,Maninagar,35,Gujarati
42416,Baguihati,Kolkata,Annapurna Pure Veg Restaurant,250,4.1,1000,Near Asha Studio,90,Indian
37996,Navrangpura,Ahmedabad,Vittlebox,250,4.2,1000,Navrangpura,34,Punjabi
37629,Chetpet,Chennai,Shree Mithai,250,4.5,1000,Chetpet,37,Desserts
25486,Rasta Peth,Pune,Mh 12 Pav Bhaji,250,4.1,500,Rasta Peth,27,Snacks
19496,Anna Nagar,Chennai,Italiano,250,4.2,1000,Anna Nagar East,63,Pizzas
394603,Andheri East,Mumbai,Mad Momos,250,3.8,500,Andheri East,60,Chinese
356627,Sector 8 Rohini,Delhi,Rollsome,250,4,500,Rohini,36,Bengali
349545,Koramangala,Bangalore,Dock Frost'D -Ice Cream & Milkshakes,250,4.4,500,Btm,54,Desserts
310702,Piplod,Surat,Meals101,250,4.1,500,Udhna,56,Chinese
264304,Gaddiannaram,Hyderabad,A-1 Chicken Pakoda,250,4,1000,Kothapet & Dilsukhnagar,40,Biryani
261872,Andheri East,Mumbai,Bombay Tandoori,250,3.7,500,Marol Sakinaka,54,Indian
256154,Lake Town,Kolkata,Pyarelal,250,4,1000,Jessore Road,81,Fast Food
237511,Jogeshwari East,Mumbai,Cafe Safar ( Andheri East ),250,4,1000,Andheri East,57,Chinese
232802,Sector 7 Rohini,Delhi,The Burger Club,250,4.2,1000,Rohini,35,Fast Food
192029,Koramangala,Bangalore,Tibetan Mother'S Kitchen,250,4.1,500,Koramangala,51,Chinese
177927,Althan,Surat,Punjabi Dhaba -The Taste Of Punjab,250,3.4,500,Althan Bhatar,40,Punjabi
168043,Sector 7 Rohini,Delhi,Burger Singh (Big Punjabi Burgers),250,4,500,Sector-7,33,Snacks
144698,Arumbakkam,Chennai,Halal Kattu Biryani,250,4.1,500,Arumbakkam,62,Indian
131870,Kavadiguda,Hyderabad,4M Biryani House,250,4.1,10000,Nallakunta & Vidyanagar,41,Biryani
109060,Kasba,Kolkata,Officer'S Kitchen,250,4.2,500,Bosepukur,72,Chinese
89254,Madannapet Colony,Hyderabad,Redaan Restaurant,250,3.8,1000,Banu Nagar,41,Chinese
71267,Kolkata,Kolkata,Red Chillies,250,4.2,500,Gariahat,38,Chinese
71260,Raja Bazar,Kolkata,Lazeez Biryani,250,3.5,1000,Opposite Hind Mahal,35,Biryani
71071,Sector 9 Rohini,Delhi,Moroca (Rohini),250,4,500,Sector 9 Rohini,34,Fast Food
70942,Dilsukhnagar,Hyderabad,Sahadeva Reddy'S Chinese Kitchen,250,4,500,Maruthi Nagar,38,Chinese
69354,Ashok Nagar,Bangalore,No.10 Fort Cochin,250,4.2,1000,Central Bangaore,32,Seafood
66119,Andheri East,Mumbai,Freshmenu,250,4.1,500,Opposite To Mahakali Road,52,Chinese
65483,Himayath Nagar,Hyderabad,Istah - Shawarma And Biryani,250,4.4,1000,Himayath Nagar,27,Arabian
64979,Modi Colony,Pune,Cafe Taiba,250,3.9,500,Camp,31,Indian
63957,Koramangala,Bangalore,Madeena Hotel,250,4.1,1000,5Th Block Kormangala,54,Biryani
54973,Royapettah,Chennai,Sathyam Cinemas,250,4.4,500,Sathyam Cinemas,44,Fast Food
54698,Rajajinagar,Bangalore,Sri Maruthi Miltry Hotel,250,3.8,500,Rajajinagar,57,Biryani
51317,Chennai,Chennai,Pally Tastei Food (Perambur),250,3.9,1000,Perambur,53,Chinese
50091,Saidabad,Hyderabad,Tipsy Topsy,250,3.7,500,Saroor Nagar,39,Chinese
49122,Bhowanipore,Kolkata,Denzong Kitchen,250,4.2,1000,Indira Roy Road,67,Tandoor
48390,Vastrapur,Ahmedabad,Anjoy Late Night Meals,250,4.1,1000,Bodakdev,37,Indian
45757,Koramangala,Bangalore,Pipabu,250,4,500,4Th Block,59,Pizzas
44058,Budh Vihar,Delhi,Wah Ji Wah ( Budhvihar),250,3.8,1000,Budh Vihar,21,Indian
36461,Chembur,Mumbai,Freshmenu,250,4.1,1000,Opp Kanta Apartment,48,Chinese
32858,Sector 9 Rohini,Delhi,Wong'S Kitchen,250,3.8,500,Sector- 9,37,Chinese
30163,Bidhannagar,Kolkata,Goutam'S - City Centre 1,250,4.1,500,Opp City Centre 1,61,Chinese
28405,Santacruz East,Mumbai,Chinese Wok (Wok Express),250,4.1,1000,Kalina,32,Chinese
22743,Banjara Hills,Hyderabad,Dunkin Donuts,250,4.3,500,Road No.1,52,Desserts
22427,Kalighat,Kolkata,Bachan'S Tandoori Club,250,4.5,500,Near Rashbehari More,67,Tandoor
21633,Dilsukhnagar,Hyderabad,A-1 Chicken Pakoda,250,4.1,500,Shalivahana Nagar,41,Biryani
16141,T. Nagar,Chennai,Moonlight Takeaway & Delivery,250,4,1000,T. Nagar,66,Indian
10085,Murad Nagar,Hyderabad,Bakers Street,250,4.2,500,Gudimalkatur Road,49,Snacks
9371,Mohammed Wadi,Pune,Big Daddy'S,250,4.1,1000,Nibm Road,70,Fast Food
8894,Mylapore,Chennai,Fresh Baked Goodness,250,4.7,500,Mylapore,63,Snacks
7776,Gopalapuram,Chennai,The Kati Roll Shop,250,4.3,1000,Cathedral Road,52,Fast Food
6924,Richmond Town,Bangalore,Freshmenu,250,4.1,1000,Aga Abdullah Street,38,Chinese
5247,Ashok Nagar,Bangalore,Corner House Ice Cream,250,4.7,1000,Residency Road,31,Desserts
4188,Dilsukhnagar,Hyderabad,Tipsy Topsy,250,3.7,500,Dilsukhnagar Main Road,39,Chinese
3324,Punjagutta,Hyderabad,Srikanya,250,4.1,1000,Punjagutta Road,56,Andhra
397397,Powai,Mumbai,Pawri Kitchen,400,4.5,100,Powai,61,Indian
396275,Kothapet & Dilsukhnagar,Hyderabad,The Country Wok,400,3.5,100,Kothapet & Dilsukhnagar,63,Chinese
342025,Sion,Mumbai,Dessert Cloud - Sion,400,4.2,100,Sion,43,Desserts
241328,Gulbai Tekra,Ahmedabad,1441 Pizzeria,400,4.3,100,Navrangpura,38,Italian
168666,Vastrapur,Ahmedabad,Cake Bonzerbite,400,4.4,100,Vastrapur,40,Snacks
146023,Koti,Hyderabad,Eat Italy,400,4.2,100,Abids & Koti,35,Italian
100599,Laxmi Encleve - Katargam,Surat,Shubh Laxmi,400,4.1,100,Katargam - Laxmi Enclave,55,Fast Food
68599,University Area,Ahmedabad,Dangee Dums Yums,400,4.6,100,Yums  Panjrapole,34,Desserts
66086,Adajan,Surat,Wok On Fire,400,4.2,100,Opp Star Bazaar,50,Chinese
60225,Chembur,Mumbai,Singh Grill Chaap,400,4.1,100,Chembur Colony,49,Indian
53490,Ashok Nagar,Bangalore,Palmgrove Ballal Residency,400,4.4,100,Residency Road,37,Chinese
42577,Pulikeshi Nagar,Bangalore,Cream Stone,400,4.3,100,61 Mm Road,45,Desserts
42232,Paldi,Ahmedabad,Navjivan Restaurant,400,4.1,100,Paldi,32,Punjabi
26703,Moti Nagar,Delhi,Shudh Vaishno Hotel (Karam Pura),400,4.3,100,New Moti Nagar,63,Indian
9510,T. Nagar,Chennai,Amdavadi Gujarati Restaurant,400,3.9,100,T Nagar,67,Gujarati
5551,Karve Nagar,Pune,Mayur Pavbhaji & Juice Bar,400,4.4,100,Karve Nagar Near Pegasus Health Club,49,Snacks
433300,Adajan,Surat,Quicker By Wok On Fire,400,4.4,100,Adajan,49,Chinese
432565,Jayanagar,Bangalore,Meghduth Biryanis,400,4.2,100,Jayanagar,46,Andhra
432536,R.T. Nagar,Bangalore,Raidan,400,3.9,100,R.T. Nagar,57,Arabian
429200,Rohini,Delhi,Chitrakut,400,4.2,100,Rohini,33,Biryani
426682,Circus Avenue,Kolkata,Uno Pizzeria & Grill,400,4.2,100,Central Kolkata,62,Italian
422471,Kurla,Mumbai,Bake Ur Day,400,4.3,100,Kurla,30,Desserts
417854,Adajan,Surat,Matka Biryani Culture,400,4.3,100,Adajan,50,Biryani
416015,Wazirpur Industrial Area,Delhi,Clay-1 Grill,400,4.1,100,Wazirpur Industrial Area,77,Indian
410453,Indiranagar,Bangalore,Yum Yum Kolkata,400,4.4,100,Indiranagar,63,Bengali
410294,Dhakuria,Kolkata,Erestro,400,4.5,100,Tanupukur,90,Chinese
410257,Banjara Hills,Hyderabad,Wow! China,400,3.9,100,Banjara Hills,62,Tandoor
407041,Chembur,Mumbai,Ministry Of Curry,400,4.6,100,Chembur,49,Indian
405465,Marol Sakinaka,Mumbai,New Shalimar,400,3.9,100,Marol Sakinaka,56,Indian
397618,Central Bangalore,Bangalore,Biryani Trip,400,4.2,100,Central Bangalore,32,Biryani
396878,Salt Lake,Kolkata,Wow! China Bistro,400,4,100,Saltlake,77,Tandoor
393108,Central Bangalore,Bangalore,Aligarh House,400,3.8,100,Vasantha Nagar,40,Biryani
387646,Marol Sakinaka,Mumbai,Nayaab Biryani,400,4.3,100,Marol Sakinaka,41,Biryani
386345,Marol Sakinaka,Mumbai,Hot Lee Chinese,400,3.7,100,Marol Sakinaka,49,Chinese
384540,Navrangpura,Ahmedabad,Shawarma,400,4.1,100,Navrangpura,44,Arabian
374962,Rajouri Garden,Delhi,Mr Crust Bakers,400,4.5,100,Rajouri Garden,67,Snacks
373000,Ramesh Nagar,Delhi,Currchi,400,4.1,100,Punjabi Bagh,67,Chinese
361498,Topsia,Kolkata,Chinese Panda,400,3.7,100,Central Kolkata,70,Chinese
360982,Ganganagar,Bangalore,New Kadai Restaurant,400,4.1,100,Rahamanth Nagar,53,Tandoor
359871,Lal Darwaja,Ahmedabad,Al-Baik Fast Food,400,4.3,100,Laldarwaja,36,Arabian
357341,New Alipore,Kolkata,King'S Tea Cafe,400,4.1,100,Alipore,86,Italian
353121,Arumbakkam,Chennai,Square Ruth,400,4.3,100,Arumbakkam,69,American
346066,Navrangpura,Ahmedabad,Starbucks Coffee,400,4.2,100,Manox Maxx,32,Bengali
334208,Narayanguda,Hyderabad,Chickpet Donne Biryani House,400,3.7,100,Himayath Nagar,28,Indian
332331,Egmore,Chennai,Burgerman,400,4.4,100,Egmore,36,American
331766,Kothrud,Pune,Biggies Burger,400,4.3,100,Kothrud,50,Bengali
325640,Bidhannagar,Kolkata,Bukhara - Biryani Kebabs & Curries,400,3.8,100,Sector V Salt Lake,75,Biryani
320700,Machuabazar,Kolkata,Petuk Bangali,400,4.3,100,Kankurgachi Salt Lake,44,Bengali
319758,Kasba,Kolkata,Yaara Da Dhaba,400,4.3,100,Ruby Area,75,Indian
311202,Indiranagar,Bangalore,Andhra Biryanis,400,4.2,100,Indiranagar,54,Andhra
288388,Shivajinagar,Pune,Starbucks Coffee,400,4.3,100,Fc Road,44,Bengali
285852,Taltala,Kolkata,Starbucks Coffee,400,4.2,100,Park Mansion,54,Bengali
283945,Taltala,Kolkata,Kathleen,400,4.2,100,Free School Street,39,Desserts
248492,Andheri East,Mumbai,Momoguy,400,3.9,100,Marol Industrial Estate,52,Tandoor
248444,Arumbakkam,Chennai,Hotel Pandia'S - (Cmbt),400,4.2,100,Koyembedu,72,Biryani
248298,Andheri East,Mumbai,Ching Chong Asian,400,3.8,100,Marol Sakinaka,52,Chinese
243625,Narayan Peth,Pune,Kfc,400,4.1,100,Shop No 1 To 4 Gf Deccan Mall Jm Marg Opposite To Deccan Pmt Bus Stand,49,American
232006,Adajan Patiya,Surat,Rooster,400,4.2,100,Rander Road,45,Pizzas
219818,Chembur,Mumbai,Mothers Kitchen,400,3.8,100,Inlaks Hospital Road,52,Indian
203481,Andheri East,Mumbai,Bhayankar Burgers,400,4,100,Marol Industrial Estate,58,American
195407,Rajajinagar,Bangalore,Paradise Biryani,400,3.9,100,Rajajinagar,59,Biryani
194090,Rajajinagar,Bangalore,Biryani Canteen,400,4,100,Rajajinagar,58,Biryani
191822,Ashok Nagar,Bangalore,Third Wave Coffee,400,4.4,100,Central Bangalore,33,Bengali
190694,Indiranagar,Bangalore,Rocket Wok,400,4.2,100,Indiranagar,54,Chinese
186141,Begampura,Surat,Taste Of Kolkata Rolls,400,4.3,100,Salabatpura,35,Fast Food
179446,Taltala,Kolkata,Silver Spoon,400,3.9,100,Mcleod Street,52,Chinese
176725,Triplicane,Chennai,Salem Rr Biriyani Unavagam,400,3.9,100,Egmore,33,Biryani
163869,Powai,Mumbai,Boston Breadz,400,3.9,100,Liberty Industrial Estate,51,American
141364,Thousand Lights,Chennai,Starbucks Coffee,400,4.4,100,Bergamo Mall,38,Bengali
124178,Ashok Nagar,Bangalore,Starbucks Coffee,400,4.2,100,Lavelle Road,44,Bengali
121149,Toli Chowki,Hyderabad,Zafar'S Fine Dine,400,4,100,Tolichowki,61,Arabian
118925,Budhwar Peth,Pune,Tiranga Budhwar Peth (Main Branch),400,4.1,100,Swargate,32,Biryani
118195,Govandi East,Mumbai,Unique Chinese Point,400,3.9,100,Chembur,57,Chinese
109791,Rohini,Delhi,Tandoori Chubara,400,4.2,100,Block-7 Pocket -1 Sector-16,52,Tandoor
98927,Kurla,Mumbai,Urban Jalsa,400,4.3,100,Kurla,33,Fast Food
88070,Padmarao Nagar,Hyderabad,Lucky'S Biryani House,400,3.8,100,Warasiguda X Road,48,Biryani
87112,Tingre Nagar,Pune,Uncle'S Kitchen.,400,3.9,100,Vishrantwadi,71,Chinese
83081,Kalighat,Kolkata,Sweetish House Mafia,400,4.5,100,Raja Basanta Roy Road,77,Desserts
77736,Koregaon Park,Pune,1441 Pizzeria,400,3.9,100,Koregaon Park,48,Italian
77217,Kalina,Mumbai,King Chilli,400,4.3,100,Santacruz East,38,Chinese
74361,Sector 8 Rohini,Delhi,Instapizza,400,4.1,100,Rohini,44,Pizzas
72893,Kothrud,Pune,7Th Heaven Cake Shop,400,4.5,100,Kothrud,51,Snacks
63960,Ghatkopar East,Mumbai,Leo 89 - Chembur (Indian Chinese),400,4.2,100,Kurla,46,Indian
63156,Vyasarpadi,Chennai,Meat And Eat,400,4.2,100,Perambur,48,Fast Food
60071,Old Malakpet,Hyderabad,Karachi Bakery,400,4.2,100,Saleem Nagar,38,Snacks
54824,Bhowanipore,Kolkata,French Loaf,400,4.6,100,Vasundhara Building  Sarat Bose Road,47,Fast Food
54605,New Nallakunta,Hyderabad,Lucky'S Biryani House,400,4,100,Tilak Nagare X Road,38,Biryani
52548,George Town,Chennai,Dindigul Thalappakatti,400,3.9,100,N.S.C Bose Road,50,Biryani
52207,Vadapalani,Chennai,Asima Briyani,400,4,100,Vadapalani,73,Biryani
50973,Kilpauk,Chennai,Buhari Vintage Hotel - Kilpauk,400,4.4,100,Old 6-E Harleys Road,45,Biryani
48556,Shivaji Nagar,Bangalore,Imperial Restaurant,400,4.2,100,Shivajinagar,33,Arabian
48410,Domlur,Bangalore,Le Gateau - The Cake Shop,400,4.3,100,1St Cross Domlur Layout,66,Desserts
47004,Purasaiwakkam,Chennai,Hotel Deccan,400,4.3,100,Purasawakam,32,Biryani
46872,Malakpet,Hyderabad,Paradise Biryani,400,3.8,100,Tsrtc Mahatma Gandhi Bus Station,36,Biryani
42330,Gopalapuram,Chennai,Sri Ganesh Chettinadu Hotel,400,4.1,100,Royapettah,49,Fast Food
42222,Juhapura,Ahmedabad,Dana Panee,400,4.1,100,Vasna,44,Indian
42048,Bandra Area,Mumbai,Yauatcha Patisserie,400,4.5,100,Bandra Area,50,Desserts
39755,Mohammed Wadi,Pune,Between Your Buns,400,4.4,100,Salunkhe Vihar Road,71,Fast Food
39302,Old Malakpet,Hyderabad,Al Madina Mandi House,400,3.9,100,Malakpet Gunj,34,Biryani
39187,Santacruz East,Mumbai,King Chilli Chindian Fusion,400,4.1,100,Santacruz East,40,Chinese
39063,Majestic,Bangalore,Hotel Navayuga,400,4.3,100,Sc Road,35,Andhra
38158,Perambur,Chennai,Iftar Corner,400,4.1,100,Perambur,64,Arabian
37086,Sector 2 Rohini,Delhi,Your'S Pizza,400,3.5,100,Sector-2Rohini,29,Italian
36969,Ellisbridge,Ahmedabad,Domino'S Pizza,400,4.4,100,Near Law Garden,30,Pizzas
34463,Sector 7 Rohini,Delhi,Demould,400,4.1,100,Sector 7,36,Desserts
33807,Deccan Gymkhana,Pune,Top In Town,400,4.6,100,Shivaji Nagar,36,Bengali
32576,Bkc,Mumbai,Starbucks Coffee,400,4.2,100,Kurla Complex,39,Bengali
28768,Kachiguda,Hyderabad,Domino'S Pizza,400,4.4,100,Kachiguda Main Road,30,Pizzas
26723,Rohini,Delhi,Kfc,400,4.3,100,District Centre Manglam Place,35,American
26619,Chetpet,Chennai,Hotel Rolex,400,3.9,100,Mcnichols Road,44,Biryani
25443,Pulikeshi Nagar,Bangalore,Aroma Of Asia,400,4.2,100,Adams Corner,45,Chinese
24463,Kurla West,Mumbai,Domino'S Pizza,400,4,100,Near Sanagam Theatre,30,Pizzas
23781,Kalina,Mumbai,Smokin Joe'S,400,3.8,100,Kalina,35,Pizzas
21257,Chembur,Mumbai,East End Deli,400,4.4,100,Central Avenue Road,52,Bengali
21180,Chembur,Mumbai,Wok Hei,400,4.2,100,Chembur,55,Chinese
15265,Beleghata,Kolkata,Bake O Cake,400,4.2,100,Subhash Sarovar Park,49,Snacks
14160,Kondhwa,Pune,Shee Chinese,400,4.3,100,Kubera Park Lullanagar,59,Chinese
10389,Prashant Vihar Rohini,Delhi,Bombay Bar-Be-Que,400,4.2,100,Prashant Vihar,57,Indian
9979,South Kolkata,Kolkata,Chopstick - Ballygunge,400,3.7,100,South Kolkata,64,Chinese
7412,Khairtabad,Hyderabad,Paradise Biryani,400,3.9,100,Imax Road,48,Biryani
435,Koramangala,Bangalore,Bamey'S Restro Cafe,400,4.4,100,5Th Block,56,Chinese
385443,Shivaji Nagar,Pune,Kirti,400,4.6,20,Shivaji Nagar,37,Indian
378401,Paschim Vihar,Delhi,Sunny Bakery,400,3.9,20,Paschim Vihar,57,Snacks
321962,Lake Town,Kolkata,Kusum'S Kitchen,400,3.4,20,Lake Town,76,Indian
309054,Park Street Area,Kolkata,Little Roti,400,4.4,20,Russel Street,63,Indian
241787,Shivajinagar,Pune,Chirp Cafe,400,4.4,20,Shivaji Nagar,48,Bengali
162981,Swargate,Pune,Crazy Cheesy,400,4.3,20,Sadashiv,37,Pizzas
120118,Narol,Ahmedabad,Havmor - The Eatery.,400,4.1,20,Narol,54,Fast Food
69773,Ashok Nagar,Bangalore,The Chariot Veg Restaurant,400,3.9,20,Residency Road,35,Chinese
66245,Perambur,Chennai,Milkie Mustache,400,4.9,20,Jawahar Nagar,64,Bengali
46376,Maninagar,Ahmedabad,Real Paprika - Maninagar,400,3.7,20,Jawahar Chowk,47,Fast Food
36340,Memnagar,Ahmedabad,Neelkamal Coffee Bar,400,3.9,20,Gurukul,44,Fast Food
10325,Sector 3 Rohini,Delhi,Pizzallo Hot,400,3,20,Rohini Sector 3,27,Italian
453658,Andheri East,Mumbai,The Asian Place,400,4.7,20,Andheri East,59,Indian
448329,Vastrapur,Ahmedabad,Ching Chong Chinese,400,4.8,20,Vastrapur,45,Chinese
445924,South Kolkata,Kolkata,Cookies & Cakes,400,4.7,20,South Kolkata,64,Desserts
439140,Chembur,Mumbai,Zhufu Chinese,400,4.4,20,Chembur,55,Chinese
438641,Salt Lake,Kolkata,Berlin Burgers,400,4.7,20,Salt Lake,72,Fast Food
438481,Himayath Nagar,Hyderabad,Qaffeine Coffee By Ohri'S,400,4.3,20,Himayath Nagar,40,Bengali
432408,Mylapore,Chennai,Abbu-Bhais - Kebabs Shawarmas & Grills,400,3.8,20,Mylapore,76,Arabian
426166,Matunga East,Mumbai,Myfroyoland,400,4.7,20,Matunga Wadala,53,Desserts
420888,Kalyani Nagar,Pune,Donatella,400,4.4,20,Kalyani Nagar,59,Pizzas
419707,Kachiguda,Hyderabad,Kfc,400,3.8,20,Kachiguda,45,American
419255,Vastrapur,Ahmedabad,Wakka Makka,400,4.6,20,Vastrapur,48,Chinese
418529,Isanpur,Ahmedabad,Lamilano Pizzeria Ghodasar,400,4.4,20,Isanpur,49,Pizzas
417826,Navrangpura,Ahmedabad,La Milano Pizzeria,400,4,20,Navrangpura,40,Pizzas
417617,Ekdalia,Kolkata,Flurys,400,4.7,20,South Kolkata,60,Desserts
417169,Kothapet & Dilsukhnagar,Hyderabad,Platform 65,400,3.3,20,Kothapet & Dilsukhnagar,64,Indian
416322,Annanagar,Chennai,Arezu,400,3.7,20,Annanagar,72,Indian
410266,Rohini,Delhi,Wow! China,400,3.5,20,Rohini Wk,39,Tandoor
409662,Tolichowki,Hyderabad,Mandistan,400,3.6,20,Tolichowki,69,Arabian
399838,Indiranagar,Bangalore,Say Cheese! Pizza,400,3.4,20,Indiranagar,54,Pizzas
396745,Shantinagar,Bangalore,Firangi Bake,400,4.5,20,Residency Road,45,Italian
393652,Himayath Nagar,Hyderabad,The Joint Shawarma,400,4,20,Himayath Nagar,32,Indian
383573,Chembur,Mumbai,Koolers,400,4,20,Chembur,50,Chinese
375297,Santacruz West,Mumbai,La Petit Boulangerie,400,4.5,20,Prabhat Colony  Santacruz East.,53,Snacks
373986,Bidhannagar,Kolkata,Krazee Kulcha,400,4,20,Bidhannagar,69,Indian
357483,Santacruz East,Mumbai,Urban Biryani,400,3.8,20,Scruz Bandra East,40,Indian
356513,Koti,Hyderabad,Mandi Pride,400,3.8,20,Himayath Nagar,34,Indian
346248,Sion,Mumbai,Nita Tandoor Shawarma,400,3.8,20,Matunga Wadala,51,Fast Food
342021,Khar East,Mumbai,Red Box Chinese,400,3.6,20,Scruz Bandra East,57,Chinese
336183,University Area,Ahmedabad,Makeba The Lounge Cafe,400,3.7,20,Navrangpura,44,Indian
333385,Kalighat,Kolkata,Omelette King,400,4.2,20,South Kolkata,66,Indian
332513,Andheri East,Mumbai,The Meal Factory,400,3.9,20,Marol Sakinaka,44,Indian
327151,Dilsukhnagar,Hyderabad,Wok 21 Chinese,400,3.8,20,Kothapet & Dilsukhnagar,46,Chinese
324203,Beleghata,Kolkata,Firangi Bake,400,4.3,20,Beliaghata,55,Italian
312446,Kondhwa,Pune,Pizza Cafe (Abc Farms),400,4.1,20,Wanowrie,71,Pizzas
309242,Adugodi,Bangalore,Paandikadai-Chettinad Kitchen By Salt,400,3.9,20,Koramangala,60,Biryani
305285,Punjagutta,Hyderabad,Spicy Punjabi Thalis,400,3.6,20,Banjara Hills,64,Punjabi
304729,Anna Nagar,Chennai,Indian Kitchen By Sigree,400,4.1,20,Anna Nagar East,70,Indian
293465,Brindavan Colony,Hyderabad,Aaha Emi Ruchi,400,4.5,20,Santoshnagar & Saidabad,65,Biryani
290788,Anna Nagar,Chennai,Arabian Delights,400,4.3,20,Annanagar,74,Arabian
284472,Annanagar East,Chennai,Quality Fast Food,400,3.8,20,Annanagar,56,Chinese
270926,Chembur,Mumbai,Pizza Terracotta,400,4.1,20,Chembur,56,Pizzas
263106,Andheri East,Mumbai,Biryani Hazir Ho,400,4.1,20,Marol Industrial Estate,50,Biryani
261555,Kalina,Mumbai,Phaksha Mania,400,3.4,20,Rajan Road,53,Chinese
214318,New Malakpet,Hyderabad,Pvr Cafe,400,3.5,20,Kothapet & Dilsukhnagar,47,Snacks
201959,Banjara Hills,Hyderabad,Ohri'S Uppu,400,3,20,Banjara Hills,68,Andhra
189681,Santacruz East,Mumbai,Lan Lan Restaurant,400,4.2,20,Scruz Bandra East,42,Chinese
177661,Piplod,Surat,Pure By Slurrp,400,4.2,20,Vesu,57,Indian
177003,Santacruz East,Mumbai,Sabri Hotel,400,3.6,20,Bandra Kurla Complex Road,36,Chinese
171093,Saki Naka,Mumbai,Wow! China,400,4,20,Phoenix Mall,52,Tandoor
163888,Karve Nagar,Pune,A1 Chinese,400,3.6,20,Karve Nagar,64,Chinese
153330,Kondhwa,Pune,Biryani Bowl,400,3.1,20,Paud Road Kothrud,73,Biryani
105853,Gopipura,Surat,Abu Baba Pizza Corner,400,4.1,20,Muglisara,44,Fast Food
100958,Teynampet,Chennai,Pizza Shop,400,3.7,20,Teynampet,70,Pizzas
97132,Visharant Wadi,Pune,Kirti Restaurant & Bar,400,3.8,20,Vishrantwadi,64,Chinese
96990,Kondhwa,Pune,Hotel Malabar,400,3.3,20,Kondhwa,80,Chinese
80840,Andheri East,Mumbai,Mystery Box,400,4.2,20,Chakala,57,Chinese
63673,Koregaon Park,Pune,Wicked China,400,4.2,20,Koregaon Park Road,66,Chinese
57566,Golpark,Kolkata,Coffee World,400,4.2,20,Oppo Nazrul Manch,74,Desserts
52460,Bidhannagar,Kolkata,Aahar Restaurant,400,4.3,20,Outside Ec Market,66,Indian
49739,Banjara Hills,Hyderabad,Waffle House,400,3.9,20,Raod No 12,55,Snacks
47314,Camp,Pune,Raje Chinese,400,4.1,20,Camp,38,Chinese
39276,Ellisbridge,Ahmedabad,Firangi Bake,400,4.2,20,Animesh Complex,38,Italian
37488,Navrangpura,Ahmedabad,The Chocolate Room,400,3.8,20,Navrangpura,34,Desserts
35791,Navrangpura,Ahmedabad,D'Tallii Egg,400,4.5,20,Navrangpura,35,Indian
33938,Shaniwar Peth,Pune,Firangi Bake,400,4.4,20,Beside Vinayak Jewellers,38,Italian
29023,Raja Annamalai Puram,Chennai,Hotel Marina Park,400,3.8,20,Santhome,67,Indian
25799,Tarnaka,Hyderabad,Ayaan'S Bbq & Mataam Mandi,400,4.1,20,Tarnaka Main Road,67,Arabian
23847,Central Bangalore,Bangalore,Domino'S Pizza,400,4.1,20,Rex Theater,30,Pizzas
16472,Opp Padmashree Movie Hall,Kolkata,The Silk Route,400,3.5,20,Opp Padmashree Movie Hall,65,Chinese
366997,Dilsukhnagar,Hyderabad,Madhu Ruchi Pure Veg Restaurant,400,3.7,50,Kothapet & Dilsukhnagar,45,Chinese
341078,Anna Nagar,Chennai,Bamboo Kitchen,400,4.2,50,Annanagar,71,Chinese
186503,Indiranagar,Bangalore,Habibi Falafel,300,4.3,1000,Indiranagar,57,Arabian
117791,Nanpura,Surat,La Pino'Z Pizza,300,4.2,1000,Old Rto Nanpura,32,Pizzas
62511,Santosh Nagar,Hyderabad,Balaji Family Dhaba,300,4.1,1000,Main Rd,48,Indian
11952,Chembur,Mumbai,Maharana Kamath,300,4.1,1000,Vn Purav Marg,44,Fast Food
8761,Kankurgachi,Kolkata,Haldirams-Cit Road,300,4.3,1000,C.I.T. Road,51,Fast Food
7775,Chennai,Chennai,Gangotree,300,4.5,1000,Cathedral Road,50,Fast Food
3325,Sion,Mumbai,Guru Kripa (Sion West),300,4.5,5000,Sindhi Colony,42,Fast Food
3227,Bhowanipore,Kolkata,Balaram Mullick & Radharaman Mullick Sweets-Bhawanipur,300,4.5,1000,Bhawanipur,54,Desserts
383693,Charminar,Hyderabad,Pista House Premium Lounge,300,4.2,1000,Charminar,46,American
367769,Chintal,Hyderabad,Lucky Restaurant,300,4,10000,Banjara Hills,38,Biryani
355835,West Mambalam,Chennai,Ss Hyderabad Biryani,300,4.3,1000,Mylapore,71,Biryani
347493,Sector 7 Rohini,Delhi,Hudson Chopsticks,300,4.2,1000,Rohini,44,Chinese
341240,Park Street Area,Kolkata,La Pino'Z Pizza,300,4.1,1000,Central Kolkata,47,Pizzas
253180,Chembur,Mumbai,Foodin,300,4,1000,Shivaji Nagar Cst Road,37,Biryani
188517,Lake Town,Kolkata,Kathi On The Go,300,3.9,1000,Jessore Road,84,Biryani
175914,Banjara Hills,Hyderabad,La Pino'Z Pizza,300,4,1000,Road Number 12,56,Pizzas
164446,Baranagar,Kolkata,Tandoor Box,300,4.3,1000,Dumdum,71,Tandoor
104544,Kachiguda,Hyderabad,Nikhils Hot&Spice Chinees Fast Food,300,4,1000,Himayathnagar,26,Chinese
91699,Uppal,Hyderabad,Master Chef Restaurant,300,3.8,1000,Uppal X Roads,62,Chinese
82407,Toli Chowki,Hyderabad,Hotel Rumaan,300,4.2,1000,Tolichowki Road,61,Biryani
76475,Adajan,Surat,Jakaas Chinese Food,300,4.3,1000,Nr Mahalaxmi Temple,38,Chinese
74549,Chembur,Mumbai,Sahara Restaurant,300,4,1000,Shivaji Nagar Cst Road,37,Indian
43794,Sri Hanuman Nagar Colony,Hyderabad,Hotel Shubham Palace - Dhanturi Hospitality,300,3.9,1000,Sri Hanuman Nagar Colony,65,Biryani
36191,Vastrapur,Ahmedabad,R.K. Egg Eatery,300,4,1000,Vastrapur,44,Fast Food
30791,Perambur,Chennai,Tasty Kitchen,300,4.2,1000,Kolathur,62,Biryani
30677,Sector 9 Rohini,Delhi,Noodle House,300,4,1000,Dc Chowk Rohini,37,Chinese
28365,Kolkata,Kolkata,Banglar Rannaghar,300,4,1000,Near Kamala Chatterjee School,76,Bengali
27077,Toli Chowki,Hyderabad,Mr. Faddy,300,4.2,1000,Janaki Nagar Colony,65,American
22799,Chiriamore,Kolkata,Abar Khaboo,300,4,5000,Near Chiriamore Crossing,60,Chinese
19515,Taltala,Kolkata,Mezban Ripon Street,300,3.9,1000,Near Dustarkhwan,48,Indian
18359,Near Gurudas Park,Kolkata,Apu'S Kitchen Phool Bagan,300,4.2,1000,Near Gurudas Park,49,Indian
13434,Masab Tank,Hyderabad,Cafe 555 & Aqeeq Restaurant,300,3.9,5000,Owaisi Pura,46,Biryani
7689,Lake Town,Kolkata,Buddha Bites-Jessore Road,300,3.7,1000,Jessore Road,74,Chinese
4650,New Nallakunta,Hyderabad,Bawarchi,300,3.9,10000,Rtc X Roads,27,Biryani
4320,Narayanguda,Hyderabad,Mehfil,300,3.9,10000,Narayanguda,25,Biryani
4252,Chandrapuri Colony,Hyderabad,Hotel Sitara Grand - Dhanturi Group Of Hotels,300,3.8,1000,L B Nagar,70,Biryani
4248,Nagole,Hyderabad,Hotel Swagath Grand - Dhanturi Group Of Hotels,300,3.9,1000,Alkapuri X Roads,67,Biryani
4138,Koti,Hyderabad,Grand Hotel,300,4.1,10000,Abids Road,24,Biryani
366167,Deccan Gymkhana,Pune,Haldiram,300,4.3,500,Shivaji Nagar,45,Indian
359046,Armane Nagar,Bangalore,Kailash Parbat,300,4.2,500,Sadashivnagar,53,Fast Food
351392,Chetpet,Chennai,Kailash Parbat,300,4.1,500,Chetpet,55,Fast Food
347621,Athwa,Surat,La Pino'Z Pizza,300,4.3,500,Parle Point,46,Pizzas
341033,Rithala Rohini,Delhi,Bakingo,300,4.3,500,Rohini,38,Snacks
183789,Begumpet,Hyderabad,Bakingo,300,4.2,500,Secunderabad,57,Snacks
70056,Athwa,Surat,Mahesh Pav Bhaji,300,4,500,Chowpaty,34,Fast Food
64048,Navrangpura,Ahmedabad,Urban Khichdi,300,4.2,500,Iim Cross Road,38,Indian
32302,Bhowanipore,Kolkata,Keventers - Milkshakes And Desserts,300,4.4,500,Sarat Bose Road,58,Bengali
23234,Bhowanipore,Kolkata,Apna Dhaba,300,4.1,500,Near Balwant Singh Dhaba,61,Indian
11041,Gopalapuram,Chennai,Pasta Square,300,4.4,500,Gopalapuram,57,Italian
402983,Kondhwa,Pune,Haldiram,300,4.2,500,Kondhwa,65,Indian
387322,Ghatkopar Vikhroli,Mumbai,La Pino'Z Pizza,300,4,500,Ghatkopar Vikhroli,44,Pizzas
384429,Salt Lake,Kolkata,Gusto Pizza,300,4,500,Salt Lake,82,Pizzas
345726,Koramangala,Bangalore,Chinese Kitchen,300,4.1,500,Koramangala,65,Chinese
338372,Kurla West,Mumbai,Merwans Cake Stop,300,4.5,500,Kurla,27,Desserts
337920,Saijpur Bogha,Ahmedabad,Diamond Aalishan Dry & Fry,300,3.9,500,Naroda,52,Chinese
324274,Golpark,Kolkata,Soul Of Bengal,300,4.3,500,South Kolkata,77,Bengali
312682,Bidhannagar,Kolkata,Dhabawale,300,3.9,500,Salt Lake,68,Indian
298317,Gopalapuram,Chennai,Schezwan Wok,300,4,500,Royapettah,58,Chinese
287285,Entally,Kolkata,Kathleen,300,4.2,500,Esplanade,40,Desserts
282159,Broadway Mall,Kolkata,Biggies Burger,300,4.3,500,Salt Lake,55,Indian
278656,Golpark,Kolkata,Chinese Combo World,300,3.7,500,South Kolkata,72,Chinese
263224,Anna Nagar,Chennai,Reena Paul'S Kitchen (Unit Of Richnrich),300,4.3,500,Annanagar,67,Indian
260926,Raja Annamalai Puram,Chennai,All Day Breakfast Company,300,4.5,500,Alwarpet,69,Bengali
254543,Kasba,Kolkata,Ya Burger,300,4.5,500,Kasba,77,American
252048,Kalighat,Kolkata,Food Peddler Sandwiches,300,4.5,500,Kalighat (Hazra),70,Fast Food
248878,Kothapet & Dilshuknagar,Hyderabad,Chung Hua Estd 1983,300,3.9,500,Kothapet & Dilshuknagar,58,Chinese
240148,Koramangala,Bangalore,Gudbud,300,4.6,500,Jyoti Nivas College Road,51,Desserts
232252,Golpark,Kolkata,The Brewing Leaf,300,4.2,500,South Kolkata,76,Bengali
199142,Taltala,Kolkata,Acs Chinese Flavour,300,4,500,Esplanade,45,Chinese
168713,Annanagar East,Chennai,Pulusu ( Anna Nagar ),300,4.1,500,Second Avenue,58,Andhra
121807,Aminjikarai,Chennai,The Brownie Studio,300,4.7,500,Shenoy Nagar,51,Snacks
101631,Egmore,Chennai,Zam Zam Fast Food,300,3.9,500,Narayanan Street,34,Fast Food
84340,Kasba,Kolkata,Kasba Korner,300,3.8,500,Near Rattala More,74,Indian
73665,Kolathur,Chennai,Bismillah Briyani & Fast Food,300,3.8,500,Perambur,63,Tandoor
71645,Mehdipatnam,Hyderabad,Hotel City Diamond,300,4.3,500,Mehdipatnam X Roads,43,Biryani
65178,Kalighat,Kolkata,Bijoli Grill Foods Corner,300,4,500,Sadananda Road,66,Indian
65033,Cossipore,Kolkata,Chandigarh Hotel,300,4.1,500,Near Kolkata Shastro Police,62,Indian
60357,Subhash Nagar Petrol Pump,Delhi,Momos Corner,300,4.2,500,Jail Road,70,Chinese
49163,Triplicane,Chennai,Hotel Sangam - Mount Road,300,4.1,500,Mount Road,36,Biryani
40707,Tiretti,Kolkata,D'Ley Chinese Restaurant,300,4.5,500,Near Pou Chow,44,Chinese
39583,Perambur,Chennai,Grill & Barbeque,300,4,500,Perambur,64,Chinese
38691,Mehdipatnam,Hyderabad,Mohammedia Shawarma,300,3.8,500,P & T Colony,57,Arabian
36589,Amberpet,Hyderabad,Habeeb'S Fast Food,300,4.1,500,Near Polytechnic Bus Stop,38,Fast Food
31760,Chembur,Mumbai,Food Villa,300,4.2,500,Nityanand Baug Road Chembur Colony Chembur,48,Snacks
28378,South Dumdum,Kolkata,Food Junction,300,4,500,Near Uco Bank (Dakshinpara Branch),81,Indian
27963,Bhowanipore,Kolkata,Fnp Cakes,300,4.3,500,Near Sambhunat Pandit Hospital,60,Desserts
27926,Kothrud,Pune,Hotel Durga,300,4.5,500,Kothrud,45,Fast Food
22834,Kolkata,Kolkata,Gurudev Restaurant,300,4.3,500,Near Nagerbazar More,81,Indian
22581,Kurla,Mumbai,Kesas,300,3.8,500,Tilak Nagar Chembur,35,Arabian
12624,Thousand Lights,Chennai,Amadora Gourmet Ice Creams,300,4.7,500,Wallace Garden,36,Desserts
11615,Park Street Area,Kolkata,The 6 Russell Street,300,3.8,500,Near Maidan Metro Station,54,Fast Food
9862,Santacruz East,Mumbai,Pizza Hut,300,3.8,500,Bkc,33,Pizzas
2824,Richmond Town,Bangalore,Fanoos,300,4.2,500,Hosur Road,33,Biryani
308,Koramangala,Bangalore,Bangaliana,300,4,500,7Th Block,57,Bengali
396697,Adajan,Surat,Royal Schez,300,4.1,50,Adajan,62,Indian
396407,South Kolkata,Kolkata,Gopalas Pure Veg Multi-Cuisine Restaurant,300,4.4,50,South Kolkata,65,Indian
391274,T Nagar,Chennai,Benaras,300,4.3,50,T Nagar,66,Snacks
372600,Ghatkopar,Mumbai,Cremeborne,300,4,50,Ghatkopar Vikhroli,44,Desserts
321831,Matunga,Mumbai,99 Pankcakes,300,4.1,50,Matunga Wadala,56,Desserts
319644,Ellisbridge,Ahmedabad,Harmony Resto Cafe,300,3.9,50,Navrangpura,32,Fast Food
316132,Barabazar Market,Kolkata,Bhikharam Chandmal - Burrabazar,300,4.7,50,Burrabazar,42,Snacks
240497,Budh Vihar,Delhi,Pandit Ji Ke Paranthe,300,3.3,50,Budh Vihar Phase 1,46,Indian
146389,Kankurgachi,Kolkata,The London Shakes And Cafe,300,4.1,50,Phoolbagan,40,Fast Food
122371,Visharant Wadi,Pune,Srushti Garden (Pure Veg),300,3.8,50,Vishrantwadi,64,Indian
117363,Kachiguda,Hyderabad,Makers Of Milkshakes,300,4.3,50,Station Road,27,Bengali
111563,Perambur,Chennai,Makers Of Milkshakes,300,3.8,50,Perambur,59,Bengali
110742,Afzal Gunj,Hyderabad,Jalebiwalas Mithai Bhandar,300,3.8,50,Begum Bazaar,38,Desserts
82433,Gunti Jangaiah Nagar,Hyderabad,Dark Stone,300,3.5,50,Lb Nagar Main Road,63,Desserts
72545,Andheri East,Mumbai,99 Pancakes,300,4.4,50,Andheri East,45,Desserts
70952,Navrangpura,Ahmedabad,From The North,300,4.3,50,C G Road,35,Indian
66160,New Magdalla,Surat,Kailash Parbat,300,3.6,50,Food Court Vr Mall,65,Punjabi
63487,Navrangpura,Ahmedabad,Anand Ankurwala,300,4.2,50,Navrangpura,34,Fast Food
60557,Maninagar,Ahmedabad,Kota Kachori,300,4.2,50,Maninagar,36,Fast Food
57383,Saki Naka,Mumbai,Keventers - Milkshakes And Desserts,300,4.1,50,Kurla Phoenix,51,Bengali
55079,Navrangpura,Ahmedabad,Neelam Sandwich & Pizza,300,4.2,50,Navrangpura,45,Snacks
50658,Banjara Hills,Hyderabad,Keventers - Milkshakes And Desserts,300,4,50,Gvk One Mall,62,Bengali
50153,Ramdev Nagar,Ahmedabad,Frankie Station,300,4.4,50,Satellite,49,Snacks
49135,Shivajinagar,Pune,Keventers - Milkshakes And Desserts,300,4.1,50,Pavillion Mall Pune,51,Bengali
37483,Navrangpura,Ahmedabad,M.L.F Franco,300,4,50,Navrangpura,35,Fast Food
36664,Navrangpura,Ahmedabad,Cuppuccino,300,3.7,50,Navrangpura,44,Italian
35974,Navrangpura,Ahmedabad,The Shake Maker,300,4.2,50,C G Road,31,Bengali
35105,Andheri East,Mumbai,Cake Walk 72,300,4.1,50,Near Boomerang  Chandivali,57,Desserts
33142,Chembur,Mumbai,Chembur Fast Food,300,3.9,50,Chembur,50,Chinese
32781,Koregaon Park,Pune,Modern Cakes,300,4.7,50,Koregaon Park,49,Snacks
32701,Park Street Area,Kolkata,Haldiram Food City - Russel Street,300,3.7,50,Opposite Gangaur,45,Desserts
25515,Teynampet,Chennai,Amaravathi Andhra Home Foods,300,4.6,50,Ttk Road,50,Andhra
436293,Saltlake Sector 1,Kolkata,Broccoli Pizza & Pasta,300,4.3,50,Saltlake Sector 1,64,Pizzas
434098,Kothapet & Dilsukhnagar,Hyderabad,Spice 9 Restaurants,300,3.8,50,Kothapet & Dilsukhnagar,50,Biryani
432603,Malleshwaram,Bangalore,Grill Biriyanis,300,3.5,50,Srirampura,59,Biryani
431506,Indiranagar,Bangalore,Giani Ice Cream,300,4.3,50,Indiranagar,54,Desserts
430194,Royapettah,Chennai,Smoor,300,4.7,50,Royapettah,51,Snacks
426763,Ruby Area,Kolkata,Kimchi,300,4,50,Ruby Area,77,Chinese
426660,Chembur,Mumbai,Chaaps & More,300,4,50,Chembur,51,Indian
425800,Powai,Mumbai,Spicy Tadka,300,4.3,50,Powai,52,Chinese
419838,Salt Lake - Kolkata,Kolkata,S.P Kitchen,300,3.1,50,Rajarhat,58,Chinese
414258,Adajan,Surat,The Bakers Dozen,300,4.2,50,Adajan,52,Snacks
405188,Indiranagar,Bangalore,Cheese Meets Bread,300,4.6,50,Lakshmipuram Ulsoor,57,Snacks
403663,Rohini,Delhi,Vhc Food Chain,300,3.9,50,Rohini,48,Chinese
403648,Banjara Hills,Hyderabad,Oh! Punjab,300,4.3,50,Banjara Hills,75,Punjabi
400188,Central Bangalore,Bangalore,Snack House,300,4.2,50,Central Bangalore,40,Fast Food
398591,Ameerpet,Hyderabad,Tiny Foods Homely Food Court,300,4.1,50,Ameerpet,76,Indian
392605,Purasawalkam,Chennai,Kwality Walls Frozen Dessert And Ice Cream Shop,300,4.2,50,Purasawalkam High Rd,37,Desserts
387905,Nungambakkam,Chennai,Heavens Park Restaurant,300,4.3,50,Nungambakkam,52,Biryani
379942,Marol Sakinaka,Mumbai,Mega Food Court,300,4.4,50,Marol Industrial Estate Marol Sakinaka,56,Indian
379776,Nsp,Delhi,Hill Chillz 26,300,4.3,50,Nsp,50,Desserts
379740,Marol Sakinaka,Mumbai,Dil Ki Meal,300,4.5,50,Marol Sakinaka,53,Chinese
377134,T Nagar,Chennai,Subhodayam Restaurant,300,3.9,50,T Nagar,64,Chinese
372279,Bidhannagar,Kolkata,Twisty,300,4.4,50,Salt Lake,57,Bengali
371393,Perambur,Chennai,The Cake Centre,300,4.3,50,Perambur,67,Snacks
371249,Kestopur,Kolkata,Malatir Hesel,300,4,50,Kestopur,85,Chinese
370527,Annamalai Colony,Chennai,The Kathi Roll Jail,300,4,50,Vadapalani,83,Fast Food
370337,Central Bangalore,Bangalore,Keventers - Milkshakes And Desserts,300,4.4,50,Third Floor Garuda Mall,47,Bengali
365593,Malkajgiri,Hyderabad,Chocolate Ideas,300,3.8,50,Mahendrahills,82,Desserts
358613,Indiranagar,Bangalore,Dr.Gelato,300,4.5,50,Indiranagar,40,Desserts
358436,Dum Dum,Kolkata,Cloud Culture,300,4.4,50,Chinar Park,89,Chinese
357012,New Malakpet,Hyderabad,Sahadeva Reddy'S Chaat Chowk,300,4.2,50,Kothapet & Dilsukhnagar,38,Snacks
356512,Ambawadi,Ahmedabad,Round Slice,300,3.8,50,Ambawadinehrunagar,38,Pizzas
354955,Nampally,Hyderabad,Mataam Al Jazirah,300,4.2,50,Nampally,36,Desserts
354818,Golconda Fort,Hyderabad,Saira Home Made Food,300,4.4,50,Tolichowki,86,Indian
354639,Kothrud,Pune,Pind Da Swad,300,4.2,50,Kothrud,70,Punjabi
354264,Rohini,Delhi,The Waffle Co,300,4.3,50,Rohini,54,Desserts
349432,Chembur,Mumbai,Bites N Grill,300,4,50,Chembur,49,Pizzas
348635,Mylapore,Chennai,Devakottai Chettinad,300,4.1,50,Mylapore,56,Biryani
347288,Pitam Pura,Delhi,K3 Kurry Ka King,300,4,50,Nsp,39,Chinese
339828,Perambur,Chennai,Hungry Town,300,4,50,Perambur,54,Indian
339656,Ulsoor,Bangalore,Bakery By Foodhall,300,4.5,50,Central Bangalore,51,Snacks
339074,Toli Chowki,Hyderabad,Great Bakers,300,4.1,50,Tolichowki,76,Italian
337877,Bhowanipore,Kolkata,Kake De Paranthe,300,4.1,50,South Kolkata,65,Indian
335687,Banashankari,Bangalore,Say Noodles,300,3.3,50,Banashankari,52,Chinese
329976,Golpark,Kolkata,99,300,4.1,50,South Kolkata,77,Indian
320739,New Gayatri Nagar,Hyderabad,Wholesale Cakes,300,3.4,50,Kothapet & Dilsukhnagar,67,Snacks
315787,Teynampet,Chennai,Atti Square,300,4.3,50,Alwarpet,56,Indian
304268,B.B.D. Bagh,Kolkata,Cafe Coffee Day,300,4.2,50,Central Kolkata,44,Bengali
296011,Burrabazar,Kolkata,Calcutta Cravings,300,4.3,50,Burrabazar,43,Bengali
290802,Kodungaiyur,Chennai,Lemone Juice Bar,300,3.8,50,Madhavaram - Manali,76,Bengali
289241,Erandwane,Pune,The Dessert Zone,300,4.2,50,Kothrud,50,Snacks
273161,Ashok Nagar,Bangalore,Biggies Burger 'N' More,300,4.1,50,Central Bangalore,38,Fast Food
259773,Salt Lake,Kolkata,Beijing Bites,300,3.7,50,Salt Lake,58,Chinese
251374,Ghatkopar East,Mumbai,The Chocolate Heaven,300,3.9,50,Ghatkopar Vikhroli,45,Desserts
246169,Thousand Lights,Chennai,Batter,300,4.1,50,Nungambakkam,39,Desserts
238788,Santacruz East,Mumbai,Wedesi Kitchen,300,4.2,50,Scruz Bandra East,40,Chinese
237165,Lake Town,Kolkata,The London Nail Art & Cafe,300,3.9,50,Near Shiv Mandir Temple,73,Bengali
229977,Balkampet,Hyderabad,Persis Cafe,300,4.2,50,Ameerpet,66,Indian
228941,Chembur,Mumbai,Momo Maniacs,300,4,50,Ng Acharya Marg Opposite Seven Seas,47,Chinese
218029,Shahpore,Surat,Royal Crush Pizzas & Burger,300,3.7,50,Lal Gate,44,Fast Food
194877,Yerawada,Pune,Sp Chinese Fast Food,300,3.9,50,Viman Nagar,55,Chinese
191826,Shah-E-Alam Roja,Ahmedabad,Al-Hamza,300,3.8,50,Maninagar,39,Indian
179656,Maharshi Nagar,Pune,Healthy Affairs,300,4.6,50,Bibwewadi,52,Fast Food
158172,Bandra Area,Mumbai,Butterfly High,300,4.5,50,Scruz Bandra East,43,Indian
145688,Shenoy Nagar,Chennai,Indian Biriyani House,300,4,50,Shenoy Nagar,58,Indian
141938,Rohini,Delhi,Khana Khazana Food Van,300,3.4,50,Rohini,44,Chinese
134559,Piplod,Surat,Shawarma Shop-Amdavadi Tawa Fry,300,4.4,50,Opp Rahul Raj Mall,56,Snacks
130055,Koregaon Park,Pune,The Cheesecake Pops,300,4.5,50,Koregaon Park,46,Desserts
124105,Dhankawadi,Pune,Cafe Pizza Bites,300,3.5,50,Katraj,79,Fast Food
117211,Adajan,Surat,Barbecue Chicken,300,4.2,50,Adajan Gam,49,Chinese
115705,Entally,Kolkata,Kolkata Bites,300,4,50,Syed Ahmed Road,51,Indian
114733,Begampura,Surat,Nasiri Chilli 'N' Spice,300,3.7,50,Salabatpura,45,Chinese
91969,Deccan Gymkhana,Pune,Venky'S Xprs (Shivaji Nagar),300,4.5,50,Shivaji Nagar,36,Fast Food
91323,Baguihati,Kolkata,Raksahb,300,4.4,50,Lake Town,90,Indian
90306,Umarwada,Surat,Cafe Coffee Day,300,4.6,50,Sahara Darwaja,39,Bengali
88325,Parvati Paytha,Pune,Mehfil Restaurant & Bar,300,4.4,50,Satara Road,57,Chinese
86248,Bandra East,Mumbai,Siddhivinayak Tiffin,300,4.3,50,Bandra East,46,Indian
86175,Baguihati,Kolkata,Chinese Plaza Momo Centre,300,4.1,50,Baguihati Main Road,90,Chinese
81489,Begampura,Surat,Cinera Hotel,300,4.1,50,Cinema Road,35,Chinese
77340,New Alipore,Kolkata,Mamamomo,300,4.2,50,Alipore,83,Chinese
71596,Karkhana,Hyderabad,Tea Kettle,300,4.5,50,Kharkana,68,Bengali
70681,Kasba,Kolkata,3 Idiots Dhaba,300,3.3,50,Picnic Garden,64,Indian
68020,Khokhra,Ahmedabad,Yummy Fast Food Corner,300,3.3,50,Mani Nagar,49,Fast Food
63617,Salt Lake City,Kolkata,Scone (Multicuisine Unit),300,4.4,50,Bj Market Complex,73,Indian
61931,Lakdikapul,Hyderabad,Al Yousufain Fast Food,300,4.1,50,Nampally,30,Indian
61005,Dumdum,Kolkata,Hesel Food Court,300,4.1,50,Near Punjab National Bank Atm,97,Chinese
54735,Kilpauk,Chennai,Saleem Biryani,300,3.6,50,Dr.Alagappa Road,40,Biryani
38294,Kothrud,Pune,New Poona Bakery And Cafe,300,4.1,50,Kothrud,58,Snacks
36092,Tagore Garden Extension,Delhi,Kafilla,300,3.7,50,Janakpuri,65,Tandoor
29065,Cit Nagar,Chennai,Fryyo,300,4.2,50,South Usman Road,75,Fast Food
14333,Andheri East,Mumbai,Cafe Coffee Day,300,3.9,50,Gokul Regency,61,Bengali
14002,Jayamahal,Bangalore,Five Star Chicken,300,4.3,50,Jayamahal Extension,46,Biryani
2820,Commercial Street,Bangalore,Khan Saheb Grills And Rolls,300,4.3,50,Kamaraj Road,39,Tandoor
446079,Vastrapur,Ahmedabad,Rotlo Gujarati Rasthal,300,4.2,20,Vastrapur,47,Gujarati
434037,Purasawalkam,Chennai,The New Box,300,3.6,20,Purasawalkam,48,Chinese
432094,Esplanade,Kolkata,Keventers Ice Creamery,300,5,20,New Empire Cinema Kolkata,45,Desserts
427388,Rohini,Delhi,Eat Thrill Zone,300,4.3,20,Rohini,37,Snacks
416896,Adajan,Surat,Slice And Dice Pizzeria,300,4.4,20,Adajan,60,Pizzas
415571,Navrangpura,Ahmedabad,Keventers Ice Cream,300,4.6,20,Navrangpura,36,Desserts
415569,Mogapair,Chennai,Keventers Ice Creamery,300,4.7,20,Vr Mall,86,Desserts
398070,Basavanagudi,Bangalore,Jain And Veg Cuisines,300,3.6,20,Basavanagudi,47,Indian
381559,Prahlad Nagar,Ahmedabad,Momo Master,300,4,20,Prahlad Nagar,45,Chinese
378671,Alipore,Kolkata,Let'S Talk Momo,300,4.1,20,Alipore,64,Chinese
371781,Rohini,Delhi,Keventers Ice Creamery,300,4.6,20,Unity One Rohini Delhi,33,Desserts
356626,Rohini,Delhi,Chaap Kingdom,300,4.2,20,Rohini,40,Indian
353575,Chembur,Mumbai,Keventers Ice Cream,300,3.9,20,Sion Trombay Road,46,Desserts
343594,Rajajinagar,Bangalore,Sicilia Pont (Italian Restaurant ),300,4,20,Rajajinagar,55,Pizzas
328323,Malleshwaram,Bangalore,Swathi Restaurant,300,4.3,20,Sheshadripuram,52,Indian
303956,Erandwane,Pune,Shakes +,300,3.7,20,Pandurang Colony Erandwane,46,Bengali
247659,Narayanguda,Hyderabad,Jenny'S Brownies,300,3.2,20,Old Mla Quarters Road,32,Desserts
224303,Purasawalkam,Chennai,Lassi Junction Purasawalkam,300,4.1,20,Purasawalkam,37,Bengali
215012,Vishala,Ahmedabad,Shakti - The Sandwich Shop - Vishala,300,4.4,20,Vasna,44,Pizzas
213355,Isanpur,Ahmedabad,Udipi Darshini,300,3.6,20,Jaymala Busstopghodasar,50,Indian
209838,Memnagar,Ahmedabad,Paratha Hai Ji,300,4.2,20,Navrangpura,55,Indian
183305,Khadia,Ahmedabad,Manek Sandwich & Pizza,300,4.3,20,Laldarwaja,44,Fast Food
169250,Santacruz East,Mumbai,Srirang Foods,300,4.7,20,7Th Road Tps Iii Santacruz,52,Indian
158458,Narayanguda,Hyderabad,New York Waffles & Dinges,300,3.3,20,Old Mla Quarters Road,36,Desserts
148133,Sima Nagar,Surat,Gayatri Bakery & Cake Shop,300,4.1,20,Ramnagar Rander Road,51,Desserts
146420,Shivaji Nagar,Bangalore,Bhartiya Jalpan - Sweets Dry Fruit And Savouries,300,3.8,20,Central Bangalore,36,Indian
135112,Somwar Peth,Pune,Granny Ammaas Cake,300,4.1,20,Swargate,34,Desserts
131640,Katraj,Pune,Chill Out,300,4,20,Bibwewadi,67,Fast Food
129158,Adajan Patiya,Surat,Wooddy Jhone'S Pizza,300,3,20,Rusabh Char Rasta Rander Road,50,Italian
128221,Dhankawadi,Pune,Ufo Fries And Corn,300,3.6,20,Katraj,71,Fast Food
125149,Salabatpura,Surat,Hira Mistan & Restaurant,300,3.9,20,Salabatpura,29,Punjabi
106745,Santacruz East,Mumbai,Chutney Plus,300,3.9,20,Bandra West,35,Fast Food
105291,Naranpura,Ahmedabad,Anand Bhajipav And Pulav,300,3.7,20,Naranpura,40,Fast Food
91168,Bidhannagar,Kolkata,Icy Fusion,300,4.3,20,Opposite Biddhannagr College Near City Center 1,59,Desserts
90005,Vesu,Surat,Neo Politan Pizza - Vesu,300,3.7,20,Prime Shoppers Vesu,55,Pizzas
82016,Abids,Hyderabad,Shah Icecream,300,4.3,20,Mozzamjahi Market,28,Desserts
77337,Ellisbridge,Ahmedabad,Shakti - The Sandwich Shop,300,4.2,20,Ellis Bridge,31,Fast Food
74019,Adikmet,Hyderabad,Eatz & Drinkzz,300,4.5,20,Pannalal Complex,51,Fast Food
70628,Navrangpura,Ahmedabad,The Big F,300,4.2,20,Commerce 6 Roads,37,Fast Food
68209,Begumpet,Hyderabad,Reliance Bakery,300,4.3,20,Begumpet,76,Snacks
66168,Vesu,Surat,The Pancake Story,300,4.8,20,Prime Shoppers Vesu,58,Desserts
37477,Navrangpura,Ahmedabad,Home Town Meals,300,3.7,20,Gurukul,44,Punjabi
37354,Sampangiram Nagar,Bangalore,Savi Sagar,300,4.2,20,Malleshwaram,55,Bengali
35983,Navrangpura,Ahmedabad,Dairy Den,300,4.4,20,C G Road,37,Desserts
31961,Ghatkopar West,Mumbai,Shree Ram Juice Centre,300,3.6,20,Station Road,49,Fast Food
28967,Rohini,Delhi,Dev China Town,300,3.9,20,Rohini,48,Chinese
18669,Matunga,Mumbai,Cafe 2.0,300,4.1,20,King Circle,58,Fast Food
10778,Sion,Mumbai,Cafe Istaa,300,4.2,20,New Sion Chs Limited,48,Italian
458258,Nsp,Delhi,Fat Tiger,300,5,20,Nsp,73,Pizzas
448909,Himayath Nagar,Hyderabad,Zorro - Milkshakes And Thickshakes,300,5,20,Himayath Nagar,46,Bengali
446189,Kothapet & Dilsukhnagar,Hyderabad,Sobremesa - Cakes And Dessets,300,4.4,20,Kothapet & Dilsukhnagar,74,Snacks
442716,Chembur,Mumbai,Montain Kitchen,300,4.7,20,Chembur,54,Chinese
442290,Uppal,Hyderabad,Shamaa Hotel,300,3.8,20,Uppal,73,Indian
442023,Himayath Nagar,Hyderabad,The Liege Waffles,300,5,20,Himayath Nagar,45,Desserts
442021,Himayath Nagar,Hyderabad,Splurge - Thickshakes And Milkshakes,300,5,20,Himayath Nagar,45,Desserts
441870,Himayath Nagar,Hyderabad,Wallonia Waffle Co.,300,5,20,Himayath Nagar,45,Desserts
441784,Himayath Nagar,Hyderabad,Sobremesa - Cakes And Desserts,300,4.3,20,Himayath Nagar,45,Snacks
441402,Chembur,Mumbai,The Baker'S Dozen,300,4.4,20,Chembur,36,Snacks
439476,Nallakunta & Vidyanagar,Hyderabad,Hyderabadish,300,4.2,20,Kavadiguda,45,Indian
435964,Esplanade,Kolkata,Keventers - Milkshakes And Desserts,300,4.9,20,New Empire Cinema  Kolkata,42,Bengali
435426,Nallakunta & Vidyanagar,Hyderabad,Go Fresh The Pizza House,300,4.2,20,Nallakunta & Vidyanagar,43,Italian
432030,Dumdum,Kolkata,Masala 21,300,4.2,20,Dumdum,66,Indian
427471,Padmarao Nagar,Hyderabad,Oh My Shawarma,300,4.3,20,Padmaraonagar,55,Indian
425288,Egmore,Chennai,Quarter Biryani,300,3.8,20,Egmore,47,Biryani
425098,Jodhpur Park,Kolkata,Red Pitcher,300,4.4,20,Lake Gardens,84,Italian
421326,Paldi & Ambawadi,Ahmedabad,Bablu Shree Farali Center,300,4.3,20,Paldi & Ambawadi,32,Indian
421245,Vadapalani,Chennai,Chickwalk,300,4.4,20,Vadapalani,85,Fast Food
420391,Paldi & Ambawadi,Ahmedabad,Jumbo Box,300,3.9,20,Paldi & Ambawadi,33,Indian
420277,Salt Lake,Kolkata,Qfc - Quality Fried Chicken,300,4.6,20,Salt Lake,61,Indian
419093,Camp,Pune,Kerala House,300,4.2,20,Camp,38,Indian
416376,Girish Park,Kolkata,Pabrai'S Fresh And Naturelle Icecream,300,4.9,20,Burrabazar,37,Desserts
415766,Basavanagudi,Bangalore,Skoosh Bubble Tea,300,4.4,20,Basavanagudi,48,Bengali
413825,Nungambakkam,Chennai,Nellai Fast Food,300,3.8,20,Nungambakkam,47,Chinese
410505,Beleghata,Kolkata,The Tandoori Startup,300,4.5,20,Phool Bagan,62,Tandoor
410265,Rohini,Delhi,Wow! Momo,300,3.8,20,Rohini Wk,40,Tandoor
409419,Matunga Wadala,Mumbai,Mejwani,300,3.3,20,Matunga Wadala,56,Chinese
405396,Basavanagudi,Bangalore,Kwality Walls Frozen Dessert And Ice Cream Shop,300,4.5,20,Basavanagudi,46,Desserts
404322,Nallakunta & Vidyanagar,Hyderabad,Pizza And Burgers,300,3.3,20,Nallakunta & Vidyanagar,43,Fast Food
401212,Kurla,Mumbai,Smoor,300,4,20,Kurla,42,Snacks
400503,Kothrud,Pune,Golden Dragon Chinese & Momo,300,2,20,Kothrud,68,Chinese
399836,Koregaon Park,Pune,Hotel Shabnam,300,3.8,20,Koregaon Park,61,Indian
398095,Esplanade,Kolkata,Monginis,300,4.2,20,Burrabazar,36,Desserts
397493,Himayath Nagar,Hyderabad,A Bowl Affair,300,3.3,20,Himayath Nagar,33,Indian
396391,Scruz Bandra East,Mumbai,Elvics Kitchen,300,4.9,20,Scruz Bandra East,48,Chinese
394334,Perambur,Chennai,Neythal Restaurant,300,4.2,20,Perambur,69,Biryani
394310,Swargate,Pune,Garva Biryani,300,3.6,20,Swargate,34,Biryani
392688,Indiranagar,Bangalore,The Blue Bawarchi Restaurant(Odia And Bengali Food,300,2.8,20,Indiranagar,63,Bengali
391794,Kothrud,Pune,Crunchy Chicken Chunks .C3,300,4.2,20,Kothrud,68,Fast Food
390613,Kondhwa,Pune,Arabian Grills,300,3.7,20,Kondhwa,80,Indian
389226,Central Kolkata,Kolkata,Urban Cloud,300,4.3,20,Central Kolkata,76,Biryani
388850,Himayath Nagar,Hyderabad,Roll It Up,300,3.2,20,Himayath Nagar,32,Fast Food
386004,Chandkheda,Ahmedabad,Sher-E-Punjab Dhaba,300,3.3,20,Chandkheda,82,Punjabi
385841,Paschim Vihar,Delhi,Kakas Food Point,300,4.6,20,Paschim Vihar,57,Chinese
383458,Marol Sakinaka,Mumbai,Beijing Chicken Lollipops,300,3,20,Marol Sakinaka,55,Chinese
381339,Chembur,Mumbai,Appetite Chinese Food,300,4.3,20,Chembur,52,Chinese
380368,Basavanagudi,Bangalore,Mumbai Xpress,300,4.1,20,Basavanagudi,50,Snacks
379271,Bibwewadi,Pune,Surprise India - Cakes & Desserts,300,4.1,20,Bibwewadi,77,Snacks
377056,T Nagar,Chennai,The Earthen Foods,300,3.3,20,T Nagar,70,Biryani
376140,Bhowanipore,Kolkata,Kapoor Pind Dhabaa,300,4.1,20,Bhawanipore,67,Indian
375945,Koramangala,Bangalore,Brown Burger Co.,300,4.4,20,Koramangala,60,American
374213,Vesu,Surat,The Bungalow Cafe,300,4.7,20,Piplod,58,Snacks
371825,Koramangala,Bangalore,Sera'S Cuisine,300,4.2,20,Koramangala,60,Indian
370420,New Tippasandra,Bangalore,Kati Rolls Junction,300,3.3,20,New Thippasandra Main Road,63,Indian
369125,Perambur,Chennai,Metro Cakes,300,4.5,20,Kolathur,68,Desserts
368721,Khar West,Mumbai,Rhino Rolls - Mighty Big,300,4,20,Bandra West,51,Fast Food
367543,Baner,Pune,Keventers Ice Cream,300,3.9,20,Wanaworie,62,Bengali
366947,Pathar Gatti,Hyderabad,Deluxe Marhaba,300,3,20,Charminar,39,Arabian
366098,Kurla,Mumbai,Jeden The Cake Expert,300,4.5,20,Scruz Bandra East,36,Snacks
364099,Bandra Area,Mumbai,Sassy Teaspoon,300,4,20,Kolivery Village,38,Desserts
361972,Rajarhat,Kolkata,Sagar Restaurant,300,3.8,20,Lake Town,87,Indian
361065,Beleghata,Kolkata,Dessert Club,300,3.9,20,Burrabazar,38,Snacks
360845,North Dumdum,Kolkata,My Food Story,300,3.9,20,North Dumdum,82,Chinese
358634,Vastrapur,Ahmedabad,Meal Factory,300,4.4,20,Vastrapur,49,Indian
357947,Shyam Bazar,Kolkata,The Junkyard,300,4.8,20,Burrabazar,62,Chinese
351574,Entally,Kolkata,Chill Station,300,3.1,20,Central Kolkata,47,Desserts
350109,Banjara Hills,Hyderabad,House Of Desserts,300,3.9,20,Banjara Hills,61,Desserts
349811,Jayanagar,Bangalore,Uff (Urban Food Factory),300,3.9,20,Jayanagar,49,Indian
349731,Aundh,Pune,Cafestarboy,300,4,20,Aundh,68,Chinese
346225,Rohini,Delhi,Backstreet Cafe,300,4,20,Rohini,50,Chinese
340655,Shakurpur,Delhi,Ali- Karim'S Food,300,2.8,20,Nsp,59,Indian
338973,Santacruz East,Mumbai,Jaihind Lunch Home,300,3.6,20,Scruz Bandra East,42,Indian
336461,Andheri East,Mumbai,Ribbons And Balloons,300,3.4,20,Marol Sakinaka,40,Snacks
336374,Khar East,Mumbai,Wow Chinese,300,3.1,20,Scruz Bandra East,56,Chinese
333553,Teynampet,Chennai,Brindhavan Veg Restaurant,300,4.1,20,T Nagar,64,Indian
332302,Bhowanipore,Kolkata,Papa Pencho Da Dhaba,300,3.8,20,South Kolkata,67,Indian
332040,Bidhannagar,Kolkata,Binge Momos,300,3.8,20,Sector V Salt Lake,83,Chinese
330536,Santacruz East,Mumbai,New Bismillah Caterers,300,3.6,20,Scruz Bandra East,36,Biryani
330495,Garfa,Kolkata,Bangaliyana Ranna Ghar,300,2.7,20,Ruby Area,80,Indian
327415,Nava Naroda,Ahmedabad,Vadilal Ice Creams,300,4.6,20,Naroda,52,Desserts
325034,Chembur,Mumbai,Baconfessions,300,4.2,20,Chembur,59,Italian
323659,Rohini,Delhi,Pizza King,300,4.2,20,Rohini,61,Fast Food
323459,Sion,Mumbai,Sion Restaurant And Stores,300,4,20,Sion Bhakti Park,43,Indian
322733,Kothapet,Hyderabad,Kings Natraj Bakers,300,4,20,Manikonda,56,Fast Food
320133,Ultadanga,Kolkata,Vadilal Ice Creams,300,4.8,20,Burrabazar,56,Desserts
319658,Perambur,Chennai,Green Pepper,300,3.6,20,Perambur,64,Indian
319490,Koramangala,Bangalore,Basmati'S Briyani Nation,300,3.4,20,Koramangala,56,Biryani
319440,Salt Lake,Kolkata,Kitchen@99,300,3.5,20,Salt Lake,59,Chinese
317743,Santacruz East,Mumbai,Jashn E Biryani,300,3.8,20,Kurla,38,Biryani
316888,Koramangala,Bangalore,Basmati Express,300,3.6,20,Koramangala,56,Biryani
316124,Wadgaon Sheri,Pune,New Naaz Caterers Biryani House,300,3.8,20,Viman Nagar,65,Biryani
314419,Powai,Mumbai,Cafe Heaven,300,3.9,20,Powai,51,Indian
312035,Lake Town,Kolkata,Diwan Food Court,300,2.3,20,Lake Town,76,Chinese
311264,Cit Nagar,Chennai,Topi Vappa Biriyani,300,3.8,20,T Nagar,71,Biryani
309220,Teynampet,Chennai,The Bowl Biryani,300,3.6,20,T Nagar,67,Biryani
308356,Behala,Kolkata,Agarwal - The Veg Kitchen,300,3.8,20,Alipore,89,Indian
303939,Khairtabad,Hyderabad,Astoria Restaurant,300,3.7,20,Saifabad,40,Biryani
299435,Perambur,Chennai,Arabian Express,300,4.4,20,Perambur,65,Indian
298342,Entally,Kolkata,H R Restaurant,300,3.8,20,Entally,50,Biryani
291638,Baranagar,Kolkata,Chang'S Combos,300,3.9,20,North Dumdum,69,Chinese
285018,Shivajinagar,Pune,Soaham Dining Hall And Food Zone,300,3.8,20,Shivaji Nagar,45,Chinese
282408,Lake Town,Kolkata,Hashtag Bangali,300,3.1,20,Lake Town,88,Bengali
280335,Domlur,Bangalore,Savory Platters By Upp,300,4,20,Indiranagar,66,American
270336,Manicktala,Kolkata,Jitendra'S Hotel,300,2.7,20,Hatibagan,51,Indian
267550,Nacharam,Hyderabad,Pizza Paradise,300,4.3,20,Tarnaka Nacharam & Malkajigiri,73,Fast Food
265913,Paschim Vihar,Delhi,Momos Xpress,300,3.9,20,Paschim Vihar,50,Chinese
256688,Budh Vihar,Delhi,Mummy Ki Rasoi,300,3.2,20,Budh Vihar,48,Indian
255355,Wilson Garden,Bangalore,Namma Kudla Restaurant,300,4.1,20,Shantinagar,53,Indian
249050,Paschim Vihar,Delhi,Punjabi Dhaba - Paschim Vihar,300,4,20,Paschim Vihar,48,Indian
246341,Kalighat,Kolkata,Biryan - Flavour Of Nawabs,300,4.1,20,South Kolkata,68,Biryani
243025,Vastrapur,Ahmedabad,After Dark,300,4.2,20,Vastrapur,47,Indian
238013,Kalyani Nagar,Pune,Pune Food Factory,300,4.2,20,Magarpatta,72,Chinese
225917,Purasaiwakkam,Chennai,Taj Mughalai,300,4.4,20,Purasawalkam - Taj Mughalai,38,Biryani
224482,Vadgaon Budruk,Pune,Master Chef,300,4,20,Narhe,78,Chinese
221798,Annanagar East,Chennai,Madro Cafe,300,4.1,20,Annanagar,70,Italian
217781,Alwarpet,Chennai,Ricky'S Cookies,300,4.9,20,Alwarpet,70,Snacks
208720,Kurla,Mumbai,Mad Burgers And Pizza,300,3.5,20,Chembur,44,Pizzas
201726,Old Washermanpet,Chennai,Spicy Tadka,300,4.3,20,Royapettah,59,Chinese
193192,Banjara Hills,Hyderabad,Speedy Wong,300,3.8,20,Banjara Hills,63,Chinese
183253,Purasaiwakkam,Chennai,Riyas Biriyani,300,3.9,20,T.Nagar,36,Indian
181984,Rohini,Delhi,Biryani Wale,300,3.3,20,21 Sector,36,Indian
179693,Rohini,Delhi,Biryani Empire,300,3,20,Shiva Road Sector 7,38,Indian
164440,Kalighat,Kolkata,Biryani Corner,300,4.1,20,South Kolkata,73,Biryani
148455,Jodhpur Park,Kolkata,Chinise Mini Hut,300,4.4,20,Kolkata Muncipal Corporation,87,Chinese
142955,East Kolkata Township,Kolkata,Millie'S,300,4.5,20,Kasba,84,Snacks
133408,Sion Bhakti Park,Mumbai,Venus Pure Veg,300,4.3,20,Sion Bhakti Park,48,Indian
122477,Old Malakpet,Hyderabad,Zam Zam Arabian Mandi,300,3.7,20,Hitec Garden Road,37,Arabian
118074,Himayatnagar,Hyderabad,Barcenos Pizza,300,3.8,20,Street No 6,33,Pizzas
89378,Saki Naka,Mumbai,The Spot,300,2.8,20,Marol,41,Fast Food
87077,Andheri East,Mumbai,Frisbees,300,3.7,20,4  Uttam Niwas  Marol,56,American
85253,Andheri East,Mumbai,Live Bakers,300,4.1,20,Andheri East,56,Desserts
81616,Bidhannagar,Kolkata,Superstar Haji Biryani,300,3.8,20,Near Mom'S Kitchen,59,Biryani
74130,Kothrud,Pune,Mad About Chinese,300,3.2,20,Kothrud Pune,62,Chinese
68544,Vikhroli,Mumbai,Hotel Sadguru,300,4.5,20,Ghatkopar East,55,Indian
67618,Kothrud,Pune,Lean Life Bistro,300,4.7,20,Kothrud,64,Fast Food
67283,Kodambakkam,Chennai,Rahmas Biryani,300,3.8,20,Kodambakkam,80,Biryani
66602,Basavanagudi,Bangalore,J K Fish Land,300,4.1,20,Basavanagudi,53,Chinese
65189,Ashok Nagar,Bangalore,The Chinese Food Company,300,4,20,Ashok Nagar,36,Chinese
61910,Poongavanapuram,Chennai,Hotel Khaja Empire,300,4,20,Purasawakam,37,Chinese
60074,Santacruz East,Mumbai,Oriental Combo Box,300,4.2,20,Santacruz East,36,Chinese
59439,Paldi,Ahmedabad,Vadilal Scoop Shop,300,4.4,20,Ellis Bridge,24,Desserts
58120,Pashan,Pune,Mothers Meal,300,3.8,20,Pashan,75,Chinese
56553,Kalighat,Kolkata,Kolkata Kitchen,300,4.2,20,Hazra,75,Indian
49133,Poongavanapuram,Chennai,Karim Biryani,300,3.8,20,Periamet,32,Biryani
48780,Bidhannagar,Kolkata,Xspicy - Indismart Hotel,300,4.7,20,Near Icici Bank Sec-V,89,Indian
48128,Powai,Mumbai,Foodie Central,300,4.3,20,Andheri West,51,Fast Food
37747,Kothrud,Pune,Community Cafe,300,3.8,20,Kothrud,59,Snacks
31696,Shankarapura,Bangalore,Little Cafe,300,3.7,20,National High School Road,48,Bengali
30941,Adikmet,Hyderabad,Urban Munchies (Us Pizza),300,3.2,20,Srt Colony  Adikmet,49,Fast Food
18007,Kachiguda,Hyderabad,Cafe Coffee Day,300,4.5,20,Kachiguda Railway Station,36,Bengali
15420,Elgin,Kolkata,Handa'S Restaurant,300,3,20,Near Park Clinic,50,Indian
10178,Kilpauk,Chennai,Parfait Cakes N Bakes,300,3.5,20,Manikeshwari Road,49,Snacks
9476,Kondhwa,Pune,Jazz Pizza,300,3.9,20,Nibm Road,72,Italian
4781,Himayatnagar,Hyderabad,Bluedragon By Mandilicious,300,4.2,20,Himayathnagar,34,Chinese
423422,Parvat Patiya,Surat,La Pino'Z Pizza,300,4.2,100,Athwa,40,Pizzas
416536,Adajan,Surat,Punjabi Culture,300,3.4,100,Adajan,52,Punjabi
377061,Central Kolkata,Kolkata,Keventers Ice Cream,300,4.6,100,Sarat Bose Road,64,Desserts
356688,Himayatnagar,Hyderabad,Baskin Robbins,300,4.5,100,Wajihuddin,27,Desserts
346078,Lake Town,Kolkata,The Red Asian,300,4.3,100,Bangur Avenue,74,Chinese
339637,New Alipore,Kolkata,Muah Fuchka,300,3.9,100,Alipore,84,Indian
296067,Egmore,Chennai,Delhi Highway,300,4.7,100,Egmore,45,Indian
294371,Salt Lake,Kolkata,7Th Heaven,300,4.5,100,Salt Lake,65,Snacks
254041,Vishal Nagar,Surat,La Pino'Z Pizza,300,4.3,100,Laxmi Enclave Katargam,57,Pizzas
253424,Prashant Vihar Rohini,Delhi,Spice N Curry,300,3.9,100,Sec-14,54,Chinese
239536,Baguihati,Kolkata,Nisha'S Veg Kitchen,300,4.4,100,Lake Town,97,Indian
238268,Teynampet,Chennai,Cream Stone,300,4.6,100,Alwarpet,53,Desserts
194287,Vastrapur,Ahmedabad,New Prince Bhajipav Corner,300,4.1,100,Vastrapur,44,Fast Food
172838,Athwa,Surat,Go China,300,4.1,100,City Light,38,Chinese
160134,Abids,Hyderabad,Masqati Ice Cream,300,4.3,100,Karimabad Cooperative Society Abids,31,Desserts
151229,Rajajinagar,Bangalore,Happy Platter,300,4,100,Rajajinagar,56,Chinese
131773,Ghatkopar West,Mumbai,Sai Sandwich Centre,300,4.4,100,Ghatkopar Vikhroli,51,Fast Food
127595,Athwa,Surat,Cake Bonzerbites- Live Cake,300,4.2,100,Parle Point,45,Desserts
124585,Sector 15 Rohini,Delhi,Gurdass Man Dhaba,300,3.9,100,Rohini,49,Indian
123971,Kankurgachi,Kolkata,Krazy For Chocolates-Kankurgachi,300,4.4,100,Vip Market,39,Desserts
119436,Noble Nagar Tenament,Ahmedabad,Shri Chamunda Bhojnalaya & Kathiyawadi Dhaba & Punjabi,300,4,100,Galaxy Complex Naroda,83,Chinese
111619,Sion,Mumbai,Delight Punjabi Kulfi & Cold Drinks,300,4.3,100,G.T.B Nagar,47,Desserts
110312,Kurla West,Mumbai,Cakeology,300,4,100,Kurla,31,Desserts
106025,Surat,Surat,Hotel Modern,300,4,100,Hira Moti Market,39,Punjabi
105418,Nangloi,Delhi,Banke Bihari Restaurant,300,3.6,100,Nangloi,54,Fast Food
97063,Adajan,Surat,Cake It Out,300,4.5,100,Nr Mahalaxmi Temple,47,Desserts
95623,Umarwada,Surat,Shakti - The Sandwich Shop,300,3.5,100,Aaimata Road,40,Fast Food
95220,Khadia,Ahmedabad,Shakti - The Sandwich Shop Ratanpole,300,3.8,100,Kalupur,53,Pizzas
79331,Udhna,Surat,Sarvottam Restaurant,300,3.9,100,Udhna Main Road,22,Bengali
77532,Ahmedabad,Ahmedabad,Shiv Shakti Kathiyawadi,300,4.3,100,Vastrapur,44,Indian
76858,Adajan,Surat,Feeling Hungry,300,3.5,100,Royal Residency Adajan Gam,47,Indian
72396,Navrangpura,Ahmedabad,Keventers - Milkshakes And Desserts,300,4.4,100,Navrangpura,35,Bengali
72304,Bhatar Athwa,Surat,Punjabi Di Hatti,300,4.1,100,Bhatar Road,34,Punjabi
65694,Athwa,Surat,Alpha Restaurant,300,4.4,100,Bhatar Road,26,Punjabi
64617,Vesu,Surat,Go China - Vesu,300,4.3,100,Nr S.D Jain School Vesu,51,Chinese
54357,Asalpha,Mumbai,O Cakes,300,4.4,100,Sakinaka,38,Desserts
48406,Kurla,Mumbai,Steamy Mugs,300,4.5,100,Kurla,36,Fast Food
48158,Venkateshwara Colony,Hyderabad,Scoops,300,4.4,100,Ymca Circle,24,Desserts
47800,Navrangpura,Ahmedabad,Jasuben Shah Old Pizza,300,4.3,100,Navrangpura,35,Pizzas
45691,Prashant Vihar Rohini,Delhi,Hot Spot Mini Shop,300,3.8,100,Prashant Vihar,48,Italian
43802,Chembur,Mumbai,Keventers - Milkshakes And Desserts,300,4.3,100,Sion Trombay Road,46,Bengali
40364,Agarkar Nagar,Pune,Sahare Dining Hall,300,4.4,100,Camp,28,Gujarati
39223,Sector 7 Rohini,Delhi,Waffle King,300,4.2,100,Rohini Sec 8,35,Desserts
38155,Anna Nagar,Chennai,Roll Over,300,4.1,100,Anna Nagar,62,Desserts
36263,Old Mla Quarters,Hyderabad,Veggie Chinese,300,4,100,Hari Vihar Colony,30,Chinese
33168,Sector 7 Rohini,Delhi,My Shop Sector-7,300,4.1,100,Opposite Kapil Dental Clinic,31,Fast Food
22404,Mylapore,Chennai,Baker'S Cafe,300,4.5,100,Mylapore,62,Snacks
19451,Chembur,Mumbai,Havmor Havfunn Ice Cream,300,4.4,100,Wadawali  Near Cubic Mall,49,Desserts
18483,Shalimar Bagh,Delhi,Mitthu Tikki Wala,300,4.1,100,Bw Block Shalimar Bagh,60,Fast Food
14413,Rohini,Delhi,Keventers - Milkshakes And Desserts,300,4.4,100,Unity One Mall,35,Bengali
8678,Barabazar Market,Kolkata,Haldiram'S Prabhuji,300,3.9,100,Brabourne Road,56,Fast Food
4925,Bidhannagar,Kolkata,Gangotri,300,4.3,100,Sector 1,67,Fast Food
427522,Adajan,Surat,Kook Doo Cook,300,3.9,100,Adajan,55,Fast Food
420727,Rani Bagh,Delhi,Kaleva,300,4.2,100,Nsp,48,Indian
408335,Kilpauk,Chennai,Ponnusamy Hotel  Elite,300,4.2,100,Kilpauk,48,Chinese
407938,Tolichowki,Hyderabad,Arabian Grills,300,4.2,100,Tolichowki,61,Arabian
407244,Purasawalkam,Chennai,La Pino'Z Pizza,300,4.2,100,Purasawalkam,51,Pizzas
405539,Kurla,Mumbai,Meal Bowl,300,4.2,100,Kurla,39,Indian
405375,Laldarwaja,Ahmedabad,Kwality Walls Frozen Dessert And Ice Cream Shop,300,4.4,100,Laldarwaja,36,Desserts
405296,Sector 7 Rohini,Delhi,Momo Shack,300,4.1,100,Nsp,44,Chinese
404930,South Kolkata,Kolkata,Biggies Burger,300,4.1,100,South Kolkata,53,American
404885,Sector 7 Rohini,Delhi,Ya Ya Momo,300,4,100,Nsp,39,Snacks
404251,Dr.Radhakrishnan Salai-Mylapore,Chennai,Madrass Marina Mess,300,3.9,100,Mylapore,54,Indian
402897,Rohini,Delhi,Yummy Bites,300,3.8,100,Rohini,52,Indian
402599,Himayath Nagar,Hyderabad,Haldirams,300,4.2,100,Ground Floor Moti Mahal Market,33,Indian
399277,Kurla,Mumbai,Maxim Restaurant - Kerala Special,300,4.2,100,Kurla,42,Chinese
398857,Charminar,Hyderabad,The Kunafa Station,300,3.9,100,Charminar,39,Desserts
393105,Central Bangalore,Bangalore,Yumlane Pizza,300,3.9,100,Vasantha Nagar,45,Pizzas
386742,Navrangpura,Ahmedabad,Ashapura Bhojanalay,300,4.1,100,Navrangpura,33,Indian
386270,Nungambakkam,Chennai,Darjeeling Cafe,300,4.4,100,Nungambakkam,54,Fast Food
384978,Central Kolkata,Kolkata,Calcutta Calling,300,4.1,100,Central Kolkata,53,Chinese
383287,Lake Town,Kolkata,Kbc-Kolkata Biryani Co,300,3.7,100,Lake Town,83,Biryani
382138,Dumdum,Kolkata,Ebowl,300,4.3,100,Dumdum,69,Biryani
381638,South Kolkata,Kolkata,Little Asia,300,4.5,100,Alipore,73,Chinese
381460,Jadavpur,Kolkata,Shandar Chinese Kitchen,300,4.4,100,Jadavpur,88,Chinese
378469,North Dumdum,Kolkata,Dumghan,300,4.5,100,North Dumdum,81,Biryani
378205,Annanagar,Chennai,The Asian Hive,300,4.3,100,Annanagar,63,Chinese
377176,Nehru Stadium Dark Kitchen Metro Manor Sydenhams,Chennai,Wow! Momo,300,4.2,100,Sydenhams Road,30,Tandoor
376665,Sarvodaya Colony,Hyderabad,The Mirchiesz,300,3.8,100,Kothapet & Dilsukhnagar,74,Chinese
376664,Bhowanipore,Kolkata,Sharma Snacks Centre,300,4.4,100,Central Kolkata,46,Snacks
376491,Kilpauk,Chennai,London Dessert Co,300,3.8,100,Kilpauk,40,Desserts
376487,Washermanpet,Chennai,Hotel Pandian,300,3.7,100,Washermenpet,61,Biryani
376161,Anna Nagar,Chennai,Chinese Wox,300,4.6,100,Annanagar,68,Chinese
376069,Annamalai Colony,Chennai,The Chinese Mealbox (Cmb),300,4,100,Vadapalani,88,Chinese
375776,Anna Nagar,Chennai,Biggies Burger,300,4.1,100,Annanagar,70,Fast Food
374134,Alwarpet,Chennai,Bread And Chocolate,300,4.6,100,Alwarpet,65,Snacks
372208,Rohini,Delhi,Moonmoon - Juicy Crustwiches,300,4.3,100,Rohini,40,Fast Food
370128,Golpark,Kolkata,Breads And Curries,300,4.3,100,South Kolkata,78,Bengali
369743,Kilpauk,Chennai,Fusion Kitchen,300,4.3,100,Annanagar,60,Chinese
369642,Jayanagar,Bangalore,Basaveshwar Khanavali,300,4.2,100,Jayanagar,48,Indian
369509,New Nallakunta,Hyderabad,Kung Pao Kitchen,300,4.1,100,Himayath Nagar,34,Chinese
369228,Paschim Vihar,Delhi,Brown Munde,300,4.3,100,Paschim Vihar,53,Chinese
369124,Perambur,Chennai,Cake Feast,300,4.4,100,Kolathur,68,Desserts
367733,Chembur,Mumbai,Jeden The Cake Expert,300,4.2,100,Scruz Bandra East,43,Desserts
367042,Khar West,Mumbai,Nityam Food Court,300,4.3,100,Bandra West,56,Snacks
366834,Himayatnagar,Hyderabad,Mohammedia Shawarma,300,3.8,100,Himayath Nagar,31,Arabian
365222,Rajajinagar,Bangalore,Green Chilly,300,4.3,100,Malleshwaram,62,Chinese
365132,Kurla,Mumbai,Kwality Walls Frozen Dessert And Ice Cream Shop,300,4.7,100,Kurla,29,Desserts
362752,Ejipura,Bangalore,Sugo,300,4,100,Koramangala,60,Italian
361497,Vishrantwadi,Pune,Chinese Culture,300,3.8,100,Vishrantwadi,71,Chinese
359557,Rt Nagar,Bangalore,Armani Kitchen,300,3.9,100,Basaveshwaranagar,53,Chinese
356575,Rohini,Delhi,Momo Magic Cafe,300,4.3,100,Rohini,40,Bengali
356479,Balavinayagar Nagar,Chennai,Ambur Biriyani Since 1967,300,3.9,100,Arumbakkam,55,Biryani
356297,Tollygunge,Kolkata,Momo Raja,300,4.5,100,Jadavpur,88,Chinese
355179,Chembur,Mumbai,Canteen Central - Burgers Pastas And More,300,4,100,Khardeo Nagar,50,American
353754,Dum Dum,Kolkata,Foodjet,300,4.3,100,Dumdum,75,Indian
353709,Navrangpura,Ahmedabad,Marky Momos,300,4.1,100,Navrangpura,40,Chinese
350532,Anna Nagar,Chennai,Virudhunagar Poricha Parotta,300,3.8,100,Annanagar,67,Biryani
349801,Tagore Garden Extension,Delhi,Sardar Ji Family Restaurant (Raja Garden),300,4.2,100,Rajouri Garden,73,Punjabi
343432,Sector 16 Rohini,Delhi,Chinese Veg Crunch,300,4,100,Rohini,49,Chinese
341500,Chembur,Mumbai,99 Pancakes,300,4.1,100,Chembur,46,Desserts
336146,Anna Nagar,Chennai,Alibaba Shawarma And 40 Dishes,300,4.1,100,Annanagar,61,Arabian
335152,Anna Nagar,Chennai,Hakka Xpress (Chinese),300,4.3,100,Annanagar,71,Chinese
335044,Adajan Patiya,Surat,Mid Night Chinese,300,4.2,100,Adajan,47,Chinese
332843,Kodambakkam,Chennai,Kebabistaan,300,3.8,100,Kodambakkam,70,Biryani
332633,Uppal,Hyderabad,Urban Orient Express,300,3.6,100,Uppal,72,Chinese
332629,Uppal,Hyderabad,Marrakesh,300,3.8,100,Uppal,72,Biryani
331930,Santacruz East,Mumbai,Biryanishah,300,3.8,100,Scruz Bandra East,43,Biryani
330456,Toli Chowki,Hyderabad,Sounds Cheesy,300,4.1,100,Tolichowki,73,Indian
330061,Jodhpur Village,Ahmedabad,Rajasthani Tadka,300,4.5,100,Prahlad Nagar,49,Indian
329149,Koramangala,Bangalore,Imperio Restaurant,300,3.9,100,Koramangala,56,Biryani
328971,Koramangala,Bangalore,Chuckling Chinese,300,4.1,100,Koramangala,63,Chinese
328099,Koramangala,Bangalore,Ancient Chinese House,300,4.1,100,Koramangala,62,Chinese
324495,Bhowanipore,Kolkata,Krazzy For Waffle,300,3.7,100,Central Kolkata,62,Desserts
323355,Golpark,Kolkata,Wok It Up,300,4,100,South Kolkata,75,Chinese
322089,Koregaon Park,Pune,Rocket Momos,300,4.5,100,Koregaon Park,44,Chinese
318240,Andheri East,Mumbai,Al Baik.Com,300,4.1,100,Marol Maroshi Road,59,Snacks
317975,Nagerbazar,Kolkata,Simla Hotel And Restaurant,300,4.3,100,Chinar Park,77,Indian
313301,Banjara Hills,Hyderabad,The Dessert Zone,300,4.1,100,Banjara Hills,63,Snacks
311569,Lake Gardens,Kolkata,Bubai Kochuri Center,300,4.3,100,Jadavpur,72,Snacks
308400,Ambawadi,Ahmedabad,The Bakers Dozen,300,4.4,100,Ambawadi,27,Snacks
308352,Himayatnagar,Hyderabad,Waffle Studio,300,3.6,100,Himayath Nagar,36,Snacks
306341,Alwarpet,Chennai,"Les	Amis",300,4.5,100,Alwarpet,61,Italian
305761,Vastrapur,Ahmedabad,Tuli'S Royal Bengal,300,3.8,100,Sandesh Press Roadbodakdev,47,Bengali
304826,Bidhannagar,Kolkata,Fusion Pavilion,300,4,100,Salt Lake,71,American
304501,Domlur,Bangalore,The Baker'S Dozen,300,4.3,100,Indiranagar,48,Snacks
303548,Koramangala,Bangalore,Ajji Ruchi Kitchen,300,4.1,100,Koramangala,57,Indian
301126,Andheri East,Mumbai,Foodpost,300,4.1,100,Andheri East,46,Chinese
299951,Taltala,Kolkata,New Noodle King,300,4,100,Esplanade,53,Chinese
294413,Vesu,Surat,Star Sea Food Centre 2,300,4.2,100,Katargam,60,Indian
292776,Mylapore,Chennai,Bread Boutique By Brew Room,300,4.3,100,Mylapore,55,Snacks
290553,Santacruz East,Mumbai,Oh Soy,300,4.1,100,Scruz Bandra East,46,Chinese
264240,Ashok Nagar,Bangalore,Wow! China,300,3.7,100,Church Street,37,Tandoor
262276,Himayatnagar,Hyderabad,Gabru Di Chaap,300,3.9,100,Himayath Nagar,35,Fast Food
259841,Lake Town,Kolkata,Kathi Junction,300,4.2,100,Lake Town,68,Indian
259063,Narayanguda,Hyderabad,Starboy Pizza & Shakes,300,3.6,100,Old Mla Quarters Road,36,Pizzas
258968,Burrabazar,Kolkata,Machhli Baba Fries,300,4.3,100,Burrabazar,46,Bengali
257776,Bhowanipore,Kolkata,The Noodle Street,300,4.1,100,South Kolkata,67,Chinese
257581,Salt Lake,Kolkata,Chilli Flakes,300,4,100,Salt Lake,57,Chinese
252782,Koramangala,Bangalore,Aramane Donne Biriyani,300,4.3,100,Koramangala,49,Indian
249957,Beleghata,Kolkata,Rosoighorer Rohosyo,300,4.2,100,Kankurgachi,59,Bengali
248512,Narayanguda,Hyderabad,Miami Shakes & More,300,3,100,Old Mla Quarters Road,31,Bengali
247502,Andheri East,Mumbai,Instawich,300,4.3,100,Marol Sakinaka,49,Fast Food
246536,East Kolkata Township,Kolkata,House Of Bhukkars,300,4.4,100,Kasba Kolkata,84,Chinese
246268,George Town,Chennai,Hotel Prayag,300,3.9,100,George Town,37,Indian
245821,Kothrud,Pune,Zillionth Bistro,300,4.3,100,Kothrud,52,Chinese
241381,Uppal,Hyderabad,Seema Ruchulu,300,3.6,100,Uppal,65,Indian
240758,Madannapet Colony,Hyderabad,Rumaan Restaurant,300,4,100,Santoshnagar & Saidabad,44,Biryani
240435,Kilpauk,Chennai,Hungsters,300,4.2,100,Landons Road,52,Fast Food
231669,Himayatnagar,Hyderabad,Cheesiaano Pizza,300,4,100,Vivek Nagar Chikkadpally,34,Italian
226432,Kothrud,Pune,Wow! China,300,3.9,100,Karishma Chs,51,Tandoor
217836,Santacruz,Mumbai,Canteen Central - Burgers Pastas And More,300,4.2,100,Scruz Bandra East,41,American
210945,Shivaji Nagar,Bangalore,Royal Restaurant,300,3.8,100,Central Bangalore,38,Chinese
209502,Kurla,Mumbai,The Kitchen  (Chinese & Grills),300,4.2,100,Chembur,39,Chinese
205226,Shyamal,Ahmedabad,R.K. Maggi Pasta And Coffee Bar,300,4.3,100,Prahlad Nagar,44,Fast Food
204010,Antop Hill,Mumbai,Mini Punjab,300,3.9,100,Sion Bhakti Park,54,Chinese
202182,Ballygunge,Kolkata,Adil Biryani Restaurant,300,4.2,100,Central Kolkata,56,Biryani
197699,Annamalai Colony,Chennai,Yakebab - Charcoal Grilled Treat,300,4.2,100,Vadapalani,77,Arabian
196512,Bidhannagar,Kolkata,The Melbourne Cafe,300,4.3,100,Salt Lake,52,Snacks
186873,Sector 8 Rohini,Delhi,Patiala Shahi Kitchen,300,4.1,100,Rohini Sector 8,36,Indian
184748,Beniapukur,Kolkata,Anokha Baghicha,300,3.9,100,Esplanade,51,Indian
182585,Alwarpet,Chennai,Havmor,300,4.7,100,Alwarpet,55,Desserts
181115,Amberpet,Hyderabad,Good Lands Restaurant,300,4.2,100,Tarnaka Nacharam & Malkajigiri,60,Biryani
179457,Ghatkopar East,Mumbai,Agrawals Juice And Fast Food Centre,300,4.7,100,Ghatkopar East,41,Fast Food
176412,Wanowrie,Pune,Churro Mania,300,4.6,100,Salunke Vihar,71,Desserts
153039,Surat,Surat,Tawakal Biryani Center,300,3.8,100,Chowk Bazar,34,Fast Food
152271,Himayatnagar,Hyderabad,Asian Pizzeria,300,3,100,Nallakunta & Vidyanagar,41,Fast Food
147225,Adajan,Surat,Pizza Village,300,4,100,Eon Square,47,Pizzas
134552,Athwa,Surat,Amdavadi Tawa Fry,300,4.4,100,Nr Floral Garden,56,Fast Food
122746,Dum Dum,Kolkata,A1 Haji Fast Food Centre,300,4.2,100,Near Laxmi Narayan Mandir Dum Dum,72,Biryani
121512,South Dumdum,Kolkata,Combo.Com,300,3.9,100,Baguihati,81,Chinese
120088,Golpark,Kolkata,Momo World,300,3.8,100,Keyatala,75,Tandoor
113377,Amberpet,Hyderabad,Hotel Mukrram,300,4.1,100,Turab Nagar,43,Biryani
111518,Kurla West,Mumbai,Kurla Juicy Hut,300,4.1,100,Kurla,35,Bengali
98817,Annanagar East,Chennai,Chennai Rawther,300,3.9,100,Anna Nagar East,64,Biryani
97413,Paikpara,Kolkata,Abar Bangali,300,3.8,100,Sarba Khan Road Kolkata,66,Bengali
93152,Adajan,Surat,Bhai Bhai Omelette,300,4.3,100,B/S Bhulka Bhawan School,38,Biryani
91215,Ballygunge,Kolkata,Beefy Affair,300,4,100,Bright Street Park Circus Area,68,Tandoor
90911,Chennai,Chennai,Chennai Rawther Biriyani,300,4.2,100,Koyambedu,76,Chinese
83528,Rohini,Delhi,Canteen Central - Burgers Pastas And More,300,4,100,Rohini,33,American
82089,Khanpur,Ahmedabad,Mirza Fry & Chinese,300,4.2,100,Lal Darwaja,39,Indian
81650,Old Washermanpet,Chennai,Taj Multi Cuisine Restaurant,300,3.9,100,Royapuram,63,Indian
79850,Chembur,Mumbai,Greens N Leans,300,4.1,100,Chembur,42,Fast Food
77726,Bhowanipore,Kolkata,Little Pleasures,300,4.6,100,Near Hagen Daz,54,Snacks
71392,Pitam Pura,Delhi,Bobby Punjabi Rasoi,300,4.2,100,Pitampura,53,Indian
69992,Piplod,Surat,Ministry Of Eggs,300,3.8,100,Safal Square Vesu,60,Fast Food
66229,Ballygunge,Kolkata,Mom'S Breakfast Magic By Adele,300,4.5,100,Near Milli Primary School,60,Fast Food
66166,Piplod,Surat,Masala Canteen,300,4.1,100,International Business Center,63,Indian
62456,Amberpet,Hyderabad,Bakers 'Q',300,4,100,Shivam Road,44,Snacks
61607,Ballygunge,Kolkata,Purple Haze,300,4,100,Near Park Circus Primary School,65,Chinese
61238,Paschim Vihar,Delhi,For God'S Cake,300,3.9,100,Paschim Vihar,46,Snacks
58955,Sion,Mumbai,Koliwada Chicken & Fish Fry Corner,300,3.4,100,Sion,46,Indian
53211,Kothrud,Pune,Kimaya Veg Restaurant,300,4.3,100,Kothrud,45,Chinese
50138,Thousand Lights,Chennai,Old Madras Baking Company,300,4.6,100,Khader Nawaz Khan Road,37,Snacks
46460,Triplicane,Chennai,Rizwan Biriyani And Kabab Center,300,4.1,100,Royapettah,34,Biryani
45830,Shivajinagar,Pune,The Quick Wok,300,4,100,Shivajinagar,38,Chinese
45761,Jayanagar,Bangalore,Chung Wah Opus,300,3.8,100,Jayanagar East,47,Chinese
42116,Paldi,Ahmedabad,Amdos Kitchen,300,4.4,100,Paldi,30,Tandoor
41471,Saki Naka,Mumbai,Wow! Momo,300,4,100,Phoenix Marketcity Mall Lbs Road,49,Tandoor
41306,Chembur,Mumbai,Red Spice,300,4,100,Chembur,50,Chinese
39522,Andheri East,Mumbai,New Food Inn,300,4,100,Marol,47,Indian
39325,Malakpet,Hyderabad,The Royal Palace,300,3.9,100,Chaderghat,36,Chinese
38773,Ellisbridge,Ahmedabad,Cafe Coffee Day,300,4.4,100,Inside Hari Om Towers,32,Bengali
35954,Bidhannagar,Kolkata,Chin Thai,300,4.2,100,Near Sec V Pantaloons,83,Chinese
34803,Kurla,Mumbai,Waffles & More,300,4.3,100,Chembur,40,Desserts
33434,Nungambakkam,Chennai,Ponnusamy Hotels,300,4,100,Jaganthan Road,54,Tandoor
33212,Chembur,Mumbai,The J,300,4.4,100,Chembur,45,American
33093,Paikpara,Kolkata,Ice & Spice,300,3.9,100,Near Satyanarayan Mistana Bhandar,66,Indian
32724,Koregaon Park,Pune,The Burger House,300,4,100,Koregaon Park,56,American
31993,Broad Street,Kolkata,Prity'S Kitchen,300,4.2,100,Broad Street,60,Chinese
28376,Egmore,Chennai,City Sqaure Cafeteria,300,4,100,Casa Major Road,33,Arabian
27274,Ashok Nagar,Pune,Symphony,300,4.6,100,Shivaji Nagar,49,Indian
24004,Aundh,Pune,Cafe Old Skool,300,4.7,100,Chaitraban Residency,61,Desserts
22382,Lullanagar,Pune,Arkie'S Born Bakers,300,4.4,100,Bibvewadi,62,Fast Food
20812,Andheri East,Mumbai,Sai Fast Food & Chinese Corner,300,4.1,100,Marol Andheri East,56,Chinese
19228,Paschim Vihar,Delhi,Sunil Momos.Com,300,3.3,100,Paschim Vihar,52,Fast Food
18518,Machuabazar,Kolkata,Wow! Momo,300,4.3,100,Girish Park,38,Tandoor
18360,Elgin,Kolkata,Little Pleasures - Loudon Street,300,4.6,100,Near La Martiniere School,48,Desserts
18049,Delhi,Delhi,Giri Momos Centre & Chinese Fast Food,300,3.9,100,Rajasthali Market,46,Chinese
18012,Basheer Bagh,Hyderabad,Cafe Coffee Day,300,4.1,100,Sri Siva Rama Towers,40,Bengali
15083,Wadgaon Sheri,Pune,The Bohemian Kitchen,300,4.5,100,Opposite Water Tank Tempo Chowk Wadgaon Sheri,73,American
11929,Chembur,Mumbai,Blisss,300,4.3,100,Central Avenue Road,43,Desserts
10502,Visharant Wadi,Pune,Afc American Fried Chicken,300,4,100,Vishrantwadi Chowk,65,Fast Food
9415,Ashok Nagar,Bangalore,Smoor,300,4.3,100,1Mg Road,49,Desserts
9104,Vasanth Nagar,Bangalore,Rolls On Wheels,300,4.3,100,Cunnigham Road,38,Fast Food
8708,Esplanade,Kolkata,Lazzat,300,4.1,100,Pearl Road Lower Range Beck Bagan,50,Chinese
7415,Aundh,Pune,Delhi Kitchen,300,4,100,Dp Road,69,Tandoor
5893,Shankarapura,Bangalore,Polar Bear,300,4.5,100,Vv Puram,38,Desserts
4810,Banjara Hills,Hyderabad,Sitara Grand - Nizami Pakwaan,300,3.6,100,Road No 12,62,Biryani
4338,Fc Road,Pune,The Burger Barn Cafe,300,4.1,100,Ghole Road,46,American
4256,Kothapet,Hyderabad,Nakshatra Inn Multi Cuisine Restaurant,300,3.8,100,Lakshmi Nagar Colony,52,Biryani
3914,Karkhana,Hyderabad,Oh So Stoned,300,3.9,100,Vikrampuri Colony,68,Desserts
3207,Pulikeshi Nagar,Bangalore,Pathaan Sir,300,4.2,100,Coles Road,47,Fast Food
2843,Ashok Nagar,Bangalore,Tadka Singh,300,4.2,100,Church Street,38,Punjabi
1884,Powai,Mumbai,Hakka Express,300,4,100,Narayan Plaza,48,Chinese
211,Koramangala,Bangalore,Tandoor Hut,300,4.4,100,5Th Block,59,Biryani
404496,Prashant Vihar,Delhi,Veer Ji Malai Chaap Wale  Prashant Vihar,200,3.6,100,Rohini,47,Indian
398747,Malleshwaram,Bangalore,Sri Sai Ram Chats And Juice Centre,200,4.1,100,Malleshwaram,60,Snacks
393310,Lake Town,Kolkata,Bika,200,3.7,100,Golaghata Road,66,Indian
388268,Vikaspuri,Delhi,Aggarwal Sweets,200,3.8,100,Janakpuri,74,Snacks
385379,Chembur,Mumbai,Bangalore Iyangar S Bakery,200,4.7,100,Chembur,45,Snacks
377381,Ghatkopar Vikhroli,Mumbai,Anhad Misal,200,3.8,100,Ghatkopar Vikhroli,47,Fast Food
368340,Nava Vadaj,Ahmedabad,Patel Tiffin Service,200,4.1,100,Naranpura,53,Fast Food
326404,Mitul Square Piplod,Surat,Bake Master,200,3.8,100,Vesu,60,Pizzas
314456,Kothrud,Pune,Cakes N Cakes,200,3.8,100,Kothrud,58,Snacks
303951,Chembur,Mumbai,C Square Chat Cafe,200,4,100,Teen Talao,48,Snacks
303719,Erandwane,Pune,The Waffle Jar,200,3.8,100,Kothrud,49,Snacks
295057,Behala,Kolkata,"Rajdhani-The	Veg	Junction",200,4,100,Alipore,85,Indian
277174,Shukrawar Peth,Pune,Bapat Upahar Gruha,200,3.7,100,Swargate,34,Indian
276890,Kothrud,Pune,Sri Krishna Aanand Bhavan,200,4.4,100,New D P Road,64,Indian
271760,East Kolkata Township,Kolkata,Pabrai'S Fresh And Naturelle Ice Creams,200,4.8,100,Ruby Area,68,Desserts
258189,Rohini,Delhi,Great Indian Khichdi,200,4.3,100,Sector 7,33,Indian
255436,Koramangala,Bangalore,Chaat Street,200,4.2,100,Btm,58,Fast Food
251601,Kodambakkam,Chennai,Shakes And Desserts,200,3.9,100,Choolaimadu Near Basha Street,50,Desserts
228725,Tarnaka,Hyderabad,Sudarshan Reddy Pure Ghee Sweets,200,4.4,100,Tarnaka  Nacharam & Malkajigiri,51,Desserts
219602,Punjagutta,Hyderabad,Arya Bhavan Pure Veg,200,4.2,100,Nagarjuna Hills  Punjagutta,53,Indian
201877,Ghansi Bazaar,Hyderabad,Coffee Cream,200,4,100,Charminar,47,Bengali
197238,Shankarapura,Bangalore,The Belgian Waffle Co.,200,4.5,100,V V Puram,40,Desserts
195029,Behala,Kolkata,The Veg Dhaba,200,3.9,100,South Kolkata,89,Indian
194462,Naranpura,Ahmedabad,Prajapati Farali Khichdi Center,200,4.2,100,Naranpura,40,Snacks
175788,Ponniammanmedu,Chennai,Muhil Soup,200,4.3,100,2Nd Main Road Kumaran Nagar Peravalur,64,Snacks
175054,Kurla,Mumbai,Giani'S,200,4.5,100,Kurla,31,Desserts
164809,Parvat Patiya,Surat,Mahadev Dalbati,200,4.3,100,Magob,34,Fast Food
159263,Paldi,Ahmedabad,Kutchi King,200,4.1,100,Paldi,29,Fast Food
148766,Jam Bagh,Hyderabad,Temptations,200,4.4,100,Maharaj Gunj  Jam Bagh,31,Desserts
140399,Ashok Bhai- Citylight,Surat,Shree Sainath Fast Food- Ashok Bhai,200,4.3,100,City Light,38,Pizzas
136444,Vishal Nagar,Surat,Bismillah B Blast,200,4,100,Laxmi Enclave,52,Bengali
130098,Yoginagar Society,Surat,Gopal Chinese,200,3.9,100,Yogi Chowk,55,Chinese
125137,Sector 14 Rohini,Delhi,The Waffle Co.,200,4.2,100,Prashant Vihar,49,Desserts
121328,Singanpor,Surat,Thakkar'S- Hotel Jalaram Kathiyawadi,200,4.1,100,Nr D-Mart,52,Punjabi
121267,Vastrapur,Ahmedabad,Gajanand Pauva House,200,4.5,100,Vastrapur,38,Fast Food
121172,West Marredpally,Hyderabad,Sindh Sahib,200,4.5,100,Lic Colony,78,Indian
114318,Ambawadi,Ahmedabad,Tea Post,200,4.5,100,Ambavadi,32,Fast Food
110741,Himayatnagar,Hyderabad,Seeta Fruit Juice Centre,200,3.4,100,Himayath Nagar,37,Desserts
108343,Satellite,Ahmedabad,Chhaswala,200,4.6,100,Satellite,38,Bengali
99672,Vastrapur,Ahmedabad,Rudu Kathiawad,200,3.3,100,Vastrapur,47,Gujarati
96579,Hadapsar,Pune,Deepa'S Mess,200,4.4,100,Magarpatta,73,Indian
87290,Athwa,Surat,China Town -Chinese Food,200,4.2,100,City Light,35,Chinese
86488,Begampura,Surat,Nareshbhai Bhelwala,200,4.3,100,Dabholi Char Rasta,37,Snacks
84755,Ghansi Bazaar,Hyderabad,Mahalaxmi Tiffin Centre,200,4.2,100,Ghansi Bazaar,42,Indian
82668,Santacruz East,Mumbai,The Belgian Waffle Co.,200,4.5,100,Kalina,37,Desserts
78120,Kankurgachi,Kolkata,The Cake Xpress,200,4.3,100,Near Bandhan Bank,41,Desserts
68213,Memnagar,Ahmedabad,Shivam Snacks,200,4.1,100,Sola,40,Indian
66083,Athwa,Surat,Surtea,200,4.5,100,Anmol Complex Athwalines,44,Fast Food
65686,Athwa,Surat,Table Talk,200,4.3,100,City Light,38,Punjabi
64992,Athwa,Surat,Gangour,200,3.9,100,City Light,46,Fast Food
64609,Athwa,Surat,Desserts & More,200,4.1,100,City Light,31,Desserts
53310,Bhowanipore,Kolkata,Pabrai'S Fresh And Naturelle Ice Cream,200,4.8,100,Opposite Pepper Chino,57,Desserts
49083,Jogupalya,Bangalore,Popat,200,4.4,100,Doddaiah Layout Halasuru,48,Fast Food
46904,Chennai,Chennai,Maggevala Curly Cravings,200,4.1,100,Ormes Road,46,Fast Food
46280,Maninagar,Ahmedabad,Tummy Fillers,200,4,100,Jawahar Chowk,38,Fast Food
44304,Santacruz East,Mumbai,Vijay Stores,200,4.3,100,Scruz Bandra East,40,Snacks
43312,Chembur,Mumbai,Sind Pani Puri House,200,4.5,100,Chembur,43,Snacks
42220,Ambawadi,Ahmedabad,Ab Chai Pe Charcha,200,3.3,100,Paldi,45,Snacks
41307,Budh Vihar,Delhi,Btw,200,3.7,100,Budh Vihar,39,Fast Food
38824,West Mambalam,Chennai,Osb Hot & Chat,200,4.3,100,Lake View Road,77,Fast Food
37306,Kothrud,Pune,Waari Book Cafe,200,3.9,100,Kothrud,52,Desserts
37111,Ahmedabad,Ahmedabad,Baker'S Den,200,4.3,100,Panjra Pole,38,Snacks
36778,Gulbai Tekra,Ahmedabad,Vaibhav Restaurant,200,4.3,100,Ambavadi,37,Indian
36657,Ambawadi,Ahmedabad,The Belgian Waffle Co.,200,4.2,100,Panjra Pole,39,Desserts
35753,Navjivan,Ahmedabad,Karnavati Dabeli,200,4.1,100,Naranpura,35,Snacks
34387,Rohini,Delhi,Havmor Havfunn Ice Cream,200,4.6,100,Prashant Vihar,38,Desserts
28377,Kilpauk,Chennai,Mumbai Chatwala,200,4.4,100,Balfour Road,44,Snacks
23366,Sion,Mumbai,Agarwal Fast Food Pure Veg,200,4.2,100,Gtb Nagar,52,Fast Food
22501,Camp,Pune,Sujata Mastani,200,4.4,100,Rasta Peth,27,Desserts
20611,Sector 7 Rohini,Delhi,Giani'S,200,4.3,100,Rohini Sector 7 Sector 9 Main Road,33,Desserts
20338,Sadashiv Peth,Pune,Cad (M) Cad (B),200,4,100,Near Sp College,34,Bengali
20248,Ballygunge,Kolkata,Chatar Patar,200,4.3,100,Opposite Tivoli Court,65,Fast Food
19516,Kestopur Rabindrapally,Kolkata,Hungerpangs,200,4.1,100,Near Girish Park More,78,American
11255,Bandra East,Mumbai,Only Parathas ( Pure Veg ),200,4.3,100,Ramkrishna Paramhans Road,48,Fast Food
8694,Behala,Kolkata,Krishna'S The Vegetarian Paradise,200,4,100,Alipore,92,Fast Food
6535,Saki Naka,Mumbai,Mad Over Donuts,200,4.5,100,Pheonix Market City,46,Desserts
450654,Charminar,Hyderabad,Pista House Bakery Kotla,200,4.3,100,Charminar,46,Fast Food
436610,Camp,Pune,Irani Cafe,200,4.3,100,Camp,32,Snacks
429332,Egmore,Chennai,Simbox,200,4.4,100,Egmore,46,Indian
416537,Nallakunta & Vidyanagar,Hyderabad,Eat Neat,200,4.2,100,Nallakunta & Vidyanagar,41,Fast Food
416005,Kothapet & Dilsukhnagar,Hyderabad,Cakes11,200,4,100,Kothapet & Dilsukhnagar,64,Snacks
414648,Royapettah,Chennai,Warmoven Cake & Desserts,200,4.5,100,Royapettah,62,Snacks
413908,Royapettah,Chennai,Burger It Up,200,4.3,100,Royapettah,53,American
402710,Central Bangalore,Bangalore,Warmoven Cake & Desserts,200,4.2,100,Central Bangalore,46,Snacks
401197,Chembur,Mumbai,China Villa,200,4.1,100,Chembur,55,Chinese
396741,Shantinagar,Bangalore,Faasos,200,4.1,100,Residency Road,34,Chinese
393526,Annanagar,Chennai,Artinci - Indulge Guilt Free!,200,4.2,100,Annanagar,66,Desserts
392224,South Kolkata,Kolkata,Chowology,200,4.4,100,South Kolkata,66,Fast Food
386516,Nallakunta & Vidyanagar,Hyderabad,Thaaliyan By Phulkaas,200,3.8,100,Nallakunta & Vidyanagar,38,Indian
383615,Piplod,Surat,Chalu Momo,200,4,100,Piplod,58,Chinese
382537,Koramangala,Bangalore,Singh Da Punjabi Dhaba,200,3.8,100,Koramangala,54,Punjabi
381060,Chennai,Chennai,Fb Cakes Royapuram,200,4.1,100,Royapuram,62,Snacks
380346,A.S. Rao Nagar & Sainikpuri,Hyderabad,Sri Sai Ak Tiffin Centre,200,4.2,100,A.S. Rao Nagar & Sainikpuri,83,Indian
375855,Sector V Salt Lake,Kolkata,Slay Coffee,200,4.3,100,Sector V,70,Bengali
372994,Ponniammanmedu,Chennai,Lassi Shop - Kolathur,200,4.2,100,Perambur,66,Desserts
372200,Kurla,Mumbai,New Lajawaab Seekh Corner,200,4.3,100,Kurla,34,Indian
370009,Kothrud,Pune,Crazy Momos,200,4.5,100,Kothrud,49,Chinese
368585,Himayatnagar,Hyderabad,Burger Bros,200,4,100,Chikkadpally,33,Snacks
366927,Kurla,Mumbai,Taj King Shawarma,200,4.1,100,Kurla,28,Indian
366583,Gariahat,Kolkata,Tinni'S Kitchen,200,4.2,100,South Kolkata,69,Indian
365324,Aundh,Pune,Mh 12 Pavbhaji,200,4,100,Baner,64,Fast Food
364503,Bidhannagar,Kolkata,Harry'S Bistro,200,4.3,100,Salt Lake,68,Indian
363699,Punjagutta,Hyderabad,Om Sairam Hospitality Services,200,4.4,100,Begumpet,67,Indian
361647,Manicktala,Kolkata,Swad Restaurant,200,4.4,100,Burrabazar,41,Indian
361360,Bidhannagar,Kolkata,The Samosa Lab,200,4.5,100,Salt Lake,86,Snacks
358874,Huda Colony,Hyderabad,Annapurna Mess,200,3.7,100,Kothapet & Dilsukhnagar,50,Indian
358620,Shivajinagar,Pune,Cakezone,200,4.4,100,Shivaji Nagar,45,Desserts
357860,Karve Nagar,Pune,Breatato . Co,200,4,100,Kothrud,63,Snacks
356940,Sagrampura,Surat,Rooster(The Sunshine Foods),200,3.9,100,Athwa,45,Indian
354801,Matunga,Mumbai,Mumbai Bites,200,4,100,Matunga Wadala,54,Fast Food
352355,Kilpauk,Chennai,Pastry Maniaa,200,4.7,100,Annanagar,59,Desserts
347806,Powai,Mumbai,The Tangled Noodles,200,4.3,100,Chandivali  Andheri East,53,Chinese
343667,Egmore,Chennai,Burmese Tea House,200,3.9,100,Egmore,37,Snacks
343231,Bidhannagar,Kolkata,Galawat,200,4.3,100,Salt Lake,67,Biryani
343049,Ellisbridge,Ahmedabad,Yo Frankie,200,4.1,100,C G Road,33,Fast Food
340188,Anna Nagar,Chennai,Shawarma Kings,200,4.2,100,Annanagar,65,Arabian
340132,Erandwane,Pune,Mad Over Donuts,200,4.1,100,Erandwane,38,Desserts
338345,Annanagar East,Chennai,Fajz Biryani Biz,200,3.6,100,Annanagar,62,Biryani
337994,Gariahat,Kolkata,New Banglar Rannaghor,200,4,100,South Kolkata,78,Bengali
336053,Rohini,Delhi,Wendy'S,200,4.1,100,Sector 8,40,American
334648,Satellite,Ahmedabad,The Rookies Kitchen,200,4.3,100,Vastrapur,49,Snacks
333056,Gobra,Kolkata,Ambika Patisserie,200,4.4,100,Tangra,67,Desserts
331585,Santhome,Chennai,The Kati Roll Shop Express,200,3.9,100,Mylapore,70,Fast Food
331171,Narayan Peth,Pune,Ganesh Bhel-Swargate,200,4.4,100,Swargate,28,Snacks
330891,Narayanguda,Hyderabad,Rolls & Bowls By Feedx,200,3.5,100,Himayath Nagar,32,Fast Food
328944,Pitam Pura,Delhi,Giri Momos Wala,200,3.9,100,Nsp,47,Chinese
326092,Erandwane,Pune,Chopsticks And Pastas,200,4.3,100,Kothrud,48,Chinese
324200,Beleghata,Kolkata,Faasos - Wraps & Rolls,200,4.4,100,Beliaghata,53,Chinese
320960,Purasaiwakkam,Chennai,That Waffle Place!,200,4.5,100,Purasaiwakkam,49,Desserts
319428,Tagore Garden Extension,Delhi,China Hot & Hot,200,3.7,100,New Moti Nagar,66,Chinese
319012,Andheri East,Mumbai,Chinesezilla,200,4.1,100,Marol Sakinaka,41,Chinese
317948,Piplod,Surat,Bhojanam,200,4,100,Piplod,63,Chinese
316231,Kasba,Kolkata,Bake Me Good,200,4.4,100,Ruby Area,59,Snacks
313805,Behala,Kolkata,Krishna Chat Centre,200,3.7,100,Alipore,90,Fast Food
312662,Banjara Hills,Hyderabad,Cupcake Bliss Cake & Desserts,200,4.1,100,Banjara Hills,62,Desserts
311652,Chennai,Chennai,Fb Cakes,200,4.1,100,Egmore,45,Snacks
308509,Indiranagar,Bangalore,Zomoz - The Momo Company,200,4.2,100,Hoysala Nagar,55,Tandoor
307505,Kalighat,Kolkata,Tea Chai,200,4.2,100,South Kolkata,63,Bengali
305763,Vastrapur,Ahmedabad,Bong Sweet & Fast Food,200,3.9,100,Sandesh Press Roadbodakdev,48,Bengali
305472,Bidhannagar,Kolkata,Kuheli Rannaghar,200,4.2,100,Salt Lake,70,Indian
304403,Ghatkopar East,Mumbai,Hotel Navgraha (Tilak Nagar),200,4.4,100,Opp To Shopper Stopghatkopar,44,Chinese
303130,Nampally,Hyderabad,Hotel Shezan - Exhibition Ground,200,4.4,100,Gandhi Bhavan Exhibithion Ground,29,Indian
297861,Nacharam,Hyderabad,Tasty Dragon - Chinese Kitchen,200,4.2,100,Uppal,66,Chinese
297563,Abids,Hyderabad,Slay Coffee,200,4.1,100,Abids,40,Bengali
296855,Central Bangalore,Bangalore,Thalaivars Biryani,200,4.3,100,Central Bangalore,40,Biryani
295326,Nungambakkam,Chennai,Vel Chettinadu Hotel,200,4.2,100,Nungambakkam,47,Indian
293616,Gobra,Kolkata,Daily Bhoj,200,4,100,Tangra,72,Bengali
269001,Thousand Lights,Chennai,Chai Glass,200,3.9,100,Kannammai Building Anna Salai,52,Desserts
266388,Pulikeshi Nagar,Bangalore,The Thick Shake Factory,200,4.4,100,John'S Church Road,44,Bengali
265212,Indiranagar,Bangalore,Slay Coffee Bar,200,4.3,100,Hal 2Nd Stage,49,Bengali
264320,Himayatnagar,Hyderabad,The Waffle Co,200,4.1,100,Himayathnagar,33,Desserts
263383,Paschim Vihar,Delhi,Five Star Dhaba,200,3.8,100,Paschim Vihar,49,Punjabi
263353,Tollygunge,Kolkata,Khanti Bangali,200,3.9,100,Jadavpur,92,Bengali
255332,Taltala,Kolkata,Ichamotee,200,4,100,Esplanade,43,Bengali
252004,Vastrapur,Ahmedabad,Om Food Center - Vastrapur Lake,200,4.1,100,Vastrapur,44,Indian
248894,Taltala,Kolkata,New Arafat Restaurant,200,3.8,100,Esplanade,50,Indian
246946,Begumpet,Hyderabad,Cakes11,200,4,100,Banjara Hills,62,Snacks
240217,Kothrud,Pune,Dinewise,200,4.5,100,Kothrud,54,Indian
229288,Erandwane,Pune,Slay Coffee,200,4.3,100,Erandwane,40,Bengali
224426,Purasaiwakkam,Chennai,Faasos,200,4.2,100,Purasaiwakkam,46,Chinese
213935,Vijay Nagar Colony,Hyderabad,Roosterville,200,3.7,100,Santoshnagar & Saidabad,68,Indian
213654,Erandwane,Pune,Warmoven Cake & Desserts,200,4.3,100,Kothrud,51,Snacks
213643,Erandwane,Pune,Slurpy Shakes,200,4.4,100,Kothrud,47,Bengali
209917,Vasanth Nagar,Bangalore,Tata Cha Now Qmin,200,4.2,100,Cunningham Road,46,Bengali
205609,Tollygunge,Kolkata,New Banglar Rannaghar,200,4.1,100,Golf Gardens  Tollygunge,91,Chinese
205306,Kurla,Mumbai,Tibb'S Frankie (Tilak Nagar),200,4,100,Tilak Nagar,35,Fast Food
204535,Kasba,Kolkata,Sampa Snacks,200,3.9,100,Ruby Area,66,Chinese
197194,Lake Town,Kolkata,Denzong Delight,200,4,100,Lake Town,71,Chinese
191906,Sadashiv Peth,Pune,Rolls Mania,200,4.3,100,Swargate,34,Fast Food
175267,Anand Nagar,Surat,Laxmi Egg House,200,4,100,Ak Road,53,Fast Food
173261,Bhowanipore,Kolkata,Allen Kitchen Saveurs De Calcutta,200,4.2,100,Ward No.72,73,Fast Food
167503,Dhankawadi,Pune,Bowls Of China (B.O.C),200,3.9,100,Jagdamba Mata Mandir,61,Chinese
164383,Paikpara,Kolkata,Lalla Biryani Corner,200,4,100,Raja Mnindra Road,63,Biryani
163881,Kurla,Mumbai,The Netrik'S Joint,200,3.1,100,Kurla,44,Fast Food
162879,Wanwadi,Pune,Noble Bake House,200,4.4,100,Wanwadi Gaon,53,Snacks
162494,Sinthee,Kolkata,Box It Up,200,3.9,100,Kc Ghosh Rd Roy Para,78,Indian
156690,Taltala,Kolkata,Rayyan Biryani,200,3.2,100,Esplanade,42,Biryani
150802,Sector 13 Rohini,Delhi,Prashant Momos & Special Chinese Foods (Pure Veg),200,3.9,100,Rohini,52,Chinese
150384,Andheri East,Mumbai,Shawarma Street,200,4.2,100,Andheri East,52,Fast Food
150132,Ballygunge,Kolkata,Faasos - Wraps & Rolls,200,4.3,100,First Lane,61,Chinese
148131,Haripura,Surat,Bhavin Omlet Centre,200,3.9,100,Rampura,48,Fast Food
145240,Pathar Gatti,Hyderabad,Al Akbar Fast Food,200,4.2,100,Charminar,38,Chinese
135975,Sector 9 Rohini,Delhi,Wat-A-Burger! - India Ka Burger,200,4,100,Sector 7,30,Fast Food
131933,Maniktala Main Rd,Kolkata,Story Of Food,200,4.4,100,Kankurgachi,61,Bengali
130507,Perambur,Chennai,Lassi Nation,200,3.7,100,Peravallur,60,Bengali
129409,Saki Naka,Mumbai,Supreme Biryani,200,3,100,Marol Sakinaka,48,Biryani
128170,Bopodi,Pune,Mm Restaurant,200,4.2,100,Bopodi,55,Indian
127199,Royapettah,Chennai,Oh My Shawarma,200,4.4,100,Royapettah,47,Arabian
117031,Sayedpura,Surat,Spice Chinese Aloopuri-Khavsa,200,3.8,100,Rani Talav,50,Fast Food
103112,Powai,Mumbai,Ranjana'S Rannaghor - The Bengali Kitchen,200,4,100,Stanny Compound,47,Bengali
99341,Gopalapuram,Chennai,Cafe Clock,200,4.7,100,Royepettah,49,Bengali
96386,Shahpore,Surat,Favourite Pizza And Grill,200,4.3,100,Shahpore,38,Pizzas
94363,Vastrapur,Ahmedabad,Tuli'S Restaurant,200,3.9,100,Sandesh Press Roadbodakdev,48,Bengali
91758,Behala,Kolkata,Dough Knots,200,4.1,100,Roy Bahadur Road  Near Leather Company,87,Desserts
85218,Paschim Vihar,Delhi,Grills And Buns,200,3.8,100,Paschim Vihar,50,Fast Food
78172,Charminar,Hyderabad,House Of Milkshake,200,4.1,100,Inside Happy Mart,39,Desserts
74340,Himayatnagar,Hyderabad,Amantran Bengali Restaurant,200,4.1,100,Domalguda,41,Bengali
73980,Mohammed Wadi,Pune,Dessertto,200,4,100,Wanowrie,72,Snacks
70894,Dilsukhnagar,Hyderabad,Chinese By Sahadeva Reddy,200,4.2,100,Rd Number 35,39,Chinese
70400,Sector 8 Rohini,Delhi,Kc Restaurant,200,4.1,100,Rohini,39,Chinese
66666,Lakdikapul,Hyderabad,Stop N Go,200,4.3,100,P & T Officers Colony,48,Fast Food
65912,Piplod,Surat,Kathi Junction,200,4.2,100,Safal Square Vesu,55,Indian
61000,Teynampet,Chennai,Truffle Delight,200,3.9,100,Alwarpet,60,Snacks
58858,Kodungaiyur,Chennai,Madras Pizza,200,4.1,100,Sundaram Pillai,62,Pizzas
58090,Beleghata,Kolkata,Cakes  Phoolbagan,200,4.4,100,Beside Ghosh Brothers Sweet,39,Snacks
56627,Purasaiwakkam,Chennai,Chaicup,200,4.3,100,Briklyn Road,36,Bengali
56268,Punjagutta,Hyderabad,The Belgian Waffle Co.,200,4.5,100,Next Galleria Mall,66,Desserts
50060,Warje,Pune,Chicken Xperience By Venky'S (Warje),200,4.5,100,Warje,64,Fast Food
46092,T. Nagar,Chennai,Shaik Shack Shawarma,200,4.1,100,T Nagar,72,Fast Food
43727,Sector 13 Rohini,Delhi,Prashant Roll,200,4.1,100,Rohini Sector 13,45,Snacks
42885,Santacruz East,Mumbai,Rolls Mania,200,4.2,100,Scruz Bandra East - Mumbai,36,Indian
42031,Kolkata,Kolkata,Snackups,200,3.5,100,Beside Technopolis,71,Chinese
41247,Chembur,Mumbai,S P Burger,200,4.2,100,Chembur,42,Fast Food
40819,Punjabi Bagh,Delhi,Everest Momos & Chinese Fast Food,200,3.9,100,Punjabi Bagh,64,Chinese
39721,Ballygunge,Kolkata,Breakfast 4 U By Jharna'S Kitchen,200,4.5,100,Nex To Eurokids,62,Fast Food
37998,Tangra,Kolkata,Papa Chow,200,3.9,100,Near Bypass Dhaba,63,Chinese
37726,Paschim Vihar,Delhi,Waffle Lust,200,4,100,Bhera Enclave,49,Desserts
36670,Navrangpura,Ahmedabad,Azad Sweets & Restaurant,200,3.8,100,Navrangpura,33,Fast Food
35755,Navrangpura,Ahmedabad,R.K. Omlet Centre,200,4.3,100,Navrangpura,48,Fast Food
34147,Narayanguda,Hyderabad,K&C Bakers &Confectioners,200,4,100,Venkata Swamy Nagar,30,Snacks
32840,Powai,Mumbai,Aamchi Mumbai Snacks,200,4.2,100,Chandivali,46,Fast Food
32713,Adikmet,Hyderabad,Rammy Fast Food,200,4,100,Adikmet Main Road,35,Fast Food
32513,Sarvagnanagar,Bangalore,Mma Kabab & Rolls,200,4,100,Old Madras Road,49,Biryani
32263,Choolaimedu,Chennai,Hot Sandwich,200,4.3,100,Choolaimedu,61,Fast Food
28854,Koregaon Park,Pune,Cafe Rolls Inn,200,4.3,100,Kalyani Nagar,54,Fast Food
28416,Andheri East,Mumbai,Littoo - Pure Veg,200,4.2,100,Military Road,60,Snacks
24274,Kilpauk,Chennai,The Creams,200,4.4,100,Ormes Road,32,Snacks
24075,Dhankawadi,Pune,Cafe Momos,200,4.3,100,Katraj,66,Fast Food
20486,Wanowrie,Pune,Hite Bar,200,4.3,100,Wanowrie,64,Fast Food
19212,Delhi,Delhi,Sfc Soya Chaap ( Shalimar Bagh),200,4.1,100,Shalimar Bagh,64,Snacks
18828,Kondhwa,Pune,Cafe India,200,4.3,100,Nibm Kondhwa,70,Snacks
18808,Shaniwar Peth,Pune,Faasos,200,4.3,100,Shaniwar Peth,30,Chinese
17632,New Tippasandra,Bangalore,Waffle Magic,200,4.2,100,2Nd Stage,57,Bengali
17499,Santacruz East,Mumbai,Faasos,200,4.2,100,Kalina,35,Chinese
16498,Rajajinagar,Bangalore,Chickpet Donne Biriyani House,200,3.8,100,3Rd Stage,52,Indian
15846,Rohini,Delhi,Faasos,200,4.1,100,Sector 8,46,Chinese
10298,Sector 7 Rohini,Delhi,Chalte Firte Momos & Special Foods,200,3.8,100,Sector 7,36,Chinese
9344,Vadapalani,Chennai,King Sandwich,200,4.3,100,Kodambakkam,71,Fast Food
9035,Powaiandheri East,Mumbai,Forks And Spoons (Gourmet Chinese & Thai),200,4.1,100,Andheri East,48,Chinese
7674,Beleghata,Kolkata,Mama Mia! - Italian Ice Creams,200,4.7,100,Beleghata,34,Desserts
444297,Vastrapur,Ahmedabad,Chup Chaap,200,4.8,20,Vastrapur,52,Indian
442032,Koramangala,Bangalore,Keventers Ice Creamery,200,4.9,20,7Th Block,57,Desserts
437694,Vastrapur,Ahmedabad,First11 - The Punjabi Kitchen,200,4,20,Vastrapur,48,Indian
434567,Vastrapur,Ahmedabad,Wok Palace,200,4.2,20,Vastrapur,50,Chinese
429135,Maninagar,Ahmedabad,The House Of Momo'S,200,4.3,20,Maninagar,45,Tandoor
425092,Rohini,Delhi,Hariram Sweets,200,3.7,20,Rohini,47,Indian
418326,Kothrud,Pune,Aditri Veg Restaurant,200,3.9,20,Kothrud,53,Indian
414675,Vastrapur,Ahmedabad,Mahakal Pakodi Center,200,4.1,20,Vastrapur,39,Indian
403229,Ruby Area,Kolkata,Sri Krishna Hot Chips,200,4.4,20,Ruby Area,67,Indian
368709,South Kolkata,Kolkata,Gourmet Ice Cream Cakes By Baskin Robbins,200,4.3,20,Purna Das Road,58,Desserts
367659,Rohini,Delhi,The Brooklyn Creamery - Healthy Ice Cream,200,4.2,20,Rohini Rk,36,Desserts
347416,Egmore,Chennai,Tea Liteful,200,4.6,20,Egmore,40,Bengali
340288,Karve Nagar,Pune,Coffee Booth,200,4.4,20,Kothrud,48,Bengali
321807,Basavanagudi,Bangalore,Creams & Bites,200,5,20,Basavanagudi,50,Desserts
315333,George Town,Chennai,Howdy Chennai,200,3.7,20,Sowcarpet,49,Indian
312965,Egmore,Chennai,Havmor Havfunn,200,4.4,20,Egmore,33,Desserts
296965,Santacruz East,Mumbai,Sai Krupa Sandwiches & Snacks Centre,200,4.3,20,Bandra (East),46,Fast Food
288656,Anna Nagar,Chennai,A1 Chips Anna Nagar,200,4.4,20,Annanagar,62,Snacks
284045,Memnagar,Ahmedabad,Jalaram Parotha House - Townhallwala,200,3.7,20,Vastrapur,45,Fast Food
268334,Kilpauk,Chennai,Gosip,200,4.2,20,Nungambakkam,49,Italian
260791,Erandwane,Pune,Sundae Everyday Ice Creams,200,4.2,20,Kothrud,48,Desserts
251329,Khairtabad,Hyderabad,Babai Express,200,3.7,20,Lakdikapul,39,Snacks
232602,Chickpet,Bangalore,Chetty'S Corner,200,4,20,Kilari Road,51,Fast Food
231373,Raja Bazar,Kolkata,Janta Sweets,200,4.1,20,Burrabazar,45,Desserts
225926,Rustampura,Surat,Raj Food Corner,200,3.4,20,Rustampura,32,Bengali
215453,Srirampura,Bangalore,Maggi Mane,200,4.3,20,Majestic,52,Bengali
195424,Seshadripuram,Bangalore,Havmor Ice Cream Havfun Parlour,200,4.2,20,Serpentine Road Kumarapark,45,Desserts
195188,Anand Nagar,Pune,House Of Chole Bhature And Parathas,200,3.7,20,Nanded City,70,Chinese
188190,Shivajinagar,Pune,Gulp,200,4.9,20,Shivaji Nagar,37,Bengali
184704,Ghatkopar East,Mumbai,Dairy Don,200,4.8,20,Ghatkopar Vikhroli,43,Desserts
180348,Navrangpura,Ahmedabad,Mleko,200,3.5,20,Vijay Cross Road,45,Snacks
164198,Amroli,Surat,Amardeep Icecream & Juices,200,4.7,20,Amroli,56,Desserts
163361,Sadashiv Peth,Pune,The Cake & Cream Factory,200,4.2,20,Sadashiv Peth Tilak Road,38,Desserts
158413,Andheri East,Mumbai,The Mother'S Touch Rajasthani,200,3.5,20,Pream Nagar Sakivihar Road,62,Indian
157031,Haripura,Surat,Albela Cold Drink & Juice Center,200,4.4,20,Zampa Bazar,34,Desserts
154601,Narolgam,Ahmedabad,Apunka Adda,200,4.2,20,Isanpur,52,Snacks
